customerID,gender,SeniorCitizen,Partner,Dependents,tenure,PhoneService,MultipleLines,InternetService,OnlineSecurity,OnlineBackup,DeviceProtection,TechSupport,StreamingTV,StreamingMovies,Contract,PaperlessBilling,PaymentMethod,MonthlyCharges,TotalCharges,Churn
CUST-00000,Male,0,Yes,No,19,Yes,Yes,No,No,Yes,No,Yes,Yes,No,Month-to-month,Yes,Credit card (automatic),35.81,629.6,No
CUST-00001,Female,0,Yes,No,20,Yes,No,DSL,No,No internet service,No,No,Yes,Yes,Two year,No,Credit card (automatic),67.18,1375.83,No
CUST-00002,Male,0,No,Yes,45,Yes,Yes,Fiber optic,No,Yes,No,No internet service,Yes,No,Month-to-month,No,Mailed check,61.35,2549.5,No
CUST-00003,Male,0,Yes,Yes,1,Yes,Yes,Fiber optic,No,No internet service,Yes,No internet service,No internet service,Yes,Month-to-month,Yes,Bank transfer (automatic),72.72,70.47,No
CUST-00004,Female,0,No,No,29,Yes,No,No,No,Yes,No,Yes,Yes,Yes,Month-to-month,Yes,Bank transfer (automatic),82.03,2564.19,Yes
CUST-00005,Male,0,No,No,33,Yes,Yes,Fiber optic,Yes,No,No,Yes,No internet service,No,Two year,Yes,Credit card (automatic),71.15,2325.91,No
CUST-00006,Male,0,No,No,15,Yes,Yes,DSL,No,Yes,Yes,No,No,No,One year,Yes,Electronic check,84.03,1359.9,Yes
CUST-00007,Female,0,No,Yes,8,Yes,No phone service,Fiber optic,No,No,No internet service,No internet service,Yes,No,Month-to-month,Yes,Credit card (automatic),29.46,235.34,No
CUST-00008,Male,0,No,No,17,Yes,No phone service,Fiber optic,Yes,Yes,No,No,No internet service,No,Month-to-month,No,Electronic check,59.65,948.91,Yes
CUST-00009,Female,0,No,No,22,Yes,Yes,DSL,No internet service,Yes,No,No,Yes,Yes,Two year,No,Electronic check,68.9,1594.29,No
CUST-00010,Male,0,Yes,Yes,38,Yes,No phone service,DSL,No,No internet service,No,No,No,Yes,Month-to-month,Yes,Mailed check,27.9,1029.12,No
CUST-00011,Male,0,Yes,No,5,Yes,No,Fiber optic,Yes,No internet service,Yes,No,No internet service,No,Month-to-month,Yes,Electronic check,75.46,412.5,Yes
CUST-00012,Male,0,No,No,27,Yes,No phone service,Fiber optic,No internet service,No,No internet service,No internet service,Yes,No internet service,Month-to-month,No,Electronic check,74.32,1911.18,Yes
CUST-00013,Male,0,No,No,38,Yes,Yes,Fiber optic,Yes,No internet service,No internet service,No internet service,No internet service,No,Two year,No,Bank transfer (automatic),73.7,2981.04,No
CUST-00014,Female,0,Yes,No,61,No,Yes,Fiber optic,Yes,Yes,Yes,No,No internet service,Yes,Month-to-month,Yes,Mailed check,60.27,3671.96,No
CUST-00015,Female,0,No,Yes,42,Yes,No,No,Yes,No,No,Yes,No,No internet service,Two year,Yes,Mailed check,67.56,3031.68,No
CUST-00016,Female,0,Yes,No,26,No,Yes,Fiber optic,No,No,No internet service,No,No internet service,No internet service,Month-to-month,No,Bank transfer (automatic),26.99,657.25,No
CUST-00017,Male,0,No,No,35,Yes,No,DSL,Yes,No internet service,No,No,Yes,No,Month-to-month,No,Bank transfer (automatic),49.93,1794.27,No
CUST-00018,Male,0,Yes,Yes,10,Yes,Yes,Fiber optic,No internet service,No,No,Yes,No,No,Month-to-month,No,Bank transfer (automatic),51.91,478.94,No
CUST-00019,Female,0,Yes,No,17,Yes,Yes,DSL,No,No internet service,No internet service,No,No,No internet service,Month-to-month,No,Bank transfer (automatic),66.96,1207.87,No
CUST-00020,Male,0,No,Yes,32,Yes,Yes,DSL,Yes,No internet service,Yes,No,No,Yes,One year,Yes,Electronic check,36.96,1120.19,No
CUST-00021,Female,0,No,No,43,Yes,Yes,Fiber optic,No,No,No internet service,No,No,No,Month-to-month,No,Electronic check,26.39,1118.33,No
CUST-00022,Female,0,No,No,35,Yes,Yes,Fiber optic,No internet service,No,No internet service,No,No,Yes,Month-to-month,No,Mailed check,61.89,2233.72,No
CUST-00023,Male,0,No,No,69,Yes,No,No,No internet service,No internet service,Yes,No,No internet service,Yes,One year,Yes,Mailed check,49.56,3404.74,No
CUST-00024,Male,0,Yes,No,46,Yes,No,Fiber optic,Yes,No,No internet service,No,Yes,Yes,Month-to-month,Yes,Credit card (automatic),70.54,3425.84,No
CUST-00025,Female,0,Yes,Yes,9,Yes,No phone service,Fiber optic,No internet service,No,No internet service,No,Yes,Yes,Month-to-month,Yes,Electronic check,99.9,932.94,Yes
CUST-00026,Male,1,No,Yes,38,Yes,No,DSL,No,Yes,No,No internet service,No,Yes,One year,Yes,Credit card (automatic),70.78,2490.82,No
CUST-00027,Female,1,Yes,No,15,Yes,No,No,No,No,No internet service,Yes,Yes,No,Month-to-month,Yes,Electronic check,68.49,1083.54,Yes
CUST-00028,Female,0,Yes,No,4,Yes,No phone service,DSL,No,No,Yes,No internet service,Yes,No,Month-to-month,Yes,Mailed check,66.96,263.74,No
CUST-00029,Male,0,No,Yes,28,Yes,No,Fiber optic,No,No,No,No internet service,Yes,No internet service,Two year,Yes,Mailed check,63.24,1805.34,No
CUST-00030,Male,0,No,No,62,Yes,No,Fiber optic,No,No internet service,No,No,Yes,Yes,Month-to-month,Yes,Credit card (automatic),35.96,2103.14,No
CUST-00031,Male,0,No,No,26,Yes,Yes,No,No,No,No,No internet service,No internet service,No,One year,Yes,Electronic check,38.56,987.14,No
CUST-00032,Male,0,Yes,No,33,Yes,No phone service,DSL,Yes,No,No internet service,No,No,Yes,Month-to-month,No,Credit card (automatic),73.95,2595.15,No
CUST-00033,Female,0,Yes,No,14,No,Yes,Fiber optic,No,No internet service,No,Yes,Yes,No,Month-to-month,Yes,Mailed check,69.73,1059.44,Yes
CUST-00034,Female,1,No,No,28,Yes,No phone service,Fiber optic,No internet service,No,No internet service,No,No internet service,No internet service,Two year,No,Electronic check,91.03,2772.47,Yes
CUST-00035,Female,0,No,No,23,Yes,Yes,DSL,No,Yes,Yes,No internet service,No internet service,No,Two year,Yes,Credit card (automatic),28.71,686.75,No
CUST-00036,Female,1,Yes,Yes,55,Yes,No,Fiber optic,No,No internet service,No,No,No,No,Month-to-month,No,Mailed check,65.31,3289.54,No
CUST-00037,Female,0,No,Yes,70,Yes,Yes,DSL,Yes,No,Yes,No internet service,No internet service,No internet service,Month-to-month,No,Bank transfer (automatic),33.4,2311.18,No
CUST-00038,Female,0,No,No,47,No,No phone service,DSL,Yes,Yes,Yes,No,Yes,No,Two year,No,Bank transfer (automatic),55.64,2454.55,No
CUST-00039,Female,0,No,No,7,Yes,No,DSL,Yes,No internet service,No internet service,Yes,No,No,One year,Yes,Electronic check,92.18,670.76,Yes
CUST-00040,Female,0,Yes,Yes,47,No,No,DSL,No,No,No,No internet service,No,Yes,Month-to-month,Yes,Bank transfer (automatic),32.21,1411.34,No
CUST-00041,Male,0,Yes,No,15,No,Yes,Fiber optic,Yes,Yes,Yes,Yes,No,No,Two year,Yes,Mailed check,72.3,1188.09,Yes
CUST-00042,Male,0,No,Yes,31,Yes,No phone service,DSL,No,No internet service,No,No internet service,No,No,Two year,No,Credit card (automatic),72.75,2117.47,No
CUST-00043,Female,0,No,No,5,Yes,No,Fiber optic,Yes,Yes,No,Yes,Yes,No internet service,Month-to-month,Yes,Electronic check,93.58,426.04,Yes
CUST-00044,Male,1,Yes,No,4,Yes,Yes,Fiber optic,Yes,No,No internet service,No,Yes,No,Two year,No,Electronic check,61.83,264.31,Yes
CUST-00045,Female,1,No,No,62,Yes,No,DSL,No,No,Yes,No,No internet service,Yes,Month-to-month,No,Electronic check,67.07,3910.73,No
CUST-00046,Female,0,No,Yes,39,Yes,Yes,DSL,No,No,Yes,No internet service,Yes,No internet service,One year,No,Mailed check,58.61,2068.19,No
CUST-00047,Male,1,No,Yes,55,Yes,No,Fiber optic,No internet service,Yes,No,No,Yes,Yes,Month-to-month,No,Electronic check,53.79,2986.9,No
CUST-00048,Female,0,Yes,No,25,No,Yes,Fiber optic,No,No,No,Yes,No,Yes,Two year,Yes,Mailed check,89.75,2454.32,Yes
CUST-00049,Male,1,No,No,15,Yes,No,Fiber optic,No,No,No,No,No,No,Two year,Yes,Bank transfer (automatic),51.62,738.29,No
CUST-00050,Male,1,Yes,No,22,No,Yes,Fiber optic,Yes,Yes,Yes,No internet service,Yes,No,Two year,No,Electronic check,44.16,953.78,No
CUST-00051,Male,0,No,No,17,Yes,No,No,No,No internet service,No,Yes,No internet service,No,Month-to-month,No,Electronic check,56.65,912.43,Yes
CUST-00052,Male,0,No,Yes,71,Yes,Yes,No,No,Yes,Yes,No internet service,Yes,No,Month-to-month,Yes,Electronic check,76.41,5488.02,No
CUST-00053,Male,0,Yes,No,33,Yes,No,DSL,Yes,No internet service,No,No,Yes,No,Two year,No,Mailed check,48.74,1551.41,No
CUST-00054,Male,0,Yes,No,48,Yes,No,Fiber optic,No,No internet service,No internet service,No,Yes,No,Month-to-month,Yes,Electronic check,28.23,1379.8,No
CUST-00055,Female,0,No,No,46,Yes,No,Fiber optic,No,No,Yes,No,No,Yes,Month-to-month,Yes,Bank transfer (automatic),56.5,2587.58,No
CUST-00056,Male,0,Yes,No,30,Yes,Yes,DSL,Yes,No,Yes,No internet service,No,No internet service,Two year,No,Electronic check,64.45,2099.36,No
CUST-00057,Female,0,No,No,69,Yes,No,DSL,No,No,No,Yes,Yes,Yes,Two year,No,Bank transfer (automatic),42.42,3026.51,No
CUST-00058,Male,0,Yes,No,16,Yes,Yes,DSL,Yes,No,Yes,No internet service,Yes,No,Month-to-month,Yes,Credit card (automatic),64.87,1075.82,No
CUST-00059,Male,1,No,Yes,3,Yes,Yes,DSL,No,Yes,No,Yes,No,No internet service,Two year,Yes,Credit card (automatic),51.86,155.16,No
CUST-00060,Male,0,No,Yes,53,No,No phone service,DSL,Yes,Yes,No,No,No,Yes,One year,Yes,Electronic check,38.08,1938.78,No
CUST-00061,Male,0,Yes,Yes,47,Yes,Yes,DSL,No,No,No internet service,No,Yes,No,Month-to-month,No,Electronic check,57.77,2614.16,No
CUST-00062,Female,1,Yes,No,19,Yes,Yes,Fiber optic,No,No internet service,Yes,Yes,Yes,Yes,Month-to-month,Yes,Bank transfer (automatic),43.34,824.12,No
CUST-00063,Male,0,Yes,Yes,62,Yes,Yes,Fiber optic,Yes,Yes,No internet service,Yes,No,No,Month-to-month,Yes,Electronic check,67.21,3910.26,No
CUST-00064,Male,0,Yes,No,22,Yes,Yes,Fiber optic,Yes,Yes,No,No,Yes,No,Two year,Yes,Credit card (automatic),87.37,1780.83,Yes
CUST-00065,Female,0,No,No,18,Yes,Yes,Fiber optic,No internet service,No internet service,No internet service,No,Yes,No internet service,One year,No,Credit card (automatic),69.09,1211.87,No
CUST-00066,Female,1,Yes,No,11,No,Yes,DSL,No internet service,No internet service,No,No,No,Yes,Month-to-month,Yes,Bank transfer (automatic),38.39,391.08,No
CUST-00067,Female,1,No,No,14,No,No,Fiber optic,No,No,Yes,Yes,No,No internet service,Month-to-month,Yes,Electronic check,77.58,1027.63,No
CUST-00068,Male,0,No,No,52,Yes,Yes,DSL,No,No,No internet service,No,Yes,No,Month-to-month,No,Bank transfer (automatic),65.55,3432.48,No
CUST-00069,Male,0,No,No,50,Yes,Yes,DSL,No internet service,Yes,No,No internet service,No,No internet service,Month-to-month,No,Credit card (automatic),34.46,1822.97,No
CUST-00070,Male,0,No,Yes,46,Yes,No,No,Yes,No internet service,No,No,No,Yes,Two year,Yes,Credit card (automatic),78.73,3422.23,No
CUST-00071,Male,0,Yes,Yes,23,Yes,No,Fiber optic,No,No internet service,No,Yes,Yes,No,Month-to-month,Yes,Electronic check,78.34,1906.93,Yes
CUST-00072,Female,0,Yes,No,5,Yes,No,Fiber optic,No,Yes,Yes,Yes,Yes,No,Two year,No,Credit card (automatic),51.38,232.01,No
CUST-00073,Male,0,No,No,10,Yes,No,DSL,Yes,No,Yes,Yes,No,No internet service,Two year,No,Bank transfer (automatic),67.99,747.49,Yes
CUST-00074,Male,0,Yes,No,9,No,Yes,No,Yes,Yes,No internet service,No,No internet service,Yes,Month-to-month,Yes,Bank transfer (automatic),75.1,678.19,No
CUST-00075,Female,1,No,No,68,Yes,Yes,Fiber optic,No internet service,No,No,Yes,Yes,No,One year,No,Electronic check,61.81,4182.81,No
CUST-00076,Female,0,No,Yes,4,Yes,Yes,Fiber optic,No,Yes,No,Yes,Yes,Yes,Two year,No,Credit card (automatic),69.97,288.31,Yes
CUST-00077,Male,0,No,No,29,Yes,No,Fiber optic,No,No internet service,Yes,Yes,No internet service,No,Two year,Yes,Electronic check,74.77,2157.56,Yes
CUST-00078,Female,1,Yes,Yes,41,Yes,No,No,No,No,No internet service,No,No,Yes,One year,Yes,Mailed check,33.94,1365.94,No
CUST-00079,Male,0,Yes,No,28,No,Yes,No,No,No internet service,No internet service,Yes,No,Yes,Two year,Yes,Electronic check,21.76,593.56,No
CUST-00080,Male,0,Yes,No,49,Yes,No,DSL,No,No,Yes,No internet service,No,No,Month-to-month,Yes,Electronic check,40.78,2189.18,No
CUST-00081,Female,0,Yes,No,20,Yes,Yes,DSL,No,No,No,Yes,No,Yes,One year,Yes,Electronic check,68.69,1473.12,Yes
CUST-00082,Male,1,Yes,No,13,Yes,Yes,No,No,No,No internet service,Yes,No,Yes,Month-to-month,Yes,Credit card (automatic),38.32,498.4,No
CUST-00083,Male,0,Yes,No,62,Yes,No,DSL,Yes,Yes,No internet service,No,No,No internet service,Two year,No,Mailed check,54.78,3624.9,No
CUST-00084,Male,1,No,No,52,Yes,No,No,Yes,No,No,No,No internet service,Yes,Month-to-month,Yes,Electronic check,22.9,1107.23,No
CUST-00085,Female,0,Yes,No,7,Yes,Yes,Fiber optic,No internet service,Yes,No,No internet service,Yes,Yes,Month-to-month,No,Credit card (automatic),41.25,290.45,No
CUST-00086,Female,0,No,No,67,Yes,No,Fiber optic,No,No internet service,Yes,No,No,No,Month-to-month,Yes,Credit card (automatic),64.88,4303.64,No
CUST-00087,Female,0,No,No,13,Yes,No,DSL,No,No internet service,No,No,No internet service,Yes,Month-to-month,No,Credit card (automatic),26.26,329.42,No
CUST-00088,Male,0,Yes,No,43,Yes,No,No,Yes,No,No internet service,No,Yes,No,Two year,Yes,Bank transfer (automatic),62.89,2930.58,No
CUST-00089,Male,0,No,No,10,Yes,Yes,DSL,No,No internet service,Yes,No internet service,No internet service,No,Month-to-month,Yes,Mailed check,65.8,701.76,No
CUST-00090,Male,0,Yes,No,14,No,Yes,Fiber optic,No,Yes,Yes,Yes,Yes,Yes,Month-to-month,Yes,Electronic check,54.13,819.52,No
CUST-00091,Male,0,No,Yes,46,Yes,No,Fiber optic,No,Yes,No internet service,Yes,No,Yes,One year,Yes,Credit card (automatic),73.17,3456.84,No
CUST-00092,Female,0,Yes,No,49,Yes,Yes,Fiber optic,No,No,No internet service,No,No,Yes,Month-to-month,No,Electronic check,77.27,3692.5,No
CUST-00093,Female,0,Yes,Yes,49,Yes,Yes,DSL,No internet service,Yes,Yes,No internet service,No,Yes,Month-to-month,Yes,Electronic check,22.08,1137.49,No
CUST-00094,Male,0,Yes,No,25,Yes,Yes,DSL,Yes,No,Yes,No internet service,No internet service,No,Month-to-month,Yes,Mailed check,60.74,1399.62,No
CUST-00095,Female,0,No,No,59,Yes,No phone service,DSL,No,No,No,No,No,Yes,Month-to-month,Yes,Bank transfer (automatic),34.23,2162.18,No
CUST-00096,Male,0,No,Yes,4,Yes,No,No,No internet service,Yes,No internet service,No,No,No,Two year,Yes,Bank transfer (automatic),44.49,161.19,No
CUST-00097,Male,0,Yes,No,61,Yes,Yes,Fiber optic,No,No,Yes,No internet service,No,Yes,Month-to-month,No,Electronic check,57.39,3723.59,No
CUST-00098,Male,1,Yes,Yes,7,No,No,DSL,No,No internet service,Yes,No internet service,No internet service,No internet service,Month-to-month,Yes,Credit card (automatic),66.53,484.71,Yes
CUST-00099,Female,0,Yes,No,14,Yes,Yes,Fiber optic,No,No,No internet service,No,No internet service,No internet service,One year,No,Electronic check,79.16,1017.02,Yes
CUST-00100,Female,0,No,Yes,25,Yes,Yes,Fiber optic,No,No,No,Yes,No internet service,No internet service,One year,Yes,Electronic check,89.11,2070.47,Yes
CUST-00101,Female,0,No,No,5,Yes,No phone service,Fiber optic,No,No internet service,No,No,No internet service,No,Two year,No,Mailed check,93.37,462.4,Yes
CUST-00102,Male,0,No,No,24,Yes,No,DSL,No internet service,No,No,No,No,No internet service,Month-to-month,Yes,Mailed check,88.81,2046.13,Yes
CUST-00103,Female,0,Yes,No,59,Yes,No,DSL,No internet service,No internet service,No,No,Yes,Yes,Month-to-month,Yes,Credit card (automatic),27.02,1711.29,No
CUST-00104,Female,0,Yes,No,62,Yes,Yes,Fiber optic,No internet service,Yes,No,Yes,No internet service,No internet service,One year,No,Credit card (automatic),21.29,1238.89,No
CUST-00105,Male,0,Yes,No,17,No,No,No,No,Yes,Yes,No,Yes,No,Two year,No,Mailed check,51.79,865.83,No
CUST-00106,Female,0,Yes,No,37,Yes,Yes,Fiber optic,No,No,Yes,No internet service,Yes,Yes,One year,Yes,Mailed check,62.93,2216.87,No
CUST-00107,Male,0,Yes,No,25,Yes,Yes,DSL,No,No,Yes,No,No,No,One year,Yes,Electronic check,73.52,1700.95,Yes
CUST-00108,Female,0,Yes,No,37,Yes,Yes,No,No,No,Yes,Yes,No,No,Month-to-month,Yes,Electronic check,45.76,1611.76,No
CUST-00109,Male,0,Yes,No,27,Yes,Yes,Fiber optic,No internet service,Yes,Yes,No,No,No,Two year,Yes,Bank transfer (automatic),35.37,1023.75,No
CUST-00110,Female,0,No,No,1,Yes,Yes,Fiber optic,No,Yes,No internet service,No,No,No,Two year,Yes,Electronic check,54.03,56.36,No
CUST-00111,Male,0,Yes,No,66,Yes,Yes,DSL,No,No,Yes,No,No internet service,No,One year,No,Bank transfer (automatic),43.43,3103.85,No
CUST-00112,Female,0,Yes,No,22,Yes,Yes,No,Yes,Yes,No internet service,No internet service,No,No,Month-to-month,Yes,Mailed check,57.49,1240.82,Yes
CUST-00113,Female,0,No,Yes,33,Yes,Yes,DSL,Yes,No,No internet service,No,No internet service,Yes,Two year,No,Mailed check,20.26,633.87,No
CUST-00114,Female,1,Yes,Yes,8,Yes,No,Fiber optic,No internet service,Yes,No,No internet service,No internet service,No internet service,Month-to-month,No,Mailed check,39.29,284.54,No
CUST-00115,Male,0,No,No,28,Yes,No,Fiber optic,No,Yes,Yes,No internet service,No internet service,No,Two year,No,Electronic check,77.38,2164.54,Yes
CUST-00116,Male,0,Yes,No,34,Yes,No,Fiber optic,No,No,No internet service,No,No,Yes,One year,Yes,Mailed check,75.75,2338.41,No
CUST-00117,Male,0,Yes,Yes,47,Yes,Yes,DSL,No,No,No,No internet service,Yes,Yes,Month-to-month,No,Bank transfer (automatic),33.65,1424.75,No
CUST-00118,Male,0,Yes,Yes,19,Yes,Yes,No,Yes,No internet service,Yes,No,Yes,Yes,Month-to-month,Yes,Mailed check,50.74,984.25,No
CUST-00119,Female,1,Yes,No,53,Yes,No,Fiber optic,No,Yes,Yes,Yes,Yes,No,Two year,No,Electronic check,53.99,2669.65,No
CUST-00120,Female,0,Yes,No,28,Yes,No,Fiber optic,Yes,No,No internet service,No,No,Yes,Month-to-month,No,Mailed check,58.95,1670.33,No
CUST-00121,Female,0,Yes,No,18,Yes,Yes,DSL,No,No,No internet service,No,Yes,No,Month-to-month,No,Bank transfer (automatic),87.46,1597.43,Yes
CUST-00122,Female,0,Yes,Yes,39,Yes,Yes,DSL,No,Yes,Yes,Yes,Yes,No,Month-to-month,No,Credit card (automatic),25.97,1058.17,No
CUST-00123,Male,0,No,Yes,13,Yes,Yes,Fiber optic,No,Yes,Yes,No,Yes,Yes,Month-to-month,Yes,Credit card (automatic),75.28,955.77,No
CUST-00124,Female,0,No,Yes,2,No,Yes,DSL,Yes,No,No internet service,No,No internet service,No,Month-to-month,No,Credit card (automatic),77.17,160.67,No
CUST-00125,Female,0,Yes,Yes,10,Yes,Yes,Fiber optic,No,No,No internet service,No,No,No,Month-to-month,No,Credit card (automatic),46.29,450.49,No
CUST-00126,Male,0,No,No,12,Yes,Yes,DSL,No,No internet service,No,No,No internet service,No,One year,Yes,Mailed check,65.02,717.48,Yes
CUST-00127,Female,0,Yes,Yes,37,Yes,Yes,Fiber optic,No,No,Yes,Yes,Yes,Yes,One year,Yes,Credit card (automatic),21.74,773.81,No
CUST-00128,Female,0,No,No,71,Yes,No,Fiber optic,No internet service,Yes,Yes,No internet service,No,No,One year,Yes,Electronic check,22.83,1461.29,No
CUST-00129,Male,0,No,Yes,16,Yes,Yes,Fiber optic,No,No,No,No,Yes,Yes,One year,Yes,Credit card (automatic),24.6,390.64,No
CUST-00130,Male,0,Yes,No,5,Yes,Yes,DSL,No internet service,Yes,Yes,No,Yes,Yes,Month-to-month,Yes,Mailed check,64.32,337.06,No
CUST-00131,Male,1,No,Yes,14,Yes,Yes,Fiber optic,No,No,Yes,No,Yes,No,Two year,Yes,Electronic check,33.63,497.63,No
CUST-00132,Female,0,Yes,Yes,4,Yes,Yes,No,Yes,No internet service,Yes,No internet service,No,No internet service,Month-to-month,Yes,Bank transfer (automatic),96.67,365.96,Yes
CUST-00133,Female,0,No,No,15,No,Yes,Fiber optic,No,Yes,No,No,Yes,Yes,One year,Yes,Electronic check,20.5,283.25,No
CUST-00134,Male,1,Yes,No,8,Yes,No,Fiber optic,No,Yes,No,No,No,Yes,Two year,Yes,Bank transfer (automatic),58.36,437.51,Yes
CUST-00135,Female,1,Yes,No,69,Yes,Yes,DSL,No,Yes,No internet service,No,Yes,Yes,Month-to-month,Yes,Electronic check,44.32,3353.93,No
CUST-00136,Female,1,Yes,No,27,Yes,Yes,Fiber optic,No internet service,Yes,Yes,Yes,Yes,No,Month-to-month,Yes,Bank transfer (automatic),52.5,1364.23,No
CUST-00137,Male,0,No,No,46,Yes,No,DSL,No,Yes,No internet service,Yes,No internet service,No internet service,One year,Yes,Electronic check,54.74,2482.43,No
CUST-00138,Male,0,No,No,49,Yes,Yes,DSL,No,Yes,No,No,No internet service,No,Two year,Yes,Electronic check,47.47,2128.61,No
CUST-00139,Male,0,No,No,10,No,No,Fiber optic,Yes,No,No internet service,No internet service,Yes,No internet service,Month-to-month,Yes,Electronic check,47.57,503.23,No
CUST-00140,Female,0,No,No,18,Yes,Yes,DSL,Yes,No internet service,Yes,No,No internet service,No,Month-to-month,Yes,Mailed check,65.19,1161.33,No
CUST-00141,Female,0,No,Yes,30,Yes,No,Fiber optic,Yes,Yes,Yes,No,Yes,Yes,Month-to-month,Yes,Mailed check,37.37,1028.59,No
CUST-00142,Female,0,Yes,Yes,33,Yes,No,No,Yes,No,No,Yes,Yes,No,Two year,Yes,Electronic check,34.26,1124.46,No
CUST-00143,Male,0,Yes,Yes,1,Yes,Yes,Fiber optic,No,Yes,Yes,No,No,Yes,Month-to-month,No,Bank transfer (automatic),71.26,74.3,No
CUST-00144,Male,0,No,Yes,46,No,No,DSL,Yes,No,Yes,No,No,No,Month-to-month,Yes,Electronic check,61.36,2807.34,No
CUST-00145,Female,0,No,No,22,No,Yes,DSL,Yes,No internet service,No,No,Yes,Yes,Month-to-month,No,Mailed check,48.61,1169.65,No
CUST-00146,Female,0,Yes,No,23,Yes,No,Fiber optic,No,No,No,No,No,No,Month-to-month,No,Electronic check,36.52,902.4,No
CUST-00147,Male,0,Yes,Yes,43,No,No,Fiber optic,No internet service,No internet service,No,Yes,Yes,No,Two year,No,Mailed check,28.19,1215.76,No
CUST-00148,Male,1,No,Yes,68,No,No,Fiber optic,Yes,No internet service,Yes,No internet service,No internet service,No,Month-to-month,No,Electronic check,22.25,1646.3,No
CUST-00149,Female,1,No,No,9,Yes,No phone service,No,No,No,No internet service,No internet service,Yes,No internet service,Two year,Yes,Bank transfer (automatic),78.77,753.08,Yes
CUST-00150,Male,0,Yes,No,70,No,Yes,No,Yes,Yes,Yes,Yes,Yes,Yes,Month-to-month,No,Credit card (automatic),55.6,3789.46,No
CUST-00151,Female,0,No,No,30,Yes,Yes,Fiber optic,No internet service,No internet service,No,No internet service,Yes,No internet service,Month-to-month,No,Electronic check,22.75,719.55,No
CUST-00152,Male,1,No,No,9,Yes,Yes,DSL,No,No internet service,Yes,Yes,Yes,No,Two year,Yes,Mailed check,29.52,265.99,No
CUST-00153,Male,0,No,No,16,Yes,No,DSL,No,No,Yes,No,Yes,No internet service,Two year,Yes,Electronic check,36.77,592.92,No
CUST-00154,Female,0,No,Yes,25,Yes,No phone service,DSL,No,No,No,No,Yes,Yes,Month-to-month,Yes,Mailed check,35.78,898.19,No
CUST-00155,Female,0,No,No,22,No,No,Fiber optic,No internet service,Yes,Yes,No,Yes,Yes,Two year,Yes,Bank transfer (automatic),52.9,1234.48,No
CUST-00156,Male,0,Yes,No,15,Yes,No phone service,No,No,Yes,Yes,No,Yes,No internet service,Month-to-month,Yes,Mailed check,43.97,714.76,No
CUST-00157,Male,0,No,No,11,Yes,No,Fiber optic,No internet service,No,No internet service,No internet service,Yes,No,Month-to-month,Yes,Electronic check,72.93,773.27,No
CUST-00158,Female,0,No,No,14,Yes,Yes,No,No,No,No,No internet service,Yes,Yes,Two year,Yes,Electronic check,63.16,909.34,No
CUST-00159,Female,0,Yes,No,47,Yes,No,DSL,No,Yes,No internet service,Yes,Yes,Yes,Month-to-month,Yes,Electronic check,74.64,3598.17,No
CUST-00160,Female,0,Yes,Yes,35,Yes,No,Fiber optic,Yes,No,No internet service,No,No,No internet service,Month-to-month,No,Electronic check,71.77,2706.62,No
CUST-00161,Female,0,No,No,2,Yes,Yes,DSL,Yes,No,Yes,No internet service,No,Yes,One year,Yes,Credit card (automatic),73.79,146.02,Yes
CUST-00162,Female,0,No,Yes,41,Yes,No,Fiber optic,No,No internet service,No,No,Yes,No,Two year,Yes,Credit card (automatic),78.8,3030.59,No
CUST-00163,Female,0,Yes,Yes,2,Yes,No,DSL,Yes,No,No,No internet service,No,No,Month-to-month,No,Credit card (automatic),75.65,142.32,Yes
CUST-00164,Female,1,Yes,No,31,No,No,Fiber optic,Yes,No internet service,No internet service,No,No,No,Month-to-month,Yes,Bank transfer (automatic),32.58,919.34,No
CUST-00165,Male,0,No,Yes,23,Yes,Yes,No,Yes,Yes,No internet service,No internet service,Yes,No,Month-to-month,Yes,Mailed check,29.91,633.0,No
CUST-00166,Female,0,No,No,20,Yes,No,DSL,Yes,No internet service,Yes,No,No,No,Month-to-month,No,Credit card (automatic),57.69,1107.93,No
CUST-00167,Female,0,Yes,No,25,Yes,No,No,No,No internet service,No,No,No internet service,No internet service,Month-to-month,Yes,Electronic check,77.83,1791.09,Yes
CUST-00168,Female,0,No,No,20,Yes,No,DSL,Yes,No,No,Yes,No,No,Two year,No,Bank transfer (automatic),25.27,542.91,No
CUST-00169,Female,0,No,Yes,66,Yes,Yes,Fiber optic,No internet service,No,No,Yes,No,No internet service,Month-to-month,Yes,Bank transfer (automatic),69.26,4445.01,No
CUST-00170,Female,0,Yes,No,71,Yes,No,Fiber optic,Yes,Yes,Yes,No internet service,No,Yes,Two year,Yes,Electronic check,66.98,4630.48,No
CUST-00171,Male,1,Yes,Yes,25,Yes,No,DSL,No internet service,Yes,No internet service,No,Yes,No,Month-to-month,No,Electronic check,57.71,1517.05,No
CUST-00172,Male,0,Yes,No,66,Yes,Yes,Fiber optic,No,No,No,No,No internet service,No,Month-to-month,No,Bank transfer (automatic),46.14,2924.25,No
CUST-00173,Female,1,Yes,Yes,61,Yes,Yes,DSL,No,No,No,No internet service,No,No,Month-to-month,No,Mailed check,29.22,1859.13,No
CUST-00174,Male,0,No,No,6,Yes,Yes,Fiber optic,No,No,No internet service,No internet service,No,No,Two year,Yes,Electronic check,50.34,321.52,No
CUST-00175,Male,0,Yes,Yes,35,No,No,DSL,Yes,Yes,Yes,No,No internet service,No internet service,One year,No,Electronic check,29.55,1005.33,No
CUST-00176,Female,0,Yes,No,8,Yes,Yes,DSL,No,Yes,No,No internet service,No internet service,No,One year,No,Electronic check,75.05,597.74,Yes
CUST-00177,Female,0,Yes,No,30,Yes,No,DSL,Yes,Yes,No,Yes,No internet service,No,Month-to-month,Yes,Mailed check,38.6,1116.83,No
CUST-00178,Male,0,Yes,No,33,Yes,No,Fiber optic,No internet service,No internet service,No,Yes,No,No,One year,Yes,Mailed check,34.84,1132.05,No
CUST-00179,Female,1,Yes,No,36,Yes,No,DSL,No internet service,Yes,No internet service,Yes,Yes,No,Month-to-month,Yes,Mailed check,46.46,1699.57,No
CUST-00180,Male,1,No,No,49,Yes,No,DSL,No,No,Yes,Yes,No,No internet service,Month-to-month,No,Credit card (automatic),54.84,2606.35,No
CUST-00181,Female,0,No,Yes,26,Yes,No,DSL,No,No,No internet service,No internet service,No internet service,No internet service,Month-to-month,Yes,Mailed check,56.82,1466.72,Yes
CUST-00182,Female,1,No,No,23,Yes,Yes,DSL,No,No,No,No,Yes,Yes,One year,Yes,Electronic check,97.78,2247.24,Yes
CUST-00183,Male,1,No,No,18,Yes,No,DSL,No,Yes,No,No internet service,Yes,No,Two year,Yes,Bank transfer (automatic),20.35,331.47,No
CUST-00184,Female,1,No,Yes,17,Yes,No,Fiber optic,Yes,No internet service,No,No,No,No,One year,Yes,Mailed check,67.43,1069.2,Yes
CUST-00185,Female,0,No,No,7,Yes,Yes,Fiber optic,No,No,Yes,No,No,Yes,Month-to-month,No,Bank transfer (automatic),20.04,141.44,No
CUST-00186,Female,0,Yes,Yes,5,Yes,No,DSL,No,Yes,No,Yes,Yes,No,Month-to-month,Yes,Mailed check,33.0,148.59,No
CUST-00187,Male,1,Yes,No,9,Yes,No,DSL,No,Yes,No,No,Yes,No internet service,Month-to-month,No,Credit card (automatic),79.64,746.03,Yes
CUST-00188,Female,0,Yes,Yes,2,No,Yes,No,No,No internet service,Yes,No internet service,Yes,Yes,Month-to-month,Yes,Electronic check,89.69,193.93,Yes
CUST-00189,Male,0,No,No,20,Yes,Yes,No,Yes,No,Yes,No,No,Yes,Month-to-month,No,Electronic check,97.29,2044.87,Yes
CUST-00190,Male,0,Yes,No,70,Yes,Yes,No,No,No,No internet service,No,No,No internet service,Month-to-month,No,Bank transfer (automatic),63.57,4284.5,No
CUST-00191,Male,0,No,No,33,Yes,No,Fiber optic,No,No internet service,No,No internet service,Yes,No,Two year,Yes,Bank transfer (automatic),44.5,1453.77,No
CUST-00192,Male,0,No,Yes,29,Yes,No phone service,DSL,Yes,No internet service,No,No,No,No internet service,Two year,No,Mailed check,87.24,2606.22,Yes
CUST-00193,Male,0,No,No,27,Yes,No,DSL,Yes,No internet service,No,No,Yes,No internet service,Month-to-month,No,Mailed check,29.29,819.37,No
CUST-00194,Female,0,Yes,Yes,10,Yes,No,DSL,No,Yes,Yes,No internet service,Yes,Yes,One year,Yes,Credit card (automatic),67.63,740.89,No
CUST-00195,Male,0,No,Yes,34,Yes,Yes,Fiber optic,No,No,No,No,Yes,Yes,Month-to-month,No,Credit card (automatic),76.37,2592.93,No
CUST-00196,Female,0,Yes,Yes,52,Yes,No,Fiber optic,Yes,No,Yes,No internet service,No,Yes,Month-to-month,No,Credit card (automatic),71.46,3529.78,No
CUST-00197,Male,0,No,No,3,Yes,No phone service,DSL,Yes,No internet service,No,No internet service,No internet service,Yes,Month-to-month,Yes,Bank transfer (automatic),64.38,187.82,No
CUST-00198,Female,0,No,Yes,11,Yes,No,DSL,No,No,No,No,Yes,No,Month-to-month,Yes,Credit card (automatic),56.81,677.71,Yes
CUST-00199,Female,0,No,No,1,Yes,No,No,No,No,No,No,No,No,Two year,Yes,Electronic check,64.1,65.8,Yes
CUST-00200,Male,0,No,Yes,13,Yes,No,DSL,No,No,No,Yes,No,No,Month-to-month,Yes,Bank transfer (automatic),61.53,858.16,Yes
CUST-00201,Female,1,No,No,58,Yes,No,DSL,No internet service,No,No,No,No,No internet service,Month-to-month,Yes,Credit card (automatic),71.94,4359.52,No
CUST-00202,Male,0,Yes,No,56,Yes,No,DSL,No,No,No internet service,No,Yes,Yes,Month-to-month,Yes,Electronic check,58.85,3602.37,No
CUST-00203,Female,0,Yes,Yes,48,Yes,No,Fiber optic,No internet service,No internet service,Yes,Yes,Yes,Yes,One year,Yes,Mailed check,46.09,2212.86,No
CUST-00204,Female,0,No,No,50,Yes,Yes,DSL,No internet service,No,Yes,No,No,Yes,Month-to-month,Yes,Bank transfer (automatic),67.09,3656.34,No
CUST-00205,Female,0,No,No,14,Yes,Yes,Fiber optic,No,No internet service,Yes,No internet service,Yes,Yes,One year,No,Mailed check,23.25,350.62,No
CUST-00206,Male,0,Yes,Yes,3,Yes,Yes,Fiber optic,No,No internet service,No,No,No,No internet service,Month-to-month,No,Electronic check,71.94,230.63,Yes
CUST-00207,Female,0,Yes,No,28,Yes,No,No,No,Yes,Yes,No,No,No internet service,Month-to-month,Yes,Electronic check,68.64,2090.7,No
CUST-00208,Female,0,No,No,44,No,No phone service,DSL,No,Yes,No,Yes,No,No internet service,Month-to-month,Yes,Credit card (automatic),33.71,1490.82,No
CUST-00209,Female,0,No,No,44,Yes,Yes,DSL,Yes,No internet service,No,Yes,No,Yes,Two year,Yes,Bank transfer (automatic),22.26,1027.01,No
CUST-00210,Male,0,Yes,Yes,56,Yes,No,Fiber optic,Yes,No,No,Yes,No,Yes,Month-to-month,Yes,Bank transfer (automatic),62.82,3556.85,No
CUST-00211,Female,0,Yes,No,22,Yes,Yes,Fiber optic,Yes,Yes,No,Yes,No,Yes,Month-to-month,Yes,Credit card (automatic),31.99,742.67,No
CUST-00212,Female,0,Yes,No,15,No,No phone service,Fiber optic,No,No,No,No internet service,No,No internet service,Month-to-month,Yes,Electronic check,77.43,1222.72,Yes
CUST-00213,Female,0,Yes,No,32,Yes,Yes,Fiber optic,No,No,Yes,No,No internet service,No,Month-to-month,Yes,Bank transfer (automatic),20.55,691.59,No
CUST-00214,Female,0,No,No,18,Yes,Yes,No,No internet service,Yes,No,No,No,Yes,Two year,Yes,Mailed check,33.79,599.52,No
CUST-00215,Male,0,Yes,No,53,Yes,No,DSL,No,No internet service,No internet service,Yes,No internet service,Yes,Month-to-month,Yes,Bank transfer (automatic),22.52,1264.29,No
CUST-00216,Male,0,No,No,10,Yes,No,No,Yes,Yes,No,No internet service,Yes,Yes,Month-to-month,Yes,Electronic check,66.96,720.02,No
CUST-00217,Female,0,Yes,Yes,29,Yes,Yes,DSL,No internet service,No,Yes,No internet service,Yes,No,Month-to-month,No,Bank transfer (automatic),54.72,1630.12,No
CUST-00218,Male,0,Yes,Yes,9,Yes,Yes,DSL,No internet service,No internet service,No internet service,No,No,No,Two year,No,Bank transfer (automatic),78.99,704.46,Yes
CUST-00219,Female,0,No,No,55,Yes,Yes,DSL,No,No internet service,No internet service,No internet service,Yes,No internet service,Month-to-month,Yes,Mailed check,77.76,4578.95,No
CUST-00220,Male,0,No,No,19,Yes,Yes,Fiber optic,No internet service,Yes,No,No internet service,No,No,Month-to-month,Yes,Credit card (automatic),56.61,1135.49,No
CUST-00221,Male,0,Yes,No,11,Yes,No phone service,Fiber optic,No,Yes,No,Yes,Yes,No,Month-to-month,Yes,Credit card (automatic),75.83,829.06,Yes
CUST-00222,Male,0,Yes,No,9,Yes,Yes,DSL,No,Yes,No internet service,No,No,No,Month-to-month,Yes,Credit card (automatic),73.65,673.44,Yes
CUST-00223,Female,1,Yes,No,7,Yes,Yes,No,Yes,Yes,Yes,No,No internet service,No internet service,Month-to-month,No,Credit card (automatic),71.98,522.59,No
CUST-00224,Female,0,Yes,No,8,Yes,Yes,No,No,Yes,No,No,Yes,No,Month-to-month,Yes,Credit card (automatic),71.31,591.97,Yes
CUST-00225,Female,0,No,Yes,56,Yes,No,Fiber optic,No internet service,No,No,No,No internet service,No,One year,Yes,Bank transfer (automatic),73.61,3966.37,No
CUST-00226,Male,0,Yes,Yes,26,Yes,Yes,DSL,Yes,Yes,No,No,No,No internet service,Two year,Yes,Mailed check,63.13,1573.33,Yes
CUST-00227,Male,0,Yes,No,10,Yes,No phone service,Fiber optic,No internet service,Yes,Yes,No,No internet service,Yes,Month-to-month,Yes,Electronic check,81.45,877.6,Yes
CUST-00228,Female,0,No,No,19,Yes,Yes,Fiber optic,Yes,No,Yes,No internet service,Yes,Yes,Month-to-month,Yes,Credit card (automatic),61.47,1270.01,Yes
CUST-00229,Male,0,No,No,21,Yes,Yes,DSL,No,Yes,No,Yes,No,No,Month-to-month,Yes,Credit card (automatic),65.07,1339.7,Yes
CUST-00230,Female,0,No,Yes,25,Yes,No,DSL,No,Yes,No,No internet service,No,No internet service,Two year,Yes,Electronic check,80.25,2172.12,Yes
CUST-00231,Female,0,No,No,19,Yes,No,Fiber optic,Yes,No,No,No,No,Yes,Two year,No,Electronic check,67.1,1267.43,Yes
CUST-00232,Male,0,Yes,Yes,3,Yes,No,No,Yes,No,No,Yes,Yes,Yes,Month-to-month,Yes,Mailed check,46.14,129.21,No
CUST-00233,Female,0,Yes,No,25,Yes,No,DSL,Yes,No,Yes,No,No,No internet service,One year,No,Bank transfer (automatic),86.07,2251.97,Yes
CUST-00234,Male,0,No,Yes,57,Yes,No phone service,Fiber optic,No,No,No,Yes,Yes,No,Month-to-month,No,Electronic check,43.34,2246.01,No
CUST-00235,Male,0,Yes,Yes,42,No,No,No,Yes,No,Yes,Yes,No,No,One year,Yes,Electronic check,76.78,2975.75,No
CUST-00236,Male,0,No,No,35,Yes,No,Fiber optic,No,No internet service,No,No,Yes,No,Two year,Yes,Bank transfer (automatic),58.29,2220.09,No
CUST-00237,Male,1,Yes,Yes,16,Yes,No,Fiber optic,No,No,No,No internet service,No,No internet service,Month-to-month,No,Electronic check,66.82,1072.89,No
CUST-00238,Male,1,Yes,No,11,Yes,Yes,DSL,No,No,No,No,Yes,No,Two year,No,Credit card (automatic),22.23,233.1,No
CUST-00239,Female,1,No,No,2,Yes,Yes,No,Yes,No,No,No,Yes,Yes,Two year,No,Bank transfer (automatic),87.68,174.67,Yes
CUST-00240,Male,0,Yes,No,26,Yes,No,Fiber optic,No,Yes,No,Yes,Yes,Yes,Month-to-month,No,Electronic check,45.06,1189.88,No
CUST-00241,Male,0,No,Yes,38,Yes,Yes,DSL,No internet service,No internet service,No,No,No,No,Month-to-month,Yes,Credit card (automatic),64.23,2508.55,No
CUST-00242,Female,0,Yes,No,18,No,No,DSL,No,No,No internet service,Yes,Yes,Yes,Month-to-month,Yes,Bank transfer (automatic),97.56,1702.77,Yes
CUST-00243,Male,0,Yes,Yes,17,Yes,No,Fiber optic,No,No,Yes,No internet service,No,Yes,Month-to-month,Yes,Electronic check,73.63,1223.52,No
CUST-00244,Female,0,No,No,9,No,No,DSL,Yes,No internet service,No,No,No internet service,Yes,Two year,No,Bank transfer (automatic),59.59,541.65,No
CUST-00245,Male,0,No,No,15,Yes,Yes,DSL,No internet service,Yes,Yes,No internet service,No,No internet service,Month-to-month,Yes,Bank transfer (automatic),91.01,1399.73,Yes
CUST-00246,Female,1,No,No,20,No,No,Fiber optic,No,Yes,No internet service,Yes,No,Yes,Month-to-month,Yes,Credit card (automatic),38.21,828.6,No
CUST-00247,Female,0,No,No,16,Yes,No,No,Yes,No,Yes,Yes,Yes,No internet service,Month-to-month,Yes,Mailed check,38.66,605.23,No
CUST-00248,Male,0,Yes,No,40,Yes,Yes,Fiber optic,No,No,No internet service,Yes,No,Yes,Month-to-month,Yes,Electronic check,38.2,1642.5,No
CUST-00249,Male,0,Yes,No,20,Yes,Yes,DSL,Yes,No internet service,Yes,No internet service,Yes,Yes,One year,Yes,Mailed check,96.48,2119.94,Yes
CUST-00250,Male,0,Yes,No,15,Yes,Yes,DSL,No,No,No internet service,No,No,Yes,Month-to-month,No,Electronic check,47.83,694.35,No
CUST-00251,Female,1,No,No,50,Yes,No,Fiber optic,No,Yes,No internet service,No,No,Yes,Month-to-month,No,Electronic check,47.21,2137.33,No
CUST-00252,Male,1,No,No,25,Yes,No,DSL,Yes,No,Yes,Yes,Yes,No internet service,Month-to-month,No,Electronic check,44.72,1141.34,No
CUST-00253,Female,0,Yes,No,25,Yes,No,Fiber optic,No,Yes,No,Yes,Yes,Yes,One year,No,Bank transfer (automatic),62.19,1680.26,No
CUST-00254,Female,0,Yes,No,8,Yes,No,No,No,No,Yes,Yes,No,Yes,Month-to-month,Yes,Mailed check,82.88,603.82,Yes
CUST-00255,Female,0,Yes,Yes,10,Yes,Yes,Fiber optic,No,No,Yes,Yes,No internet service,No,Month-to-month,No,Mailed check,25.34,238.05,No
CUST-00256,Male,0,No,No,10,Yes,No,Fiber optic,Yes,Yes,No,Yes,Yes,Yes,One year,Yes,Bank transfer (automatic),74.28,768.97,Yes
CUST-00257,Female,0,No,No,42,Yes,No phone service,DSL,Yes,No,No,Yes,Yes,No,One year,Yes,Credit card (automatic),45.51,2029.8,No
CUST-00258,Male,0,Yes,Yes,10,Yes,No,Fiber optic,No,No,Yes,No,Yes,Yes,Month-to-month,No,Electronic check,59.32,544.16,No
CUST-00259,Female,0,Yes,No,26,No,Yes,Fiber optic,No internet service,No internet service,No internet service,No,Yes,No,Month-to-month,No,Electronic check,96.47,2439.86,Yes
CUST-00260,Male,0,Yes,No,3,Yes,No,Fiber optic,No,No,No,No,Yes,Yes,Month-to-month,Yes,Bank transfer (automatic),66.04,187.77,No
CUST-00261,Female,0,No,No,1,Yes,No,DSL,No internet service,No,No,No,No,No,Month-to-month,Yes,Electronic check,57.34,62.67,Yes
CUST-00262,Female,0,Yes,No,3,Yes,No phone service,Fiber optic,No internet service,No,No,Yes,No internet service,Yes,Two year,Yes,Electronic check,52.7,163.87,No
CUST-00263,Male,0,No,No,13,Yes,Yes,Fiber optic,No internet service,No,No,No,Yes,No internet service,One year,No,Mailed check,70.97,918.11,No
CUST-00264,Male,0,No,Yes,25,Yes,Yes,DSL,No,No,Yes,No internet service,No,No,Month-to-month,Yes,Credit card (automatic),69.42,1861.27,No
CUST-00265,Male,1,No,Yes,26,No,Yes,No,No,No internet service,No,No,Yes,Yes,Month-to-month,No,Electronic check,99.53,2607.27,Yes
CUST-00266,Female,0,Yes,Yes,52,Yes,Yes,Fiber optic,No,Yes,No internet service,No internet service,No internet service,No,Month-to-month,Yes,Bank transfer (automatic),57.59,3241.04,No
CUST-00267,Male,1,No,No,34,Yes,Yes,No,Yes,No,No internet service,No internet service,No internet service,No internet service,Month-to-month,Yes,Electronic check,71.94,2318.19,No
CUST-00268,Male,0,Yes,No,10,Yes,No,Fiber optic,Yes,Yes,Yes,Yes,No internet service,No,Two year,Yes,Credit card (automatic),68.2,617.53,No
CUST-00269,Male,0,Yes,No,28,Yes,Yes,Fiber optic,No internet service,No,No,Yes,Yes,No internet service,Month-to-month,Yes,Electronic check,27.48,758.47,No
CUST-00270,Male,0,Yes,No,56,No,No,DSL,No,No,Yes,Yes,Yes,Yes,Two year,No,Electronic check,46.14,2431.02,No
CUST-00271,Male,0,No,No,7,No,Yes,Fiber optic,No internet service,Yes,Yes,No,Yes,Yes,One year,No,Credit card (automatic),51.09,381.64,No
CUST-00272,Male,0,No,Yes,22,Yes,Yes,DSL,Yes,No,Yes,No internet service,No internet service,No internet service,One year,No,Mailed check,63.6,1408.41,Yes
CUST-00273,Male,0,No,Yes,4,Yes,Yes,Fiber optic,Yes,No,No internet service,No internet service,Yes,Yes,One year,Yes,Credit card (automatic),61.93,237.25,Yes
CUST-00274,Male,0,No,No,5,Yes,No,Fiber optic,Yes,Yes,No,No,No,No internet service,Two year,Yes,Electronic check,55.55,292.95,Yes
CUST-00275,Male,0,No,No,50,Yes,No,Fiber optic,No,No,Yes,No,Yes,No internet service,Month-to-month,No,Mailed check,37.85,1902.68,No
CUST-00276,Male,0,No,No,2,Yes,Yes,Fiber optic,Yes,No internet service,No internet service,No internet service,Yes,No internet service,Month-to-month,Yes,Electronic check,40.21,80.46,No
CUST-00277,Female,0,No,No,27,Yes,No,DSL,No internet service,No,Yes,No,No,Yes,Two year,Yes,Electronic check,71.4,1804.73,No
CUST-00278,Male,0,No,No,4,Yes,Yes,DSL,No,No internet service,No,No,No,No internet service,Month-to-month,Yes,Bank transfer (automatic),94.05,413.46,Yes
CUST-00279,Female,1,Yes,No,42,Yes,No phone service,Fiber optic,Yes,No,Yes,Yes,Yes,No internet service,Month-to-month,Yes,Credit card (automatic),68.74,2978.9,No
CUST-00280,Male,0,Yes,No,4,Yes,Yes,DSL,Yes,Yes,No,No,No,Yes,Month-to-month,No,Credit card (automatic),74.83,320.56,No
CUST-00281,Male,1,No,No,7,Yes,No,DSL,No,Yes,Yes,Yes,No,No internet service,Two year,Yes,Credit card (automatic),77.14,568.03,No
CUST-00282,Male,0,Yes,No,38,Yes,Yes,DSL,No internet service,Yes,No internet service,Yes,No internet service,No internet service,Month-to-month,No,Electronic check,49.51,1882.48,No
CUST-00283,Male,0,Yes,No,71,Yes,Yes,No,No internet service,No,Yes,Yes,No,Yes,Month-to-month,Yes,Credit card (automatic),25.8,1652.19,No
CUST-00284,Female,0,Yes,No,3,Yes,Yes,DSL,No,Yes,Yes,No,Yes,No,One year,No,Mailed check,68.0,210.8,No
CUST-00285,Female,0,No,Yes,22,Yes,No,No,No,No,Yes,No,Yes,No internet service,Month-to-month,Yes,Electronic check,80.41,1627.76,Yes
CUST-00286,Male,0,Yes,No,57,Yes,No,DSL,No internet service,No internet service,No,No internet service,No internet service,Yes,Month-to-month,Yes,Electronic check,42.83,2666.63,No
CUST-00287,Male,0,Yes,No,16,Yes,No,Fiber optic,No,Yes,Yes,No,Yes,Yes,One year,No,Electronic check,63.45,964.29,Yes
CUST-00288,Female,0,No,No,36,Yes,No phone service,Fiber optic,Yes,Yes,No,Yes,No internet service,No internet service,Month-to-month,Yes,Electronic check,40.32,1413.01,No
CUST-00289,Female,1,Yes,No,8,Yes,Yes,Fiber optic,Yes,No,No,No,Yes,Yes,One year,Yes,Electronic check,88.79,717.64,Yes
CUST-00290,Male,0,No,No,52,Yes,Yes,DSL,No,Yes,No internet service,No,No,Yes,One year,Yes,Mailed check,55.56,2890.63,No
CUST-00291,Male,0,No,No,21,Yes,Yes,No,Yes,Yes,Yes,No internet service,No,No internet service,Month-to-month,No,Electronic check,22.2,480.67,No
CUST-00292,Male,0,No,No,54,No,Yes,No,No internet service,No,No,No internet service,No,Yes,Month-to-month,No,Credit card (automatic),71.62,4086.73,No
CUST-00293,Male,0,No,Yes,48,Yes,Yes,Fiber optic,No,No internet service,No internet service,No,Yes,No,Two year,Yes,Mailed check,65.73,3317.62,No
CUST-00294,Female,0,No,No,36,Yes,No,DSL,No,No,No,Yes,Yes,No,Month-to-month,No,Credit card (automatic),58.55,2279.83,No
CUST-00295,Female,0,Yes,Yes,32,Yes,No,DSL,No internet service,Yes,No,No,No internet service,Yes,Month-to-month,No,Mailed check,56.88,1809.21,No
CUST-00296,Female,0,No,No,66,Yes,No,DSL,No,No,Yes,Yes,No,No,Month-to-month,Yes,Mailed check,33.13,2201.52,No
CUST-00297,Male,0,Yes,No,63,Yes,No phone service,No,No internet service,No,No,Yes,No internet service,Yes,Month-to-month,Yes,Credit card (automatic),32.87,2225.74,No
CUST-00298,Female,0,No,Yes,71,Yes,No phone service,No,No,Yes,Yes,Yes,No internet service,No internet service,Two year,Yes,Mailed check,21.75,1477.02,No
CUST-00299,Female,0,No,Yes,1,Yes,No phone service,Fiber optic,Yes,No,No,No,No internet service,Yes,One year,No,Mailed check,59.22,56.21,Yes
CUST-00300,Male,0,Yes,Yes,29,Yes,Yes,Fiber optic,Yes,No,No internet service,No,No,No internet service,Two year,Yes,Electronic check,81.64,2135.12,Yes
CUST-00301,Male,0,No,No,8,No,Yes,No,Yes,No internet service,No,No,No,Yes,Month-to-month,No,Bank transfer (automatic),52.44,439.53,No
CUST-00302,Male,0,Yes,Yes,10,Yes,No phone service,DSL,No internet service,No,Yes,Yes,No,No,One year,Yes,Credit card (automatic),90.63,940.3,Yes
CUST-00303,Male,1,No,No,68,Yes,No,Fiber optic,No internet service,No internet service,No,No,No,No internet service,Two year,No,Credit card (automatic),53.45,3472.29,No
CUST-00304,Male,0,No,No,26,Yes,Yes,DSL,No,No internet service,No,Yes,No internet service,No internet service,One year,No,Electronic check,35.8,861.91,No
CUST-00305,Male,0,No,No,8,Yes,Yes,No,No,Yes,No,Yes,Yes,No internet service,Month-to-month,Yes,Mailed check,35.24,256.13,No
CUST-00306,Female,0,No,No,16,Yes,Yes,Fiber optic,Yes,No,Yes,No,Yes,No internet service,One year,Yes,Electronic check,76.88,1227.09,No
CUST-00307,Female,1,No,No,2,Yes,No,DSL,No,No internet service,No,No,No,Yes,Month-to-month,No,Credit card (automatic),79.54,149.33,No
CUST-00308,Male,0,No,No,38,Yes,Yes,No,Yes,No,No,No,Yes,No,Month-to-month,Yes,Credit card (automatic),68.69,2763.39,No
CUST-00309,Male,0,Yes,No,42,Yes,No,No,Yes,Yes,No,No,No,Yes,Two year,Yes,Electronic check,23.26,1064.85,No
CUST-00310,Female,1,No,No,26,No,Yes,Fiber optic,No internet service,No internet service,No internet service,No internet service,No,No internet service,Two year,Yes,Credit card (automatic),81.63,2239.9,Yes
CUST-00311,Male,1,No,No,8,Yes,Yes,No,No,No,No internet service,No internet service,Yes,Yes,Month-to-month,Yes,Mailed check,85.75,734.24,Yes
CUST-00312,Female,1,No,Yes,5,Yes,No,DSL,No,Yes,No,No,No internet service,No,Two year,No,Credit card (automatic),90.15,494.99,Yes
CUST-00313,Female,0,No,Yes,69,Yes,No,Fiber optic,No,No,No internet service,Yes,No,Yes,Month-to-month,Yes,Electronic check,73.62,5324.43,No
CUST-00314,Male,0,Yes,No,55,Yes,No,Fiber optic,Yes,No,No internet service,No,No internet service,Yes,Two year,Yes,Mailed check,42.81,2386.25,No
CUST-00315,Female,1,No,No,6,Yes,No,Fiber optic,No,No,No,No,No,No,Month-to-month,Yes,Electronic check,75.73,482.55,No
CUST-00316,Male,0,No,No,20,Yes,Yes,Fiber optic,No internet service,Yes,No,No,Yes,Yes,One year,Yes,Electronic check,62.5,1265.96,No
CUST-00317,Male,0,No,No,54,Yes,No,DSL,No,Yes,Yes,Yes,No,No,Month-to-month,No,Mailed check,38.06,2027.5,No
CUST-00318,Female,1,Yes,Yes,39,Yes,No,Fiber optic,Yes,Yes,Yes,No,Yes,Yes,One year,Yes,Credit card (automatic),25.7,908.59,No
CUST-00319,Female,0,Yes,No,54,Yes,No,DSL,No internet service,Yes,Yes,No internet service,No,No internet service,Two year,Yes,Electronic check,68.92,3828.11,No
CUST-00320,Female,0,Yes,No,8,Yes,Yes,DSL,No,No,Yes,No internet service,No internet service,No,Two year,No,Credit card (automatic),63.03,544.33,Yes
CUST-00321,Female,0,Yes,No,3,Yes,No,No,No internet service,No internet service,Yes,Yes,No,Yes,Two year,Yes,Mailed check,24.36,75.9,No
CUST-00322,Male,0,Yes,No,56,No,No,No,No internet service,Yes,Yes,No,No internet service,No internet service,Two year,Yes,Mailed check,26.19,1438.52,No
CUST-00323,Female,0,No,No,56,Yes,No phone service,DSL,No internet service,No,No,Yes,Yes,No,Two year,Yes,Electronic check,78.02,4471.27,No
CUST-00324,Male,0,No,No,46,Yes,No phone service,DSL,No,No internet service,No internet service,Yes,Yes,No,Month-to-month,No,Bank transfer (automatic),34.58,1690.24,No
CUST-00325,Male,1,Yes,Yes,9,Yes,No,DSL,No internet service,No,Yes,Yes,No,Yes,One year,Yes,Bank transfer (automatic),65.61,621.7,Yes
CUST-00326,Male,1,Yes,Yes,3,Yes,Yes,Fiber optic,No internet service,No internet service,No,No internet service,No internet service,No,Two year,Yes,Bank transfer (automatic),56.31,168.63,Yes
CUST-00327,Female,0,Yes,Yes,4,Yes,Yes,Fiber optic,No internet service,No,No,No,Yes,No internet service,Month-to-month,No,Electronic check,84.28,327.79,Yes
CUST-00328,Female,1,Yes,No,47,Yes,No,Fiber optic,No,No internet service,No,No,No,Yes,Month-to-month,No,Mailed check,43.02,1980.23,No
CUST-00329,Male,0,Yes,Yes,48,No,No,No,Yes,Yes,Yes,No internet service,No,Yes,One year,No,Bank transfer (automatic),66.62,3458.64,No
CUST-00330,Female,0,No,Yes,13,Yes,No,DSL,No internet service,No,No internet service,No,No,No,Two year,Yes,Mailed check,46.12,559.97,No
CUST-00331,Male,1,Yes,No,52,Yes,No phone service,No,Yes,Yes,No,Yes,No internet service,No,Month-to-month,Yes,Mailed check,24.49,1365.93,No
CUST-00332,Female,1,Yes,No,26,Yes,Yes,Fiber optic,No,No internet service,No internet service,No,No,No,Month-to-month,Yes,Electronic check,93.39,2280.16,Yes
CUST-00333,Male,0,No,Yes,3,Yes,No,Fiber optic,No,Yes,No,Yes,No,No,Month-to-month,Yes,Credit card (automatic),60.09,197.61,Yes
CUST-00334,Male,0,Yes,No,41,Yes,No,Fiber optic,No,Yes,No internet service,No,No,No,One year,No,Bank transfer (automatic),61.77,2506.4,No
CUST-00335,Male,0,Yes,Yes,3,Yes,No,No,Yes,No,No,No,No,No internet service,Month-to-month,Yes,Mailed check,87.17,273.72,Yes
CUST-00336,Male,0,No,Yes,29,Yes,No,DSL,Yes,Yes,No internet service,No internet service,Yes,No,One year,No,Electronic check,34.73,1053.37,No
CUST-00337,Female,0,Yes,No,50,No,No,Fiber optic,Yes,Yes,No,No,No internet service,No,Month-to-month,Yes,Credit card (automatic),48.48,2556.12,No
CUST-00338,Female,0,No,No,50,Yes,Yes,DSL,No internet service,No,Yes,No,No internet service,Yes,Two year,No,Credit card (automatic),67.33,3561.35,No
CUST-00339,Female,0,Yes,No,56,No,Yes,DSL,No,Yes,No,No internet service,Yes,No,Two year,No,Bank transfer (automatic),24.89,1265.35,No
CUST-00340,Male,0,No,Yes,61,Yes,No,No,No,Yes,Yes,No,No,No,Two year,Yes,Mailed check,79.69,4640.72,No
CUST-00341,Male,0,Yes,No,4,No,No,Fiber optic,Yes,No,Yes,No,Yes,No,One year,No,Mailed check,92.92,351.59,Yes
CUST-00342,Male,0,Yes,Yes,56,Yes,Yes,DSL,Yes,Yes,No,Yes,No,Yes,Month-to-month,No,Bank transfer (automatic),39.08,2275.4,No
CUST-00343,Male,0,No,No,57,Yes,Yes,No,No,No,Yes,Yes,No,Yes,Month-to-month,No,Credit card (automatic),72.23,4268.06,No
CUST-00344,Male,0,No,No,39,Yes,No,DSL,Yes,Yes,Yes,Yes,Yes,No,Two year,Yes,Electronic check,60.9,2278.69,No
CUST-00345,Male,0,Yes,No,37,No,Yes,Fiber optic,Yes,No,Yes,No,Yes,Yes,Month-to-month,No,Bank transfer (automatic),59.98,2349.55,No
CUST-00346,Male,0,No,No,52,Yes,Yes,Fiber optic,No internet service,No,No,Yes,Yes,Yes,One year,Yes,Mailed check,28.38,1420.16,No
CUST-00347,Female,0,Yes,Yes,33,No,No,No,No,No,No internet service,No,No internet service,No internet service,Two year,No,Credit card (automatic),74.35,2376.48,No
CUST-00348,Female,0,Yes,No,30,No,Yes,Fiber optic,Yes,No,Yes,No,No,No,One year,Yes,Electronic check,47.02,1382.06,No
CUST-00349,Male,0,No,No,58,No,Yes,Fiber optic,No,No,Yes,No internet service,Yes,No,Month-to-month,Yes,Bank transfer (automatic),68.19,4148.49,No
CUST-00350,Female,1,Yes,No,57,Yes,No,DSL,Yes,No,No,Yes,No internet service,No,One year,No,Mailed check,37.97,1952.96,No
CUST-00351,Female,0,Yes,Yes,15,Yes,Yes,Fiber optic,No,No,No,No,No internet service,No internet service,One year,No,Electronic check,38.48,624.12,No
CUST-00352,Male,0,Yes,Yes,6,Yes,No,DSL,No,Yes,No internet service,No internet service,No,Yes,Month-to-month,Yes,Credit card (automatic),92.64,577.19,Yes
CUST-00353,Male,0,No,No,24,Yes,No,Fiber optic,No,No,Yes,No internet service,Yes,Yes,Month-to-month,No,Credit card (automatic),49.8,1215.9,No
CUST-00354,Male,0,No,No,10,Yes,Yes,DSL,Yes,Yes,No internet service,No internet service,No,No,Month-to-month,No,Electronic check,86.8,822.4,Yes
CUST-00355,Female,0,No,No,63,Yes,No,Fiber optic,No,No,Yes,Yes,Yes,Yes,One year,No,Bank transfer (automatic),70.14,4671.15,No
CUST-00356,Female,0,No,No,17,Yes,No,Fiber optic,No,No,Yes,No,Yes,Yes,Month-to-month,Yes,Bank transfer (automatic),33.63,614.34,No
CUST-00357,Female,0,No,No,15,No,Yes,Fiber optic,No,No,No,No internet service,No internet service,No internet service,Month-to-month,Yes,Credit card (automatic),72.73,1091.29,No
CUST-00358,Female,0,Yes,Yes,20,Yes,No,Fiber optic,No,No,No internet service,Yes,Yes,Yes,One year,Yes,Electronic check,74.99,1437.55,No
CUST-00359,Male,0,Yes,No,35,Yes,No phone service,Fiber optic,No,No,Yes,No internet service,Yes,No,One year,No,Credit card (automatic),24.37,832.57,No
CUST-00360,Female,1,Yes,Yes,22,Yes,Yes,Fiber optic,No internet service,No,No,No,Yes,Yes,One year,No,Bank transfer (automatic),60.98,1319.09,Yes
CUST-00361,Female,0,Yes,No,12,No,No phone service,DSL,No,Yes,No internet service,No,Yes,No,Two year,Yes,Mailed check,78.89,909.93,No
CUST-00362,Female,0,Yes,No,28,Yes,No,No,No,No,No internet service,Yes,Yes,Yes,Month-to-month,Yes,Credit card (automatic),75.86,2214.22,No
CUST-00363,Female,0,No,Yes,4,Yes,Yes,DSL,No internet service,Yes,No,No internet service,No,No,Month-to-month,Yes,Electronic check,60.65,234.94,Yes
CUST-00364,Male,0,No,No,21,Yes,Yes,Fiber optic,No,Yes,Yes,Yes,No,No,One year,No,Bank transfer (automatic),58.56,1308.76,Yes
CUST-00365,Female,0,Yes,No,13,Yes,No,DSL,Yes,No internet service,No internet service,No,Yes,No,Month-to-month,No,Electronic check,92.94,1199.45,Yes
CUST-00366,Female,0,No,Yes,19,Yes,No,Fiber optic,Yes,No internet service,No,No,No internet service,Yes,Month-to-month,Yes,Electronic check,90.04,1754.88,Yes
CUST-00367,Male,0,Yes,No,1,No,Yes,Fiber optic,No,Yes,No internet service,No,No,No,Month-to-month,No,Electronic check,59.18,64.48,No
CUST-00368,Female,0,No,No,8,No,No,DSL,Yes,No,Yes,No internet service,No internet service,No internet service,Two year,No,Electronic check,39.99,316.47,No
CUST-00369,Female,0,No,No,58,Yes,Yes,Fiber optic,No internet service,No internet service,No,No internet service,No,No internet service,Two year,Yes,Bank transfer (automatic),40.28,2182.21,No
CUST-00370,Female,0,No,Yes,20,Yes,Yes,No,Yes,Yes,No,No internet service,No internet service,Yes,Month-to-month,Yes,Electronic check,45.2,913.03,No
CUST-00371,Male,0,No,No,11,No,Yes,DSL,No,No,No,No internet service,Yes,Yes,Month-to-month,Yes,Electronic check,71.13,781.91,No
CUST-00372,Male,0,Yes,No,48,Yes,Yes,DSL,No,Yes,Yes,No internet service,No,No,One year,No,Bank transfer (automatic),34.3,1739.45,No
CUST-00373,Female,0,Yes,Yes,60,Yes,No,DSL,No internet service,No,Yes,No,Yes,Yes,Two year,Yes,Bank transfer (automatic),35.05,2254.5,No
CUST-00374,Male,0,No,Yes,27,Yes,Yes,Fiber optic,Yes,Yes,Yes,Yes,Yes,No internet service,Two year,No,Mailed check,56.45,1588.96,Yes
CUST-00375,Female,1,No,Yes,53,Yes,Yes,Fiber optic,No,Yes,No,Yes,No,No internet service,Month-to-month,Yes,Credit card (automatic),29.3,1699.32,No
CUST-00376,Female,0,No,No,30,Yes,Yes,Fiber optic,No,Yes,No,Yes,No,Yes,Two year,No,Credit card (automatic),78.72,2252.59,No
CUST-00377,Female,1,No,No,14,Yes,No phone service,Fiber optic,No,No internet service,Yes,No,No,No internet service,One year,No,Electronic check,84.41,1120.1,Yes
CUST-00378,Female,1,No,No,25,No,Yes,DSL,Yes,Yes,No,Yes,No internet service,Yes,Month-to-month,No,Electronic check,80.59,1930.65,Yes
CUST-00379,Female,0,No,Yes,66,Yes,Yes,DSL,Yes,Yes,No,Yes,No,Yes,Two year,Yes,Bank transfer (automatic),77.94,5319.87,No
CUST-00380,Male,0,No,No,70,Yes,Yes,DSL,No internet service,No,Yes,No,No,Yes,Month-to-month,No,Bank transfer (automatic),21.63,1433.11,No
CUST-00381,Male,0,Yes,No,8,No,Yes,Fiber optic,No,No,Yes,No,No,No internet service,One year,No,Electronic check,49.05,360.1,No
CUST-00382,Female,0,Yes,Yes,13,Yes,No phone service,Fiber optic,Yes,Yes,No,No internet service,No,No internet service,Two year,Yes,Electronic check,84.07,1197.33,Yes
CUST-00383,Female,0,No,No,45,Yes,Yes,Fiber optic,No,No,Yes,No internet service,Yes,No internet service,Two year,Yes,Credit card (automatic),66.37,2875.91,No
CUST-00384,Male,0,Yes,No,6,Yes,Yes,DSL,No,No,No,No,Yes,No internet service,Month-to-month,No,Credit card (automatic),31.35,177.66,No
CUST-00385,Female,0,No,No,68,Yes,Yes,Fiber optic,Yes,Yes,Yes,No internet service,Yes,Yes,Month-to-month,No,Credit card (automatic),62.47,4127.95,No
CUST-00386,Male,0,Yes,Yes,8,Yes,No,Fiber optic,No,No internet service,Yes,No,No,No internet service,Month-to-month,Yes,Mailed check,57.34,427.38,No
CUST-00387,Male,1,Yes,Yes,20,Yes,No,Fiber optic,Yes,No internet service,Yes,No,No internet service,No internet service,Two year,Yes,Mailed check,60.52,1098.02,No
CUST-00388,Male,0,No,No,69,Yes,Yes,Fiber optic,No,Yes,No,No internet service,Yes,No,Two year,Yes,Mailed check,35.97,2385.33,No
CUST-00389,Male,0,Yes,No,14,Yes,No,Fiber optic,Yes,Yes,Yes,No internet service,Yes,No internet service,One year,No,Electronic check,94.63,1281.86,Yes
CUST-00390,Female,0,Yes,No,49,Yes,Yes,DSL,No,No,No,No,Yes,Yes,Month-to-month,No,Electronic check,53.55,2787.17,No
CUST-00391,Female,0,No,Yes,36,Yes,Yes,Fiber optic,No,No internet service,No,No,Yes,No,Two year,Yes,Credit card (automatic),63.5,2256.57,No
CUST-00392,Female,1,No,No,54,Yes,No,DSL,Yes,No,No internet service,No,No,Yes,Month-to-month,Yes,Mailed check,76.37,4319.25,No
CUST-00393,Male,0,No,No,6,Yes,No phone service,Fiber optic,No,No,No,No,No internet service,No,Two year,Yes,Credit card (automatic),71.33,448.16,No
CUST-00394,Male,0,Yes,Yes,2,Yes,No,Fiber optic,No,No internet service,Yes,No,No,Yes,Month-to-month,No,Electronic check,91.96,194.55,Yes
CUST-00395,Female,0,No,No,5,Yes,No,Fiber optic,No,Yes,No,No,No,Yes,Month-to-month,Yes,Electronic check,37.38,202.54,No
CUST-00396,Female,1,No,No,13,No,No,Fiber optic,No internet service,No internet service,Yes,No internet service,No internet service,Yes,Two year,No,Credit card (automatic),96.36,1252.34,Yes
CUST-00397,Male,0,Yes,No,36,Yes,Yes,Fiber optic,No,No internet service,Yes,No internet service,No internet service,Yes,Month-to-month,Yes,Mailed check,54.48,1805.93,No
CUST-00398,Female,1,No,Yes,32,Yes,Yes,Fiber optic,No,No,No,Yes,Yes,Yes,Two year,Yes,Credit card (automatic),22.07,641.08,No
CUST-00399,Female,0,Yes,Yes,11,Yes,Yes,Fiber optic,No,No,Yes,No,Yes,No internet service,Two year,No,Bank transfer (automatic),62.85,648.06,No
CUST-00400,Male,1,Yes,No,57,Yes,Yes,Fiber optic,No,No internet service,No,No,Yes,No internet service,Month-to-month,No,Mailed check,64.21,3900.95,No
CUST-00401,Female,0,No,No,18,Yes,Yes,DSL,No,Yes,No,Yes,No internet service,No,Month-to-month,No,Credit card (automatic),88.12,1609.75,Yes
CUST-00402,Female,1,Yes,No,62,Yes,No,Fiber optic,No,Yes,Yes,No,No,Yes,Month-to-month,Yes,Electronic check,30.09,1731.3,No
CUST-00403,Male,0,Yes,No,2,Yes,Yes,DSL,Yes,Yes,No,No,No,Yes,Two year,No,Electronic check,72.54,134.42,No
CUST-00404,Female,0,No,No,17,Yes,No,Fiber optic,No,No,No,No,Yes,No,Two year,Yes,Electronic check,55.76,1022.14,No
CUST-00405,Male,0,No,No,13,Yes,Yes,DSL,Yes,No,Yes,Yes,No internet service,No internet service,Month-to-month,Yes,Mailed check,80.96,1056.7,Yes
CUST-00406,Male,0,No,Yes,16,Yes,Yes,Fiber optic,Yes,No,No,No internet service,No,No,Two year,Yes,Credit card (automatic),57.1,853.65,Yes
CUST-00407,Male,0,No,No,29,Yes,No phone service,Fiber optic,No internet service,No,No,No,Yes,No internet service,Two year,No,Credit card (automatic),24.97,781.59,No
CUST-00408,Male,0,Yes,No,29,Yes,Yes,Fiber optic,No internet service,No,No,Yes,No internet service,No,Month-to-month,No,Credit card (automatic),77.8,2355.8,Yes
CUST-00409,Female,1,No,No,41,Yes,Yes,DSL,No internet service,Yes,No,No internet service,Yes,Yes,Two year,Yes,Bank transfer (automatic),23.65,965.34,No
CUST-00410,Female,0,Yes,No,10,Yes,Yes,Fiber optic,No,Yes,Yes,No,Yes,Yes,One year,No,Credit card (automatic),85.71,851.11,Yes
CUST-00411,Male,0,No,No,10,Yes,No,No,Yes,Yes,Yes,Yes,Yes,No,Month-to-month,No,Electronic check,30.16,312.01,No
CUST-00412,Female,0,No,Yes,12,Yes,No,DSL,No,No internet service,No,No internet service,No internet service,No,Month-to-month,Yes,Credit card (automatic),64.26,746.18,Yes
CUST-00413,Male,0,No,No,34,Yes,No,DSL,No internet service,Yes,No,No internet service,No internet service,Yes,Month-to-month,No,Electronic check,34.0,1271.58,No
CUST-00414,Female,0,Yes,No,52,Yes,No,Fiber optic,No internet service,Yes,No,No internet service,No,Yes,Two year,No,Electronic check,20.86,1146.45,No
CUST-00415,Female,0,Yes,No,10,Yes,Yes,Fiber optic,No internet service,No,No,No,No,No internet service,Month-to-month,Yes,Mailed check,73.51,755.82,No
CUST-00416,Female,0,Yes,Yes,17,Yes,No,DSL,No,No,No internet service,No,Yes,No,One year,No,Electronic check,68.25,1203.75,No
CUST-00417,Female,0,Yes,No,17,Yes,No,Fiber optic,No,No,No,No internet service,No internet service,No internet service,Month-to-month,Yes,Electronic check,21.88,408.86,No
CUST-00418,Male,0,No,Yes,44,No,No,Fiber optic,No,No,Yes,No,Yes,No,Month-to-month,Yes,Mailed check,23.42,929.65,No
CUST-00419,Male,0,Yes,No,6,Yes,No,DSL,No,No,Yes,Yes,Yes,No,Month-to-month,Yes,Mailed check,66.97,363.47,No
CUST-00420,Female,0,No,Yes,47,Yes,No,Fiber optic,No,No,No,No,No,No,Two year,No,Credit card (automatic),20.41,1013.95,No
CUST-00421,Female,0,Yes,No,31,Yes,No phone service,DSL,No,Yes,No,No internet service,No,No,Month-to-month,Yes,Electronic check,48.14,1405.6,No
CUST-00422,Male,1,Yes,No,24,Yes,No,No,No,No,Yes,No,No,No internet service,Two year,Yes,Credit card (automatic),26.44,658.06,No
CUST-00423,Female,0,No,Yes,62,No,Yes,No,No internet service,No,No,Yes,No,Yes,One year,Yes,Electronic check,55.5,3443.3,No
CUST-00424,Female,1,No,No,59,Yes,No,Fiber optic,Yes,No,No internet service,No internet service,No,Yes,Two year,No,Mailed check,79.9,4543.14,No
CUST-00425,Female,0,No,No,58,No,No,Fiber optic,Yes,No internet service,No,No,No,Yes,One year,Yes,Electronic check,30.32,1664.07,No
CUST-00426,Male,0,No,Yes,63,Yes,Yes,No,Yes,No internet service,No internet service,No,Yes,No,Month-to-month,Yes,Electronic check,77.4,5146.09,No
CUST-00427,Female,0,No,Yes,17,Yes,No,Fiber optic,No,No,Yes,No internet service,Yes,Yes,Month-to-month,No,Mailed check,71.93,1142.34,No
CUST-00428,Female,0,Yes,No,61,No,Yes,DSL,No internet service,No,No,No,Yes,No internet service,Month-to-month,Yes,Mailed check,79.15,4498.6,No
CUST-00429,Female,0,No,No,28,Yes,Yes,DSL,No,No internet service,Yes,No,Yes,No,One year,Yes,Electronic check,84.52,2339.08,Yes
CUST-00430,Male,0,Yes,No,24,Yes,Yes,Fiber optic,No,No,No,No,Yes,No,Two year,Yes,Mailed check,71.42,1583.56,No
CUST-00431,Female,0,Yes,Yes,40,Yes,No,No,No,No,Yes,No internet service,Yes,No,Month-to-month,Yes,Electronic check,55.68,2290.24,No
CUST-00432,Female,0,No,No,53,Yes,No phone service,DSL,Yes,No,No internet service,No,No internet service,Yes,One year,Yes,Credit card (automatic),72.04,4193.8,No
CUST-00433,Female,0,Yes,No,42,Yes,Yes,DSL,No,No internet service,Yes,No,No,No,Two year,No,Credit card (automatic),26.69,1176.56,No
CUST-00434,Male,0,No,Yes,40,Yes,No,Fiber optic,No,No,No,No,Yes,Yes,Month-to-month,Yes,Mailed check,64.5,2633.27,No
CUST-00435,Male,0,Yes,No,27,Yes,No,DSL,No internet service,No,No,No internet service,No,Yes,Month-to-month,No,Mailed check,57.72,1525.6,No
CUST-00436,Male,0,No,No,43,Yes,No,DSL,No,No,No,No internet service,No internet service,No internet service,One year,No,Electronic check,23.59,1113.37,No
CUST-00437,Female,0,Yes,No,12,Yes,No phone service,Fiber optic,No internet service,No,No internet service,No,No internet service,Yes,Month-to-month,Yes,Electronic check,68.08,879.04,Yes
CUST-00438,Male,0,Yes,Yes,34,Yes,Yes,Fiber optic,No,Yes,Yes,No,No,No internet service,Two year,No,Credit card (automatic),32.97,1192.86,No
CUST-00439,Female,0,Yes,No,22,Yes,Yes,Fiber optic,Yes,No,Yes,No,Yes,No,Month-to-month,No,Mailed check,93.45,1944.88,Yes
CUST-00440,Female,1,Yes,Yes,43,Yes,Yes,DSL,No,Yes,No,Yes,Yes,Yes,Two year,Yes,Bank transfer (automatic),31.9,1268.43,No
CUST-00441,Male,1,No,Yes,24,Yes,No,DSL,No internet service,Yes,No,No internet service,No internet service,Yes,Month-to-month,No,Bank transfer (automatic),36.49,819.35,No
CUST-00442,Male,0,No,No,27,Yes,No,Fiber optic,No internet service,Yes,No,No internet service,Yes,Yes,Month-to-month,Yes,Electronic check,79.86,2052.16,Yes
CUST-00443,Male,0,No,No,22,Yes,No,Fiber optic,No internet service,Yes,No,No,No internet service,No,Month-to-month,Yes,Electronic check,55.99,1128.73,No
CUST-00444,Male,0,Yes,No,30,Yes,No,No,No,No,No,Yes,No internet service,No,Two year,No,Credit card (automatic),28.09,908.16,No
CUST-00445,Female,0,Yes,No,12,Yes,Yes,Fiber optic,No internet service,Yes,No,No,No,No internet service,Month-to-month,Yes,Mailed check,34.47,387.6,No
CUST-00446,Male,0,No,Yes,13,Yes,Yes,Fiber optic,No,Yes,Yes,No internet service,No,No internet service,Month-to-month,No,Electronic check,39.03,479.65,No
CUST-00447,Male,1,Yes,No,68,Yes,No,DSL,No,No,Yes,No internet service,Yes,Yes,Month-to-month,Yes,Credit card (automatic),46.94,3439.71,No
CUST-00448,Male,1,Yes,No,20,Yes,No,DSL,No,Yes,Yes,No,No internet service,Yes,Two year,Yes,Mailed check,22.29,486.65,No
CUST-00449,Male,1,No,No,53,Yes,Yes,Fiber optic,No,No,No internet service,No,No,Yes,Month-to-month,Yes,Bank transfer (automatic),79.95,4001.57,No
CUST-00450,Female,0,Yes,No,10,Yes,No,Fiber optic,No,No,No internet service,No internet service,Yes,No,Month-to-month,No,Electronic check,38.02,364.55,No
CUST-00451,Male,0,Yes,No,9,Yes,No phone service,DSL,No,No internet service,No,No,Yes,Yes,Month-to-month,Yes,Electronic check,79.04,754.06,Yes
CUST-00452,Female,0,Yes,Yes,16,Yes,Yes,Fiber optic,No internet service,Yes,No,No,No,No,Two year,No,Mailed check,53.29,932.83,No
CUST-00453,Male,0,Yes,Yes,28,No,Yes,Fiber optic,No internet service,Yes,Yes,No,No,Yes,Month-to-month,Yes,Mailed check,71.24,2054.43,No
CUST-00454,Female,0,No,No,56,No,No phone service,DSL,No internet service,No,No,No,Yes,No,Two year,Yes,Bank transfer (automatic),47.41,2624.47,No
CUST-00455,Female,0,Yes,No,11,Yes,No,DSL,Yes,No internet service,No,Yes,No,Yes,Month-to-month,No,Electronic check,97.15,1105.96,Yes
CUST-00456,Female,1,Yes,No,40,Yes,Yes,Fiber optic,Yes,No internet service,No,No internet service,Yes,No,Month-to-month,Yes,Bank transfer (automatic),53.95,2278.97,No
CUST-00457,Male,0,No,Yes,6,No,Yes,Fiber optic,No internet service,No,Yes,Yes,No internet service,No,Two year,No,Credit card (automatic),58.71,324.97,Yes
CUST-00458,Female,0,Yes,No,23,No,No phone service,DSL,No internet service,Yes,No,No internet service,Yes,No,Month-to-month,No,Electronic check,68.59,1557.16,Yes
CUST-00459,Male,0,No,Yes,2,Yes,Yes,Fiber optic,Yes,No,Yes,No internet service,No,No,Two year,Yes,Credit card (automatic),79.03,169.36,No
CUST-00460,Female,1,No,No,56,Yes,Yes,Fiber optic,No,No internet service,Yes,Yes,No internet service,Yes,Two year,Yes,Electronic check,79.76,4650.07,No
CUST-00461,Male,1,No,Yes,19,Yes,No,DSL,Yes,No,No,No internet service,No,Yes,Month-to-month,Yes,Electronic check,53.72,950.0,No
CUST-00462,Female,0,No,Yes,65,Yes,No,Fiber optic,No internet service,No,Yes,Yes,No,Yes,Month-to-month,No,Bank transfer (automatic),24.08,1645.09,No
CUST-00463,Female,0,No,No,66,Yes,No,DSL,No,Yes,Yes,No,No,No,Two year,No,Electronic check,54.02,3684.72,No
CUST-00464,Female,0,No,No,63,Yes,Yes,Fiber optic,No,No,Yes,Yes,No,No,Month-to-month,Yes,Bank transfer (automatic),77.15,4631.67,No
CUST-00465,Female,0,No,No,71,Yes,Yes,DSL,Yes,Yes,No,Yes,No,No,One year,Yes,Electronic check,75.54,5196.01,No
CUST-00466,Female,0,Yes,No,59,Yes,No,DSL,Yes,No,Yes,Yes,Yes,No internet service,Month-to-month,Yes,Mailed check,32.93,1870.75,No
CUST-00467,Male,1,Yes,No,18,Yes,No phone service,Fiber optic,No internet service,No internet service,No internet service,Yes,No internet service,Yes,One year,No,Bank transfer (automatic),73.93,1462.02,Yes
CUST-00468,Male,0,Yes,No,71,Yes,No,Fiber optic,No,No,No internet service,No internet service,No,Yes,Month-to-month,Yes,Electronic check,29.14,1938.07,No
CUST-00469,Male,0,No,Yes,25,Yes,No,DSL,Yes,Yes,Yes,No internet service,No internet service,No,Month-to-month,Yes,Mailed check,69.19,1843.71,No
CUST-00470,Male,0,No,Yes,42,Yes,Yes,No,Yes,No,No,No,Yes,Yes,Month-to-month,No,Credit card (automatic),49.4,2087.51,No
CUST-00471,Male,0,Yes,No,1,Yes,Yes,Fiber optic,No,No,No,No,Yes,No,One year,No,Electronic check,40.28,43.35,No
CUST-00472,Female,0,Yes,No,69,Yes,No,Fiber optic,No internet service,Yes,Yes,Yes,Yes,Yes,Month-to-month,Yes,Credit card (automatic),39.49,2987.41,No
CUST-00473,Male,0,Yes,No,43,Yes,Yes,DSL,No,Yes,No,No internet service,Yes,Yes,Two year,No,Mailed check,36.52,1715.17,No
CUST-00474,Female,1,No,Yes,68,Yes,Yes,DSL,No,No internet service,No,No,No,Yes,Month-to-month,Yes,Electronic check,72.96,5312.79,No
CUST-00475,Female,0,No,Yes,26,Yes,No,No,No internet service,No,Yes,No,No,Yes,Two year,Yes,Mailed check,44.58,1139.04,No
CUST-00476,Female,0,Yes,Yes,23,Yes,No,DSL,No,Yes,Yes,Yes,Yes,No,Month-to-month,No,Credit card (automatic),34.64,760.27,No
CUST-00477,Female,0,No,No,38,Yes,No phone service,Fiber optic,No internet service,No,Yes,No,Yes,Yes,Month-to-month,Yes,Electronic check,62.62,2293.66,No
CUST-00478,Male,0,No,No,29,Yes,Yes,No,No,Yes,No internet service,No,No,Yes,Month-to-month,No,Electronic check,99.07,2961.02,Yes
CUST-00479,Female,0,No,Yes,39,No,No,DSL,Yes,Yes,No,No internet service,No,No,Month-to-month,Yes,Mailed check,62.92,2376.27,No
CUST-00480,Female,1,No,No,57,Yes,Yes,Fiber optic,No internet service,No internet service,Yes,No,Yes,No internet service,Two year,Yes,Mailed check,69.32,3899.79,No
CUST-00481,Female,0,Yes,No,16,No,Yes,Fiber optic,No internet service,No internet service,No,Yes,No,Yes,Two year,Yes,Mailed check,26.07,382.06,No
CUST-00482,Female,0,Yes,Yes,56,Yes,No,No,Yes,No,No,Yes,Yes,Yes,One year,No,Bank transfer (automatic),20.12,1187.79,No
CUST-00483,Female,0,Yes,Yes,53,Yes,No phone service,Fiber optic,No,Yes,No,No internet service,Yes,No internet service,Month-to-month,Yes,Bank transfer (automatic),23.03,1125.74,No
CUST-00484,Male,1,Yes,No,64,Yes,Yes,No,No,Yes,Yes,Yes,No internet service,No,Two year,Yes,Electronic check,62.41,3864.05,No
CUST-00485,Male,0,No,Yes,5,Yes,No,Fiber optic,No internet service,Yes,No,No,No internet service,Yes,One year,No,Bank transfer (automatic),76.07,387.23,No
CUST-00486,Female,0,Yes,Yes,28,Yes,No,DSL,No,Yes,No internet service,No,Yes,No,Month-to-month,No,Credit card (automatic),39.87,1123.32,No
CUST-00487,Female,0,No,No,7,Yes,Yes,Fiber optic,No internet service,No internet service,No,No,No,No internet service,One year,Yes,Mailed check,66.87,504.89,No
CUST-00488,Male,0,Yes,No,29,Yes,No,DSL,No,Yes,Yes,Yes,Yes,Yes,Month-to-month,No,Mailed check,63.75,1907.42,No
CUST-00489,Male,0,No,No,54,Yes,Yes,DSL,No,No,Yes,No,No,Yes,One year,No,Bank transfer (automatic),78.68,4494.33,No
CUST-00490,Female,0,Yes,No,46,Yes,No,Fiber optic,Yes,Yes,Yes,Yes,Yes,Yes,Month-to-month,Yes,Electronic check,48.25,2132.25,No
CUST-00491,Female,0,Yes,Yes,54,Yes,No,DSL,No internet service,No,No internet service,No,Yes,Yes,Month-to-month,Yes,Credit card (automatic),29.96,1498.85,No
CUST-00492,Male,0,Yes,No,53,Yes,No phone service,Fiber optic,No internet service,No internet service,No,Yes,No,No internet service,Two year,No,Electronic check,65.91,3663.23,No
CUST-00493,Male,0,No,No,71,Yes,No,Fiber optic,Yes,Yes,No internet service,No,No,No internet service,Month-to-month,No,Bank transfer (automatic),69.13,4568.17,No
CUST-00494,Female,0,No,No,16,Yes,No phone service,No,No,Yes,Yes,No,No,Yes,Month-to-month,Yes,Electronic check,71.46,1219.77,Yes
CUST-00495,Male,0,Yes,No,42,Yes,Yes,DSL,Yes,No,No internet service,Yes,Yes,No internet service,Month-to-month,Yes,Mailed check,71.79,3282.34,No
CUST-00496,Male,0,Yes,No,63,Yes,No,Fiber optic,No,Yes,No internet service,No internet service,No,No internet service,Month-to-month,Yes,Mailed check,42.27,2547.4,No
CUST-00497,Male,0,No,No,4,Yes,No,Fiber optic,Yes,Yes,No internet service,No,No internet service,Yes,One year,No,Credit card (automatic),61.42,258.5,No
CUST-00498,Female,0,Yes,No,11,Yes,Yes,Fiber optic,No internet service,No internet service,Yes,No internet service,Yes,Yes,Month-to-month,No,Mailed check,74.01,803.91,Yes
CUST-00499,Male,0,No,No,38,Yes,Yes,Fiber optic,No,No,No internet service,No,No internet service,No,Month-to-month,Yes,Mailed check,46.79,1706.54,No
CUST-00500,Female,0,No,No,68,Yes,Yes,DSL,No,No,No,Yes,Yes,Yes,Month-to-month,Yes,Electronic check,34.55,2317.05,No
CUST-00501,Male,0,No,No,36,Yes,No,DSL,Yes,No,No,No,No,Yes,Month-to-month,Yes,Credit card (automatic),29.27,1084.65,No
CUST-00502,Female,0,Yes,Yes,17,Yes,No phone service,DSL,Yes,Yes,Yes,No,Yes,No,Month-to-month,No,Bank transfer (automatic),96.04,1792.05,Yes
CUST-00503,Female,0,No,Yes,52,Yes,Yes,Fiber optic,No,No,Yes,Yes,No,No internet service,Month-to-month,Yes,Bank transfer (automatic),60.29,3009.7,No
CUST-00504,Male,0,No,Yes,28,Yes,Yes,Fiber optic,Yes,Yes,No internet service,Yes,No internet service,Yes,One year,Yes,Electronic check,62.07,1809.54,Yes
CUST-00505,Male,0,No,No,2,Yes,No,DSL,No,Yes,No internet service,No internet service,No,No,Month-to-month,Yes,Credit card (automatic),38.87,75.17,No
CUST-00506,Female,0,No,Yes,28,Yes,Yes,No,No internet service,No internet service,No internet service,No,No,No,Two year,Yes,Electronic check,88.97,2367.3,Yes
CUST-00507,Female,0,No,Yes,9,Yes,Yes,Fiber optic,No,No internet service,Yes,No,No,Yes,Month-to-month,No,Credit card (automatic),83.4,770.39,Yes
CUST-00508,Female,1,Yes,No,40,Yes,No,No,No,Yes,No,No,No,Yes,Month-to-month,No,Credit card (automatic),44.77,1884.38,No
CUST-00509,Male,0,Yes,No,39,Yes,Yes,Fiber optic,No internet service,No,No,No internet service,No,No internet service,Month-to-month,Yes,Electronic check,36.88,1500.85,No
CUST-00510,Male,0,No,No,7,Yes,No phone service,Fiber optic,No,No,Yes,Yes,No internet service,Yes,Month-to-month,No,Credit card (automatic),54.45,414.89,No
CUST-00511,Female,0,Yes,Yes,41,Yes,No,DSL,No,Yes,Yes,Yes,Yes,Yes,Month-to-month,Yes,Mailed check,74.51,2815.02,No
CUST-00512,Female,0,No,No,41,Yes,No,No,No,Yes,Yes,No,Yes,Yes,Month-to-month,No,Mailed check,50.37,2081.97,No
CUST-00513,Male,0,Yes,No,61,Yes,No,DSL,Yes,No,Yes,No,No internet service,Yes,Month-to-month,No,Electronic check,60.53,3537.88,No
CUST-00514,Female,0,No,No,28,Yes,No,DSL,Yes,No,No,No,No,No,Month-to-month,No,Bank transfer (automatic),62.33,1855.87,No
CUST-00515,Male,0,No,No,25,No,Yes,Fiber optic,Yes,No,Yes,Yes,Yes,Yes,Month-to-month,No,Electronic check,29.15,664.92,No
CUST-00516,Male,0,Yes,No,6,Yes,Yes,DSL,No,Yes,No,No,No,Yes,One year,No,Mailed check,40.79,228.87,No
CUST-00517,Male,0,No,Yes,11,Yes,No,No,No internet service,No,No,No,No internet service,No internet service,Month-to-month,No,Credit card (automatic),80.07,928.69,Yes
CUST-00518,Male,1,Yes,No,4,Yes,No,DSL,No internet service,Yes,No,No,No,No,Month-to-month,Yes,Bank transfer (automatic),76.46,296.95,Yes
CUST-00519,Male,0,No,No,20,Yes,Yes,DSL,Yes,No,No,No,Yes,No,Month-to-month,Yes,Mailed check,73.24,1518.06,No
CUST-00520,Female,0,Yes,No,16,Yes,No,DSL,No internet service,No,Yes,No,No,Yes,One year,Yes,Electronic check,99.27,1746.68,Yes
CUST-00521,Male,0,No,Yes,67,No,No,DSL,No internet service,No,No internet service,No internet service,Yes,Yes,One year,Yes,Bank transfer (automatic),47.37,3148.3,No
CUST-00522,Male,0,Yes,Yes,13,Yes,No,No,Yes,Yes,Yes,No,Yes,No,Two year,No,Bank transfer (automatic),32.56,426.07,No
CUST-00523,Female,0,Yes,No,27,No,Yes,No,No,No,No,Yes,Yes,No,Month-to-month,Yes,Electronic check,89.59,2648.89,Yes
CUST-00524,Male,0,Yes,Yes,50,Yes,Yes,No,No,No,No internet service,No,No internet service,Yes,One year,Yes,Bank transfer (automatic),76.2,3997.75,No
CUST-00525,Male,0,No,No,2,Yes,No,No,Yes,Yes,No,Yes,No,No internet service,One year,Yes,Bank transfer (automatic),38.18,71.73,No
CUST-00526,Male,0,No,Yes,23,Yes,Yes,DSL,No,Yes,No,Yes,Yes,No internet service,Month-to-month,No,Credit card (automatic),81.27,1982.97,Yes
CUST-00527,Male,1,No,Yes,10,Yes,Yes,Fiber optic,Yes,No,No internet service,No internet service,No,No,One year,No,Mailed check,78.4,786.49,Yes
CUST-00528,Male,0,No,No,10,Yes,Yes,Fiber optic,No,Yes,No internet service,No,No,No,Two year,Yes,Mailed check,27.7,292.92,No
CUST-00529,Male,0,Yes,Yes,26,Yes,Yes,Fiber optic,No,No,Yes,No,Yes,Yes,Month-to-month,No,Mailed check,38.69,1025.77,No
CUST-00530,Female,0,No,No,11,Yes,No,No,No,Yes,No internet service,Yes,No,No,Month-to-month,Yes,Mailed check,74.09,770.55,No
CUST-00531,Female,1,No,Yes,64,Yes,No phone service,DSL,No,Yes,No internet service,No,No,No,Month-to-month,No,Mailed check,33.16,2255.7,No
CUST-00532,Male,0,No,No,43,Yes,No,Fiber optic,No,Yes,Yes,No,No,Yes,Two year,No,Bank transfer (automatic),63.6,2462.43,No
CUST-00533,Male,1,Yes,No,24,Yes,No,Fiber optic,Yes,Yes,Yes,Yes,Yes,No,One year,Yes,Electronic check,30.05,777.17,No
CUST-00534,Male,0,Yes,No,56,Yes,Yes,No,Yes,No,No,Yes,No internet service,Yes,Month-to-month,Yes,Bank transfer (automatic),56.77,3381.7,No
CUST-00535,Male,1,No,No,2,No,No,No,No,No,No internet service,No,No,Yes,Two year,Yes,Credit card (automatic),55.21,120.8,No
CUST-00536,Male,0,Yes,No,43,No,Yes,No,No,Yes,No,No internet service,Yes,No internet service,Two year,Yes,Credit card (automatic),57.32,2235.8,No
CUST-00537,Male,1,Yes,Yes,49,Yes,No phone service,Fiber optic,Yes,Yes,No,Yes,No,No internet service,One year,No,Mailed check,37.18,1799.1,No
CUST-00538,Male,1,No,No,58,Yes,Yes,No,No,Yes,Yes,Yes,No,No,Two year,No,Bank transfer (automatic),29.73,1610.23,No
CUST-00539,Female,0,Yes,No,16,Yes,No,No,No internet service,No internet service,No,No internet service,Yes,Yes,Month-to-month,Yes,Credit card (automatic),73.19,1141.53,No
CUST-00540,Male,1,Yes,Yes,27,Yes,Yes,DSL,No,Yes,No,No,No internet service,Yes,Month-to-month,Yes,Credit card (automatic),77.04,2021.75,Yes
CUST-00541,Female,0,No,No,18,Yes,Yes,No,No,No internet service,Yes,No internet service,No,Yes,Month-to-month,Yes,Electronic check,80.62,1479.48,Yes
CUST-00542,Male,0,Yes,No,57,Yes,Yes,Fiber optic,No internet service,No,No internet service,Yes,No,No,Month-to-month,Yes,Credit card (automatic),44.8,2521.64,No
CUST-00543,Male,0,No,Yes,13,Yes,No,DSL,No,No internet service,Yes,No,No internet service,Yes,Month-to-month,Yes,Mailed check,24.03,341.48,No
CUST-00544,Female,0,Yes,Yes,70,Yes,Yes,Fiber optic,No,Yes,No,Yes,No,No,Two year,Yes,Mailed check,48.52,3245.45,No
CUST-00545,Female,0,No,Yes,20,Yes,Yes,Fiber optic,No internet service,No internet service,No internet service,No,No internet service,Yes,Month-to-month,No,Bank transfer (automatic),45.43,893.84,No
CUST-00546,Female,0,Yes,Yes,28,Yes,Yes,Fiber optic,No,No internet service,No,No,Yes,Yes,Month-to-month,Yes,Credit card (automatic),27.96,814.3,No
CUST-00547,Male,0,No,No,14,Yes,No,Fiber optic,Yes,Yes,Yes,No,Yes,No,One year,No,Electronic check,46.66,624.05,No
CUST-00548,Male,1,Yes,Yes,17,Yes,No,Fiber optic,Yes,No internet service,No internet service,No,Yes,No internet service,Two year,Yes,Electronic check,69.61,1236.34,Yes
CUST-00549,Male,0,No,No,19,Yes,Yes,Fiber optic,No,No,Yes,No,Yes,Yes,Two year,Yes,Electronic check,75.71,1498.54,No
CUST-00550,Male,0,Yes,Yes,10,Yes,No,DSL,No,Yes,No internet service,No,No,No,Month-to-month,Yes,Bank transfer (automatic),62.19,648.3,No
CUST-00551,Female,0,No,No,53,Yes,Yes,Fiber optic,Yes,No,No,Yes,Yes,Yes,Two year,No,Credit card (automatic),50.15,2751.02,No
CUST-00552,Male,0,No,No,43,Yes,Yes,Fiber optic,No,Yes,Yes,Yes,Yes,Yes,Month-to-month,No,Bank transfer (automatic),66.2,3027.34,No
CUST-00553,Female,0,Yes,No,28,Yes,No,No,No,No,Yes,No internet service,Yes,Yes,Month-to-month,Yes,Mailed check,36.8,1132.4,No
CUST-00554,Male,0,No,No,39,Yes,No phone service,Fiber optic,No internet service,No,Yes,No internet service,No,No internet service,Two year,Yes,Mailed check,60.13,2136.52,No
CUST-00555,Male,0,No,Yes,43,Yes,No,No,No,Yes,Yes,No internet service,No internet service,Yes,Month-to-month,Yes,Electronic check,20.3,872.4,No
CUST-00556,Male,0,No,No,12,Yes,No,Fiber optic,No,Yes,No internet service,No,Yes,No,Month-to-month,Yes,Electronic check,76.25,972.29,Yes
CUST-00557,Female,0,No,No,22,Yes,No,Fiber optic,No,Yes,Yes,No,Yes,Yes,Month-to-month,Yes,Mailed check,57.46,1137.72,No
CUST-00558,Male,0,No,No,9,Yes,No,DSL,Yes,No,No,No,Yes,No internet service,One year,No,Electronic check,87.86,797.88,Yes
CUST-00559,Male,0,Yes,No,1,Yes,No,Fiber optic,No,Yes,Yes,No,No,No internet service,Month-to-month,Yes,Mailed check,61.32,63.28,No
CUST-00560,Male,0,No,Yes,68,Yes,No,Fiber optic,Yes,No,Yes,Yes,No,No,Month-to-month,No,Credit card (automatic),58.21,3714.25,No
CUST-00561,Female,0,Yes,Yes,69,Yes,No,Fiber optic,Yes,No,No,No,No internet service,Yes,Two year,Yes,Mailed check,23.82,1610.98,No
CUST-00562,Male,1,Yes,No,21,Yes,No,No,No,No internet service,No internet service,No,No internet service,No,Two year,Yes,Mailed check,69.64,1547.1,Yes
CUST-00563,Female,0,Yes,Yes,23,Yes,No phone service,No,No internet service,No,Yes,No internet service,Yes,Yes,One year,No,Electronic check,56.78,1192.76,No
CUST-00564,Male,0,Yes,No,15,Yes,Yes,Fiber optic,No,No internet service,No,No,Yes,No,Month-to-month,No,Mailed check,62.81,873.35,No
CUST-00565,Female,0,No,No,40,No,No,DSL,No,No,No,Yes,Yes,Yes,Two year,Yes,Bank transfer (automatic),68.97,2934.3,No
CUST-00566,Female,0,Yes,No,16,Yes,No,No,No,No,Yes,No internet service,Yes,No internet service,Month-to-month,Yes,Bank transfer (automatic),39.83,676.69,No
CUST-00567,Male,0,Yes,Yes,57,Yes,Yes,DSL,No,No internet service,No,No,No,Yes,Month-to-month,No,Electronic check,70.2,4073.75,No
CUST-00568,Male,0,No,Yes,28,Yes,No,Fiber optic,No,No,No,No,No,No,Two year,Yes,Bank transfer (automatic),41.26,1135.91,No
CUST-00569,Male,1,Yes,No,10,Yes,Yes,DSL,No internet service,Yes,No internet service,Yes,No,No,One year,Yes,Mailed check,73.75,679.33,Yes
CUST-00570,Female,1,No,No,61,Yes,No phone service,Fiber optic,No,No,No internet service,No,No,No internet service,Two year,Yes,Bank transfer (automatic),56.6,3667.65,No
CUST-00571,Male,0,Yes,No,29,Yes,No,Fiber optic,No internet service,Yes,No,No,No internet service,No,Two year,Yes,Credit card (automatic),34.5,948.82,No
CUST-00572,Male,0,No,No,18,Yes,No,No,No,No,Yes,No,No,No internet service,Two year,Yes,Bank transfer (automatic),96.56,1881.71,Yes
CUST-00573,Male,0,No,No,2,Yes,Yes,Fiber optic,Yes,Yes,No,No,Yes,No internet service,One year,Yes,Credit card (automatic),35.5,74.92,No
CUST-00574,Male,1,Yes,Yes,5,Yes,Yes,Fiber optic,Yes,Yes,No internet service,No,No internet service,Yes,Two year,No,Mailed check,69.67,319.15,No
CUST-00575,Male,0,No,No,36,Yes,No,Fiber optic,No,Yes,No,Yes,No,Yes,Two year,No,Credit card (automatic),74.84,2767.25,No
CUST-00576,Male,0,Yes,No,34,Yes,Yes,Fiber optic,No,No,Yes,No,No,No,Month-to-month,Yes,Mailed check,77.7,2864.04,No
CUST-00577,Female,0,Yes,No,9,Yes,Yes,Fiber optic,No,No,Yes,No internet service,Yes,Yes,Month-to-month,Yes,Electronic check,59.23,573.49,Yes
CUST-00578,Male,0,Yes,Yes,7,No,Yes,DSL,No internet service,No,Yes,No,No,Yes,One year,No,Bank transfer (automatic),47.36,339.04,No
CUST-00579,Female,0,Yes,No,60,Yes,No,Fiber optic,Yes,No,No,No,No,No,Month-to-month,No,Credit card (automatic),68.15,3820.73,No
CUST-00580,Male,1,Yes,No,29,Yes,No phone service,No,No,Yes,Yes,No,No,No internet service,Two year,Yes,Electronic check,39.07,1173.87,No
CUST-00581,Female,0,No,Yes,34,Yes,Yes,Fiber optic,No,No,Yes,Yes,Yes,Yes,One year,No,Electronic check,43.11,1514.44,No
CUST-00582,Female,0,No,Yes,29,No,No,No,No,No,No,No,No,Yes,Month-to-month,Yes,Bank transfer (automatic),34.24,1010.58,No
CUST-00583,Female,0,Yes,No,36,Yes,Yes,No,No,Yes,No,No internet service,Yes,No,Two year,Yes,Credit card (automatic),54.34,1864.59,No
CUST-00584,Female,0,Yes,No,47,Yes,Yes,No,No,No,No internet service,No internet service,No,No,Month-to-month,No,Mailed check,59.56,3023.43,No
CUST-00585,Male,0,No,Yes,55,Yes,No,No,No internet service,Yes,No,Yes,No internet service,No internet service,Two year,No,Bank transfer (automatic),39.11,2152.16,No
CUST-00586,Female,0,No,Yes,23,Yes,No,Fiber optic,No,No,No,No,No internet service,Yes,Month-to-month,Yes,Electronic check,75.85,1673.76,Yes
CUST-00587,Male,0,No,No,6,Yes,No phone service,No,No,Yes,Yes,No,Yes,Yes,Two year,No,Mailed check,88.51,505.06,Yes
CUST-00588,Male,0,No,No,63,Yes,Yes,Fiber optic,No internet service,Yes,No,No internet service,No,No internet service,Month-to-month,Yes,Mailed check,57.0,3433.73,No
CUST-00589,Male,0,No,No,21,Yes,Yes,DSL,No,Yes,No,No,No internet service,No internet service,Month-to-month,Yes,Electronic check,33.14,690.52,No
CUST-00590,Female,0,Yes,Yes,2,Yes,Yes,No,Yes,No,No internet service,Yes,No,No,Month-to-month,Yes,Credit card (automatic),38.88,73.57,No
CUST-00591,Female,1,No,No,3,Yes,No,DSL,No,No,No,Yes,Yes,No internet service,Two year,Yes,Bank transfer (automatic),77.43,233.1,No
CUST-00592,Female,1,Yes,Yes,16,Yes,Yes,Fiber optic,Yes,No,No,No,Yes,Yes,One year,No,Mailed check,80.88,1214.37,Yes
CUST-00593,Male,0,Yes,No,28,Yes,Yes,No,Yes,No,No internet service,No,Yes,No internet service,Month-to-month,Yes,Credit card (automatic),55.73,1488.96,No
CUST-00594,Male,0,Yes,No,2,Yes,Yes,No,No internet service,No,Yes,No internet service,No internet service,No,Two year,No,Electronic check,58.38,107.88,No
CUST-00595,Male,0,Yes,No,58,Yes,No,DSL,Yes,No internet service,No,Yes,Yes,No internet service,Month-to-month,Yes,Mailed check,77.27,4353.84,No
CUST-00596,Female,0,No,Yes,23,Yes,No,DSL,No internet service,No internet service,No internet service,No internet service,Yes,No,One year,Yes,Mailed check,91.31,2060.63,Yes
CUST-00597,Male,0,Yes,Yes,70,Yes,No,Fiber optic,No,No internet service,No internet service,Yes,Yes,No internet service,Month-to-month,Yes,Mailed check,36.85,2529.83,No
CUST-00598,Female,0,No,No,9,Yes,Yes,Fiber optic,No,No internet service,No,No,No internet service,No internet service,Two year,Yes,Mailed check,88.82,835.33,Yes
CUST-00599,Female,0,Yes,No,4,Yes,Yes,Fiber optic,No,No,No,No,Yes,Yes,Two year,Yes,Credit card (automatic),68.06,271.33,No
CUST-00600,Female,0,Yes,No,50,Yes,Yes,Fiber optic,No,No,Yes,Yes,Yes,Yes,Month-to-month,Yes,Bank transfer (automatic),27.26,1415.61,No
CUST-00601,Female,1,Yes,No,43,No,Yes,DSL,No internet service,No,No,No,No internet service,Yes,Month-to-month,Yes,Electronic check,32.41,1263.5,No
CUST-00602,Male,0,Yes,No,10,Yes,No,Fiber optic,No,No internet service,No,No,Yes,Yes,Two year,Yes,Mailed check,87.35,862.42,Yes
CUST-00603,Female,0,No,No,13,Yes,No,Fiber optic,No,No,Yes,No internet service,Yes,Yes,Month-to-month,Yes,Credit card (automatic),86.39,1030.93,Yes
CUST-00604,Male,0,Yes,No,19,Yes,No phone service,Fiber optic,No internet service,No,No internet service,No,No,No internet service,Two year,Yes,Electronic check,85.15,1605.59,Yes
CUST-00605,Male,0,No,No,11,Yes,No,No,No,No,No internet service,Yes,Yes,No,Two year,Yes,Electronic check,42.31,476.13,No
CUST-00606,Female,0,Yes,No,52,Yes,No,Fiber optic,Yes,No internet service,No internet service,No,No,Yes,One year,No,Electronic check,36.57,2014.5,No
CUST-00607,Female,0,No,No,20,Yes,No phone service,DSL,No internet service,Yes,Yes,No internet service,No internet service,No internet service,Month-to-month,Yes,Mailed check,65.28,1318.71,No
CUST-00608,Female,0,No,Yes,67,Yes,Yes,DSL,No,No internet service,Yes,No internet service,No internet service,Yes,Month-to-month,Yes,Credit card (automatic),21.9,1431.94,No
CUST-00609,Male,0,No,No,57,Yes,No,Fiber optic,Yes,No,No,No,No internet service,No internet service,Month-to-month,Yes,Credit card (automatic),64.32,3493.53,No
CUST-00610,Male,0,No,No,46,Yes,Yes,Fiber optic,No,No,Yes,No internet service,No internet service,Yes,Two year,Yes,Electronic check,32.62,1637.8,No
CUST-00611,Female,1,Yes,No,3,Yes,No,No,No internet service,Yes,No,No,No internet service,No,Month-to-month,No,Electronic check,84.84,239.16,Yes
CUST-00612,Female,0,Yes,No,2,No,Yes,Fiber optic,No internet service,No,No,Yes,Yes,No,Month-to-month,Yes,Credit card (automatic),44.82,81.44,No
CUST-00613,Male,0,Yes,No,11,Yes,Yes,Fiber optic,Yes,No,No,No,No,No,Two year,No,Bank transfer (automatic),58.54,595.76,No
CUST-00614,Male,0,No,No,36,Yes,No,No,No,Yes,No,Yes,Yes,No,Month-to-month,No,Electronic check,27.26,1079.01,No
CUST-00615,Male,0,No,No,56,No,No,Fiber optic,Yes,Yes,Yes,No,No,Yes,One year,No,Electronic check,35.23,2133.13,No
CUST-00616,Male,0,Yes,No,11,Yes,Yes,No,No,Yes,Yes,Yes,Yes,No internet service,One year,Yes,Mailed check,62.04,657.91,No
CUST-00617,Male,0,Yes,No,51,Yes,Yes,Fiber optic,Yes,Yes,No internet service,No,No,No,Two year,Yes,Bank transfer (automatic),53.02,2435.7,No
CUST-00618,Female,0,No,No,13,Yes,Yes,No,Yes,No,No,Yes,Yes,No,Month-to-month,Yes,Mailed check,87.99,1205.0,Yes
CUST-00619,Male,0,Yes,No,19,Yes,No,Fiber optic,No internet service,Yes,Yes,Yes,Yes,Yes,Two year,Yes,Mailed check,53.8,981.42,No
CUST-00620,Male,0,No,Yes,43,Yes,Yes,DSL,No,No internet service,Yes,No internet service,No,Yes,Two year,Yes,Electronic check,54.16,2106.31,No
CUST-00621,Female,0,Yes,No,13,Yes,Yes,Fiber optic,No,No,No,No internet service,No internet service,No internet service,Month-to-month,Yes,Electronic check,68.28,879.94,Yes
CUST-00622,Male,0,No,Yes,56,Yes,No,Fiber optic,No,No,Yes,No,No,Yes,Month-to-month,Yes,Mailed check,45.48,2508.25,No
CUST-00623,Male,1,Yes,No,38,Yes,Yes,No,Yes,No internet service,No,Yes,Yes,No,Two year,No,Mailed check,73.7,2723.17,No
CUST-00624,Female,1,Yes,No,3,Yes,No,DSL,No,Yes,No,Yes,No internet service,No internet service,One year,Yes,Credit card (automatic),42.33,130.89,No
CUST-00625,Female,0,Yes,No,25,Yes,No,Fiber optic,No,No,Yes,Yes,Yes,No,Month-to-month,Yes,Mailed check,59.34,1550.56,Yes
CUST-00626,Male,0,No,Yes,56,Yes,Yes,DSL,Yes,No,No,No,Yes,No,Month-to-month,Yes,Mailed check,66.77,3783.38,No
CUST-00627,Male,0,No,Yes,10,Yes,No,Fiber optic,Yes,No,Yes,No,Yes,No,Month-to-month,Yes,Electronic check,94.19,850.34,Yes
CUST-00628,Male,1,No,Yes,51,Yes,No,DSL,No,No internet service,No,No,No,No,One year,Yes,Electronic check,30.33,1399.08,No
CUST-00629,Male,0,No,No,50,Yes,No,No,No internet service,Yes,Yes,No internet service,No internet service,No,One year,No,Credit card (automatic),24.31,1308.3,No
CUST-00630,Female,0,Yes,No,15,Yes,Yes,No,No,No,No,No,Yes,Yes,One year,No,Electronic check,84.21,1183.94,Yes
CUST-00631,Female,0,Yes,Yes,29,Yes,No,Fiber optic,No,No,Yes,Yes,No,Yes,Month-to-month,Yes,Bank transfer (automatic),97.07,2757.64,Yes
CUST-00632,Female,0,Yes,No,18,Yes,Yes,DSL,Yes,No,No,No internet service,No,Yes,Month-to-month,Yes,Electronic check,20.62,341.73,No
CUST-00633,Female,0,Yes,No,15,Yes,Yes,No,No,Yes,No internet service,No,No,No internet service,Month-to-month,No,Electronic check,29.69,421.24,No
CUST-00634,Female,0,No,No,28,Yes,No,DSL,No,Yes,No,Yes,No internet service,No internet service,Two year,No,Mailed check,38.15,1065.07,No
CUST-00635,Female,0,Yes,No,38,Yes,No,DSL,No,No,No internet service,No internet service,No,Yes,Month-to-month,Yes,Credit card (automatic),37.65,1355.03,No
CUST-00636,Male,1,Yes,No,2,Yes,Yes,DSL,No,No,Yes,Yes,No,No,Month-to-month,No,Mailed check,99.74,205.83,Yes
CUST-00637,Female,0,Yes,No,41,Yes,Yes,DSL,Yes,No,No,No,Yes,No internet service,Two year,No,Bank transfer (automatic),30.37,1212.13,No
CUST-00638,Male,0,No,Yes,17,Yes,No,DSL,No internet service,Yes,No,No,No,Yes,Month-to-month,Yes,Mailed check,70.82,1273.4,No
CUST-00639,Female,0,No,No,40,Yes,No,DSL,No,Yes,Yes,No internet service,Yes,No internet service,Month-to-month,No,Bank transfer (automatic),62.03,2531.79,No
CUST-00640,Male,0,Yes,No,22,Yes,No,DSL,Yes,No,No,No,No,Yes,Month-to-month,Yes,Mailed check,37.77,790.05,No
CUST-00641,Male,0,No,No,8,Yes,No,No,No,Yes,No,Yes,No,No,One year,No,Electronic check,94.72,804.5,Yes
CUST-00642,Male,0,Yes,Yes,22,Yes,No,No,No,Yes,Yes,No,No,Yes,One year,No,Electronic check,62.69,1498.37,Yes
CUST-00643,Female,0,No,No,62,Yes,No,No,Yes,No,Yes,No,No,Yes,Month-to-month,Yes,Electronic check,40.93,2344.82,No
CUST-00644,Male,0,No,No,13,Yes,No,No,No,No,Yes,No internet service,No,Yes,Two year,No,Electronic check,43.88,589.8,No
CUST-00645,Female,0,No,No,7,Yes,Yes,Fiber optic,No,No,Yes,No,No,Yes,Two year,Yes,Bank transfer (automatic),74.25,533.35,No
CUST-00646,Female,0,Yes,Yes,14,Yes,No,Fiber optic,No,No,No,No,Yes,No,One year,No,Credit card (automatic),64.59,934.95,No
CUST-00647,Female,0,No,No,30,Yes,No,No,No internet service,Yes,No,Yes,No internet service,No internet service,Two year,Yes,Electronic check,48.75,1325.37,No
CUST-00648,Male,0,Yes,Yes,65,Yes,No,DSL,No,Yes,Yes,Yes,No internet service,Yes,Month-to-month,No,Bank transfer (automatic),28.09,1653.54,No
CUST-00649,Female,0,Yes,No,7,Yes,Yes,Fiber optic,No internet service,Yes,No internet service,Yes,No,No,Month-to-month,Yes,Bank transfer (automatic),73.28,491.91,Yes
CUST-00650,Female,0,Yes,No,24,No,No,DSL,No,No internet service,No,Yes,Yes,Yes,Month-to-month,No,Electronic check,70.29,1545.33,Yes
CUST-00651,Male,0,Yes,No,50,Yes,Yes,DSL,No internet service,No internet service,Yes,No,No,Yes,One year,Yes,Mailed check,24.68,1200.95,No
CUST-00652,Male,0,No,No,25,Yes,Yes,Fiber optic,Yes,Yes,Yes,No,No internet service,No,Two year,Yes,Bank transfer (automatic),70.92,1905.06,No
CUST-00653,Female,0,No,Yes,23,No,No,No,Yes,No internet service,Yes,No,No internet service,Yes,Month-to-month,Yes,Credit card (automatic),80.84,1805.19,Yes
CUST-00654,Male,0,Yes,No,28,No,Yes,No,No,Yes,No,No,No,Yes,Month-to-month,No,Credit card (automatic),61.66,1689.48,Yes
CUST-00655,Female,0,Yes,Yes,51,Yes,Yes,DSL,No,No,Yes,Yes,No,No internet service,Month-to-month,Yes,Bank transfer (automatic),31.03,1508.95,No
CUST-00656,Female,0,No,No,8,Yes,Yes,DSL,Yes,No,Yes,Yes,Yes,No,Two year,No,Electronic check,90.91,715.88,Yes
CUST-00657,Female,0,No,Yes,7,Yes,Yes,No,No,No,No internet service,Yes,Yes,No,Month-to-month,No,Mailed check,65.52,485.93,Yes
CUST-00658,Male,0,No,No,29,Yes,Yes,Fiber optic,Yes,No internet service,No internet service,No,No,No,Month-to-month,Yes,Bank transfer (automatic),52.5,1623.26,No
CUST-00659,Female,0,Yes,Yes,6,Yes,No,DSL,Yes,No internet service,No,No,Yes,Yes,Month-to-month,No,Credit card (automatic),56.01,330.75,No
CUST-00660,Female,0,Yes,Yes,20,Yes,Yes,Fiber optic,No,No internet service,No internet service,No,No internet service,No internet service,Month-to-month,Yes,Credit card (automatic),73.24,1434.58,Yes
CUST-00661,Male,0,No,No,62,Yes,No,No,No internet service,Yes,Yes,No,Yes,Yes,Two year,Yes,Bank transfer (automatic),60.97,3549.6,No
CUST-00662,Female,0,Yes,No,32,Yes,No,Fiber optic,Yes,No,No,No,No,Yes,One year,No,Electronic check,24.14,845.96,No
CUST-00663,Female,0,Yes,No,50,Yes,No,No,No,No,No internet service,No,No,Yes,Two year,No,Mailed check,62.2,2992.44,No
CUST-00664,Female,1,Yes,Yes,17,Yes,No,DSL,No,Yes,No internet service,No internet service,Yes,No,One year,Yes,Credit card (automatic),29.28,482.09,No
CUST-00665,Female,0,Yes,No,61,Yes,Yes,DSL,Yes,Yes,No,No,No internet service,No,Month-to-month,Yes,Credit card (automatic),60.62,3645.94,No
CUST-00666,Male,0,Yes,No,27,Yes,No,DSL,Yes,No,No internet service,Yes,Yes,Yes,Two year,No,Electronic check,27.44,678.71,No
CUST-00667,Male,0,Yes,No,19,Yes,Yes,DSL,Yes,No,Yes,No,No,No,One year,Yes,Bank transfer (automatic),48.76,894.67,No
CUST-00668,Female,0,No,No,36,Yes,Yes,Fiber optic,No internet service,No,No,No internet service,No,Yes,One year,Yes,Bank transfer (automatic),43.21,1689.52,No
CUST-00669,Female,0,No,Yes,17,No,Yes,Fiber optic,Yes,No,No,No,Yes,No,One year,No,Mailed check,82.13,1277.37,Yes
CUST-00670,Female,0,No,No,13,No,Yes,Fiber optic,No,No internet service,No,Yes,Yes,No,Month-to-month,Yes,Electronic check,61.07,752.7,Yes
CUST-00671,Female,0,No,Yes,12,Yes,Yes,Fiber optic,Yes,Yes,Yes,No internet service,Yes,No,Two year,Yes,Electronic check,79.76,903.09,Yes
CUST-00672,Male,0,No,No,24,No,Yes,DSL,No internet service,No internet service,No,Yes,Yes,No,Month-to-month,No,Credit card (automatic),67.13,1525.75,Yes
CUST-00673,Female,1,Yes,No,56,Yes,Yes,No,No,No,No,No,No,No internet service,Month-to-month,No,Bank transfer (automatic),31.65,1933.55,No
CUST-00674,Female,0,No,No,1,Yes,Yes,Fiber optic,No internet service,No,No,No internet service,Yes,Yes,Month-to-month,No,Bank transfer (automatic),56.27,58.62,Yes
CUST-00675,Female,0,No,Yes,69,Yes,No,Fiber optic,No internet service,No,Yes,Yes,No internet service,No,Two year,No,Credit card (automatic),42.71,3194.41,No
CUST-00676,Female,0,Yes,No,19,Yes,No,DSL,No internet service,No,Yes,No,Yes,No,Month-to-month,Yes,Mailed check,66.57,1355.29,No
CUST-00677,Male,1,No,No,13,Yes,No phone service,DSL,Yes,Yes,No internet service,No internet service,No internet service,No,Two year,Yes,Bank transfer (automatic),69.87,930.97,Yes
CUST-00678,Female,0,No,Yes,39,Yes,No,Fiber optic,No,No internet service,Yes,No internet service,No internet service,No internet service,Two year,Yes,Credit card (automatic),75.46,2978.14,No
CUST-00679,Male,0,No,No,67,Yes,Yes,Fiber optic,No,No,No,Yes,No,No,Two year,No,Credit card (automatic),30.24,2029.77,No
CUST-00680,Female,1,Yes,No,16,Yes,No,DSL,Yes,No internet service,Yes,No,No,Yes,Month-to-month,Yes,Credit card (automatic),23.62,392.25,No
CUST-00681,Male,0,No,Yes,14,Yes,Yes,DSL,Yes,No,Yes,Yes,No,Yes,One year,No,Mailed check,69.71,1015.33,No
CUST-00682,Male,0,No,No,9,Yes,Yes,No,No,No,No,No,Yes,Yes,Month-to-month,Yes,Bank transfer (automatic),88.09,808.58,Yes
CUST-00683,Female,0,No,Yes,64,Yes,No,Fiber optic,No internet service,Yes,No,No,No internet service,Yes,Month-to-month,No,Credit card (automatic),54.97,3482.15,No
CUST-00684,Male,0,No,No,54,Yes,Yes,DSL,No internet service,No internet service,Yes,No,No internet service,No internet service,Two year,Yes,Electronic check,78.72,4399.97,No
CUST-00685,Female,0,Yes,No,34,Yes,Yes,Fiber optic,No internet service,No,Yes,No internet service,Yes,Yes,Month-to-month,Yes,Electronic check,31.19,987.65,No
CUST-00686,Male,0,Yes,No,3,Yes,Yes,No,Yes,No internet service,No,No,Yes,Yes,One year,No,Electronic check,70.12,212.53,Yes
CUST-00687,Female,0,Yes,No,2,Yes,Yes,Fiber optic,No,No,No,Yes,No,Yes,Month-to-month,Yes,Bank transfer (automatic),86.97,174.61,Yes
CUST-00688,Female,0,No,No,54,Yes,Yes,Fiber optic,Yes,No,No,Yes,Yes,No,Month-to-month,No,Electronic check,59.0,3208.09,No
CUST-00689,Female,0,Yes,No,20,Yes,No,Fiber optic,No internet service,Yes,No,No,No,No internet service,Two year,Yes,Mailed check,76.25,1528.3,No
CUST-00690,Female,0,Yes,No,1,Yes,No,DSL,No,No,No,No,Yes,Yes,Two year,No,Electronic check,57.9,60.8,No
CUST-00691,Female,0,No,Yes,6,Yes,No,Fiber optic,No,No internet service,Yes,No,Yes,No internet service,Two year,No,Bank transfer (automatic),38.21,241.07,No
CUST-00692,Male,0,No,Yes,19,No,No,DSL,No internet service,Yes,Yes,No,Yes,No internet service,Two year,Yes,Mailed check,61.66,1131.61,Yes
CUST-00693,Female,0,Yes,No,49,Yes,Yes,DSL,No,Yes,Yes,No,No,No,Month-to-month,Yes,Credit card (automatic),65.56,3116.55,No
CUST-00694,Female,0,Yes,No,32,Yes,No phone service,Fiber optic,No,No,Yes,No,No,No,Month-to-month,Yes,Mailed check,76.02,2197.4,No
CUST-00695,Female,0,Yes,Yes,44,No,No,DSL,No,No,No internet service,No,No,Yes,Two year,Yes,Credit card (automatic),48.57,1971.8,No
CUST-00696,Male,0,Yes,No,34,Yes,Yes,Fiber optic,Yes,Yes,Yes,No,No,No,Month-to-month,Yes,Credit card (automatic),50.17,1624.7,No
CUST-00697,Male,0,No,No,17,Yes,Yes,Fiber optic,No,No internet service,No,Yes,No internet service,No internet service,Two year,Yes,Bank transfer (automatic),94.35,1689.19,Yes
CUST-00698,Male,1,No,No,54,Yes,No,Fiber optic,No internet service,Yes,No,Yes,Yes,Yes,Month-to-month,No,Bank transfer (automatic),36.13,2067.26,No
CUST-00699,Male,0,Yes,Yes,22,Yes,Yes,Fiber optic,No internet service,No internet service,No,No internet service,Yes,No,Month-to-month,Yes,Electronic check,80.13,1674.02,Yes
CUST-00700,Female,0,Yes,No,69,Yes,No phone service,Fiber optic,No internet service,Yes,No,No internet service,No internet service,Yes,Month-to-month,No,Credit card (automatic),78.64,5827.43,No
CUST-00701,Male,1,Yes,No,59,Yes,Yes,Fiber optic,Yes,No,No,No,Yes,Yes,Two year,Yes,Bank transfer (automatic),51.78,2979.07,No
CUST-00702,Male,0,Yes,No,27,Yes,Yes,Fiber optic,Yes,No,Yes,No,No internet service,Yes,Month-to-month,Yes,Mailed check,77.31,2211.8,No
CUST-00703,Male,0,No,Yes,5,Yes,Yes,DSL,Yes,No,No,No,Yes,Yes,Two year,No,Bank transfer (automatic),59.64,296.22,Yes
CUST-00704,Female,0,No,No,25,Yes,Yes,Fiber optic,No,No,Yes,Yes,No,No internet service,Month-to-month,No,Electronic check,71.0,1850.47,No
CUST-00705,Female,0,No,No,7,Yes,No phone service,Fiber optic,No,Yes,No,No internet service,No internet service,Yes,Two year,Yes,Bank transfer (automatic),83.61,568.45,Yes
CUST-00706,Female,1,No,No,44,Yes,Yes,DSL,No,No,No,No,Yes,Yes,Month-to-month,Yes,Mailed check,63.02,2534.75,No
CUST-00707,Male,0,Yes,Yes,60,Yes,Yes,DSL,Yes,No,No internet service,No,Yes,No,Month-to-month,Yes,Mailed check,63.09,3599.2,No
CUST-00708,Male,0,Yes,No,20,Yes,No phone service,Fiber optic,No,Yes,Yes,No,Yes,Yes,Two year,No,Mailed check,58.15,1208.84,No
CUST-00709,Male,0,No,No,8,Yes,Yes,Fiber optic,Yes,No,No,Yes,Yes,No internet service,Month-to-month,Yes,Bank transfer (automatic),97.69,846.85,Yes
CUST-00710,Male,0,Yes,No,11,Yes,No,Fiber optic,Yes,Yes,No internet service,No,No,Yes,Month-to-month,Yes,Credit card (automatic),43.52,491.0,No
CUST-00711,Male,0,Yes,No,23,Yes,Yes,Fiber optic,No,No,No internet service,Yes,No,No internet service,Month-to-month,No,Mailed check,87.26,2114.94,Yes
CUST-00712,Female,0,Yes,No,20,Yes,No,Fiber optic,No internet service,Yes,No,No,No internet service,No,One year,No,Mailed check,84.84,1531.91,Yes
CUST-00713,Male,1,No,Yes,45,Yes,Yes,Fiber optic,No,No,No,No internet service,No internet service,Yes,Month-to-month,Yes,Bank transfer (automatic),32.0,1514.9,No
CUST-00714,Male,0,Yes,No,58,Yes,Yes,Fiber optic,Yes,No internet service,No,No,No internet service,No internet service,Two year,Yes,Mailed check,63.04,3901.69,No
CUST-00715,Male,0,Yes,Yes,34,Yes,Yes,No,No,Yes,No internet service,No internet service,No internet service,No internet service,Month-to-month,No,Credit card (automatic),65.01,2171.73,No
CUST-00716,Male,0,No,Yes,69,No,Yes,Fiber optic,No internet service,No,No,No,No internet service,Yes,Two year,No,Electronic check,74.14,5109.41,No
CUST-00717,Female,0,Yes,No,22,Yes,No,Fiber optic,No,No,No,No,Yes,Yes,Month-to-month,No,Mailed check,97.89,1960.78,Yes
CUST-00718,Female,0,No,Yes,16,Yes,No,Fiber optic,No internet service,Yes,Yes,No internet service,No internet service,No,Month-to-month,Yes,Electronic check,23.36,349.44,No
CUST-00719,Female,0,Yes,Yes,62,Yes,Yes,Fiber optic,No,No,No,No,Yes,No internet service,Month-to-month,No,Bank transfer (automatic),50.45,2850.44,No
CUST-00720,Female,0,No,Yes,2,Yes,No,Fiber optic,No,Yes,Yes,No,No internet service,Yes,One year,Yes,Electronic check,72.52,151.75,No
CUST-00721,Female,0,No,Yes,43,Yes,No,No,No,No,Yes,Yes,No internet service,No,One year,Yes,Electronic check,78.29,3568.37,No
CUST-00722,Male,0,Yes,No,32,Yes,No,Fiber optic,No internet service,No internet service,No,Yes,No,Yes,Month-to-month,Yes,Electronic check,71.47,2108.04,No
CUST-00723,Male,0,No,No,28,Yes,Yes,No,No internet service,No,Yes,No,No,No,One year,No,Credit card (automatic),57.93,1758.81,Yes
CUST-00724,Male,0,No,No,67,Yes,Yes,Fiber optic,No,No,Yes,No,No internet service,No internet service,Month-to-month,Yes,Credit card (automatic),71.8,5137.27,No
CUST-00725,Male,0,Yes,No,5,Yes,Yes,Fiber optic,No internet service,No,No,Yes,No internet service,Yes,Two year,No,Electronic check,84.56,429.25,Yes
CUST-00726,Female,1,Yes,No,10,Yes,Yes,Fiber optic,No,No internet service,Yes,Yes,No,Yes,Two year,No,Credit card (automatic),75.27,824.7,No
CUST-00727,Female,0,Yes,Yes,11,Yes,Yes,Fiber optic,No,No,No internet service,Yes,No internet service,No,Month-to-month,No,Electronic check,94.22,1115.7,Yes
CUST-00728,Female,0,No,No,9,Yes,Yes,Fiber optic,No internet service,No,No internet service,No,No,No,One year,No,Bank transfer (automatic),43.36,368.59,No
CUST-00729,Male,0,Yes,No,12,Yes,No phone service,Fiber optic,Yes,No,No internet service,No internet service,No internet service,Yes,Two year,Yes,Electronic check,88.44,1157.65,Yes
CUST-00730,Male,0,No,No,29,Yes,Yes,DSL,Yes,No,Yes,No,No,No,One year,Yes,Electronic check,61.06,1750.54,Yes
CUST-00731,Male,0,Yes,Yes,19,Yes,No phone service,Fiber optic,Yes,Yes,Yes,Yes,No internet service,Yes,Month-to-month,No,Credit card (automatic),34.41,608.66,No
CUST-00732,Male,0,No,Yes,55,Yes,No,Fiber optic,No,No,Yes,No,Yes,Yes,Month-to-month,Yes,Bank transfer (automatic),26.11,1349.91,No
CUST-00733,Female,0,No,No,63,Yes,No,Fiber optic,No internet service,No,No internet service,No internet service,Yes,No internet service,Month-to-month,No,Bank transfer (automatic),63.99,4179.88,No
CUST-00734,Female,0,Yes,No,1,Yes,No,DSL,Yes,Yes,No internet service,No internet service,No,Yes,Two year,No,Mailed check,62.05,68.1,Yes
CUST-00735,Female,0,No,No,36,Yes,Yes,DSL,No,No internet service,Yes,No,No,No,Month-to-month,Yes,Credit card (automatic),58.22,2072.98,No
CUST-00736,Female,0,Yes,Yes,50,Yes,Yes,Fiber optic,No,No,Yes,No,No,Yes,Month-to-month,No,Bank transfer (automatic),28.56,1448.89,No
CUST-00737,Female,1,Yes,No,28,Yes,Yes,Fiber optic,No,No,Yes,Yes,Yes,Yes,Month-to-month,Yes,Electronic check,97.03,2608.3,Yes
CUST-00738,Male,1,No,No,4,No,Yes,DSL,No,No,Yes,No,Yes,No internet service,One year,No,Credit card (automatic),27.0,115.46,No
CUST-00739,Male,0,No,No,65,Yes,No phone service,DSL,Yes,No internet service,Yes,Yes,No internet service,Yes,Month-to-month,Yes,Electronic check,38.21,2292.49,No
CUST-00740,Female,0,Yes,No,52,Yes,No phone service,Fiber optic,Yes,No,Yes,No,No,No internet service,Month-to-month,Yes,Credit card (automatic),21.9,1157.53,No
CUST-00741,Female,0,No,No,28,Yes,No,Fiber optic,Yes,No,No,No,No,Yes,Month-to-month,Yes,Credit card (automatic),49.25,1402.78,No
CUST-00742,Male,0,Yes,No,32,Yes,No,Fiber optic,Yes,No,No,No,Yes,Yes,Month-to-month,Yes,Bank transfer (automatic),39.28,1131.55,No
CUST-00743,Male,0,Yes,No,32,No,No,No,No,No internet service,No,No,No,No internet service,Two year,Yes,Mailed check,25.85,900.09,No
CUST-00744,Female,0,No,Yes,12,Yes,No,DSL,No,No internet service,Yes,No internet service,No internet service,No,One year,Yes,Bank transfer (automatic),38.54,506.35,No
CUST-00745,Female,1,Yes,No,17,Yes,No,Fiber optic,No,No internet service,No,Yes,No internet service,No,Month-to-month,No,Electronic check,58.85,993.94,No
CUST-00746,Female,0,No,No,21,Yes,No phone service,DSL,No,No,No,No internet service,No internet service,No internet service,One year,Yes,Mailed check,37.34,819.53,No
CUST-00747,Female,0,No,No,1,Yes,No phone service,DSL,Yes,No,Yes,Yes,No internet service,No,Month-to-month,No,Electronic check,28.58,30.57,No
CUST-00748,Male,0,Yes,No,36,No,No phone service,Fiber optic,No,No internet service,Yes,Yes,Yes,Yes,Month-to-month,Yes,Electronic check,52.69,1751.43,No
CUST-00749,Female,0,Yes,Yes,34,Yes,No phone service,No,Yes,No,No internet service,No internet service,No,No internet service,Month-to-month,Yes,Bank transfer (automatic),65.19,2032.32,No
CUST-00750,Male,0,Yes,No,24,Yes,No phone service,DSL,No,No,Yes,No,No,No,Month-to-month,No,Mailed check,69.81,1738.88,No
CUST-00751,Male,0,No,Yes,13,Yes,No,Fiber optic,No internet service,No,No internet service,Yes,Yes,No,Month-to-month,Yes,Credit card (automatic),48.33,635.77,No
CUST-00752,Female,0,No,No,24,Yes,Yes,Fiber optic,No,No,No,No,No,Yes,Two year,No,Credit card (automatic),98.74,2454.78,Yes
CUST-00753,Female,0,Yes,No,20,Yes,No,Fiber optic,No,No,No,Yes,No,No internet service,Month-to-month,No,Mailed check,61.56,1248.93,Yes
CUST-00754,Male,0,Yes,Yes,34,Yes,No,Fiber optic,No,No internet service,Yes,No,No,No,One year,Yes,Electronic check,60.37,2145.52,No
CUST-00755,Female,1,No,No,52,Yes,Yes,No,No,No,No,No internet service,No internet service,No,Month-to-month,No,Mailed check,51.64,2499.95,No
CUST-00756,Female,0,No,Yes,11,Yes,Yes,DSL,No internet service,No,No,No,No,No,One year,Yes,Electronic check,83.38,865.01,Yes
CUST-00757,Female,0,No,Yes,22,Yes,Yes,Fiber optic,No,No,Yes,No,Yes,Yes,One year,No,Credit card (automatic),56.71,1182.0,Yes
CUST-00758,Male,0,No,No,8,Yes,No,No,Yes,No,No internet service,No internet service,Yes,No,Two year,Yes,Electronic check,58.48,460.03,Yes
CUST-00759,Female,0,Yes,No,55,Yes,Yes,Fiber optic,No,No,No,No,No internet service,No internet service,Month-to-month,No,Credit card (automatic),43.7,2528.27,No
CUST-00760,Male,0,No,Yes,47,Yes,No,Fiber optic,Yes,No internet service,No,No,Yes,No internet service,Month-to-month,No,Electronic check,77.05,3861.37,No
CUST-00761,Female,0,Yes,Yes,41,Yes,Yes,Fiber optic,No,No,Yes,No,Yes,No internet service,Month-to-month,Yes,Electronic check,32.53,1307.4,No
CUST-00762,Male,1,No,No,1,Yes,Yes,DSL,No,Yes,Yes,No,No,Yes,Month-to-month,Yes,Electronic check,52.49,53.56,No
CUST-00763,Male,0,No,Yes,46,Yes,No,Fiber optic,No,Yes,Yes,No,No,Yes,Month-to-month,No,Electronic check,79.47,3505.87,No
CUST-00764,Female,0,No,No,44,Yes,No,No,No internet service,Yes,Yes,No,No,Yes,Month-to-month,Yes,Bank transfer (automatic),57.13,2501.54,No
CUST-00765,Female,0,No,No,30,Yes,No,Fiber optic,Yes,No,No internet service,No,No,No internet service,Month-to-month,Yes,Electronic check,32.53,1061.96,No
CUST-00766,Female,1,No,No,18,Yes,Yes,DSL,No,Yes,No,Yes,No,No,Month-to-month,Yes,Credit card (automatic),77.61,1332.52,No
CUST-00767,Male,0,No,No,70,Yes,Yes,No,No,No internet service,Yes,Yes,No internet service,No,Two year,Yes,Electronic check,40.18,2974.57,No
CUST-00768,Male,0,Yes,No,3,No,Yes,DSL,No,Yes,No,No internet service,No,No,Two year,Yes,Electronic check,85.66,233.45,Yes
CUST-00769,Female,0,No,No,4,Yes,Yes,DSL,Yes,No internet service,No internet service,Yes,No,Yes,Month-to-month,No,Bank transfer (automatic),61.86,239.78,Yes
CUST-00770,Female,0,No,No,51,Yes,No,DSL,No,No internet service,No,No,No internet service,No,Two year,No,Electronic check,34.44,1812.22,No
CUST-00771,Female,0,Yes,No,35,Yes,No,No,No internet service,No internet service,No internet service,No,Yes,No,Two year,Yes,Bank transfer (automatic),69.13,2553.11,No
CUST-00772,Male,0,Yes,No,5,Yes,Yes,DSL,Yes,Yes,No internet service,Yes,No internet service,Yes,Two year,Yes,Mailed check,60.31,307.11,Yes
CUST-00773,Female,0,No,No,47,Yes,No,No,No,No,Yes,Yes,Yes,Yes,Month-to-month,Yes,Electronic check,69.19,3492.07,No
CUST-00774,Female,0,No,No,27,Yes,No,No,No,No internet service,No,Yes,Yes,Yes,One year,No,Bank transfer (automatic),22.17,636.99,No
CUST-00775,Female,0,No,No,11,No,No,DSL,No internet service,No internet service,No,No,Yes,No internet service,One year,No,Bank transfer (automatic),75.75,852.83,No
CUST-00776,Female,0,Yes,No,12,Yes,No,Fiber optic,No,No,Yes,Yes,No,Yes,Month-to-month,Yes,Electronic check,22.53,262.15,No
CUST-00777,Male,0,Yes,No,67,No,Yes,Fiber optic,No internet service,Yes,No internet service,Yes,Yes,Yes,Two year,Yes,Mailed check,76.31,4973.41,No
CUST-00778,Female,0,Yes,No,36,Yes,No phone service,Fiber optic,Yes,No,No,No,Yes,No,Two year,No,Credit card (automatic),24.42,899.36,No
CUST-00779,Male,1,Yes,No,30,Yes,No phone service,Fiber optic,No,No,No,Yes,Yes,No internet service,Month-to-month,No,Mailed check,72.36,2238.77,No
CUST-00780,Male,0,No,No,23,Yes,No phone service,DSL,No,No internet service,No,Yes,Yes,No,Month-to-month,No,Bank transfer (automatic),69.88,1573.36,No
CUST-00781,Female,0,Yes,No,52,Yes,Yes,DSL,No,No internet service,Yes,Yes,Yes,No,Two year,No,Mailed check,55.67,2835.51,No
CUST-00782,Male,0,Yes,No,65,Yes,No,DSL,Yes,No,No,No internet service,No,No,Two year,Yes,Electronic check,22.16,1347.29,No
CUST-00783,Male,0,No,No,55,Yes,No,DSL,No,No internet service,No internet service,No internet service,Yes,Yes,Month-to-month,Yes,Bank transfer (automatic),57.27,2835.05,No
CUST-00784,Male,0,Yes,No,22,Yes,No,Fiber optic,No internet service,No,No,No,No internet service,No,One year,No,Electronic check,94.0,2052.07,Yes
CUST-00785,Male,1,Yes,No,16,Yes,No,DSL,No,No,No,Yes,Yes,Yes,One year,Yes,Credit card (automatic),96.36,1643.78,Yes
CUST-00786,Female,0,No,No,62,Yes,Yes,Fiber optic,No,Yes,No,No,Yes,No,One year,Yes,Mailed check,57.89,3780.51,No
CUST-00787,Female,0,Yes,No,61,Yes,No,Fiber optic,Yes,No,No,No internet service,Yes,No,Month-to-month,No,Electronic check,78.09,5234.07,No
CUST-00788,Female,0,No,No,2,Yes,Yes,Fiber optic,No internet service,No,No,No internet service,No,No,Month-to-month,Yes,Bank transfer (automatic),65.65,135.75,Yes
CUST-00789,Female,0,Yes,No,69,Yes,Yes,No,No,Yes,Yes,No,No,Yes,Month-to-month,No,Bank transfer (automatic),51.23,3346.75,No
CUST-00790,Male,0,No,No,59,No,No,Fiber optic,No internet service,No internet service,No,Yes,Yes,Yes,Two year,Yes,Credit card (automatic),25.51,1558.48,No
CUST-00791,Male,1,No,No,17,Yes,Yes,Fiber optic,No,Yes,No internet service,No,Yes,No,Two year,Yes,Mailed check,86.85,1573.45,Yes
CUST-00792,Female,0,No,No,15,Yes,No,Fiber optic,Yes,No internet service,No,No internet service,Yes,Yes,One year,No,Electronic check,92.22,1422.31,Yes
CUST-00793,Male,0,Yes,No,10,No,Yes,Fiber optic,No,Yes,Yes,No internet service,No internet service,Yes,Month-to-month,No,Electronic check,78.92,786.32,No
CUST-00794,Male,0,Yes,Yes,22,Yes,Yes,No,No,Yes,Yes,No,No,No internet service,Month-to-month,Yes,Electronic check,46.16,1039.59,No
CUST-00795,Male,1,Yes,No,55,Yes,No,DSL,No internet service,No,Yes,No,No internet service,No,Month-to-month,Yes,Electronic check,25.88,1288.41,No
CUST-00796,Male,1,No,No,28,Yes,Yes,Fiber optic,Yes,No internet service,No internet service,Yes,No internet service,Yes,Month-to-month,No,Electronic check,81.56,2176.4,Yes
CUST-00797,Female,1,Yes,No,6,No,No,DSL,No,Yes,Yes,No,No,Yes,Month-to-month,Yes,Electronic check,43.1,240.9,No
CUST-00798,Female,0,Yes,No,18,Yes,No phone service,Fiber optic,Yes,Yes,No,Yes,No,Yes,Month-to-month,No,Electronic check,81.31,1438.24,Yes
CUST-00799,Female,0,No,No,16,Yes,No,Fiber optic,No,No,No,No,No internet service,No,Month-to-month,No,Electronic check,90.57,1563.03,Yes
CUST-00800,Male,0,Yes,No,6,Yes,No,No,No internet service,No internet service,No internet service,No internet service,Yes,No internet service,Month-to-month,Yes,Credit card (automatic),70.75,398.01,Yes
CUST-00801,Male,0,Yes,Yes,52,Yes,No,No,No,No,Yes,Yes,Yes,No internet service,Two year,Yes,Bank transfer (automatic),40.22,1911.99,No
CUST-00802,Male,0,Yes,Yes,51,Yes,No,Fiber optic,Yes,No,Yes,Yes,No,Yes,Month-to-month,No,Bank transfer (automatic),22.91,1233.12,No
CUST-00803,Male,1,No,No,21,Yes,Yes,DSL,No,No,Yes,Yes,Yes,No,Two year,Yes,Bank transfer (automatic),59.18,1334.22,No
CUST-00804,Female,0,No,No,45,Yes,Yes,DSL,No,Yes,Yes,No internet service,No internet service,Yes,One year,Yes,Electronic check,60.36,2733.25,No
CUST-00805,Female,0,No,No,6,Yes,Yes,Fiber optic,No,Yes,Yes,Yes,Yes,No internet service,Month-to-month,Yes,Electronic check,61.64,360.71,Yes
CUST-00806,Female,0,Yes,No,38,Yes,Yes,No,Yes,No,No,No,No internet service,Yes,One year,No,Mailed check,40.13,1503.75,No
CUST-00807,Male,0,Yes,Yes,61,Yes,Yes,Fiber optic,No,No internet service,Yes,No internet service,No,Yes,Month-to-month,No,Electronic check,74.17,4668.24,No
CUST-00808,Male,0,Yes,No,41,Yes,Yes,DSL,No,Yes,No,No internet service,No,Yes,One year,Yes,Electronic check,69.61,3043.09,No
CUST-00809,Female,0,No,No,20,Yes,No,No,Yes,No,No internet service,No,No,Yes,One year,Yes,Bank transfer (automatic),69.09,1295.97,Yes
CUST-00810,Female,0,No,No,46,Yes,Yes,No,Yes,No,No,No,No internet service,Yes,Two year,Yes,Electronic check,49.08,2439.31,No
CUST-00811,Male,1,No,Yes,67,Yes,No,Fiber optic,No,Yes,No internet service,No,No internet service,No,Month-to-month,No,Mailed check,79.57,5499.01,No
CUST-00812,Male,0,No,No,2,Yes,Yes,Fiber optic,No,No,No,Yes,Yes,No,One year,No,Mailed check,67.86,142.19,Yes
CUST-00813,Female,1,Yes,Yes,36,Yes,Yes,DSL,Yes,No internet service,No,Yes,Yes,Yes,One year,No,Credit card (automatic),77.16,2548.27,No
CUST-00814,Male,0,No,No,43,Yes,Yes,No,No internet service,Yes,Yes,Yes,No internet service,No,Month-to-month,Yes,Mailed check,24.3,1132.33,No
CUST-00815,Female,0,No,No,70,Yes,No phone service,DSL,No,Yes,No,No,Yes,No,Two year,Yes,Credit card (automatic),32.73,2304.02,No
CUST-00816,Male,0,Yes,No,54,Yes,No,No,Yes,Yes,No,No,No,No,One year,Yes,Mailed check,21.87,1148.41,No
CUST-00817,Male,1,Yes,No,36,Yes,No,Fiber optic,No internet service,No,Yes,No,No internet service,Yes,Month-to-month,Yes,Bank transfer (automatic),72.08,2542.43,No
CUST-00818,Female,0,Yes,Yes,20,Yes,Yes,Fiber optic,No,No,No,Yes,Yes,No,Month-to-month,No,Mailed check,61.65,1181.96,No
CUST-00819,Male,0,Yes,No,65,Yes,Yes,DSL,No,No internet service,No,No,Yes,Yes,Month-to-month,Yes,Mailed check,30.66,1858.57,No
CUST-00820,Male,0,No,No,70,Yes,No phone service,Fiber optic,No internet service,No,No internet service,No,No internet service,Yes,One year,No,Bank transfer (automatic),78.45,4980.42,No
CUST-00821,Male,0,Yes,No,24,Yes,Yes,Fiber optic,No,Yes,Yes,No internet service,No,No internet service,Month-to-month,Yes,Electronic check,80.05,1830.68,Yes
CUST-00822,Female,0,No,No,3,Yes,No,Fiber optic,No,Yes,No,No internet service,Yes,No,One year,No,Electronic check,33.48,100.37,No
CUST-00823,Male,0,Yes,Yes,5,Yes,Yes,Fiber optic,Yes,No internet service,No,No,Yes,No,Month-to-month,Yes,Electronic check,63.07,325.87,Yes
CUST-00824,Male,0,Yes,No,28,No,Yes,No,No internet service,No,No,No,No internet service,No,Month-to-month,Yes,Electronic check,60.09,1761.04,No
CUST-00825,Male,1,No,Yes,12,Yes,Yes,Fiber optic,Yes,No,Yes,No,Yes,Yes,Two year,No,Electronic check,20.24,247.52,No
CUST-00826,Male,0,No,No,63,No,Yes,DSL,No,No,Yes,No,No,No,Month-to-month,No,Electronic check,61.33,3567.1,No
CUST-00827,Female,0,Yes,Yes,65,Yes,Yes,Fiber optic,No internet service,Yes,No,No,No,No,One year,Yes,Credit card (automatic),33.28,2133.59,No
CUST-00828,Female,0,Yes,No,13,Yes,No,No,Yes,No,Yes,No,No,Yes,One year,Yes,Bank transfer (automatic),74.08,995.28,No
CUST-00829,Female,0,Yes,No,59,Yes,Yes,DSL,No internet service,Yes,Yes,No,No,No,Two year,Yes,Bank transfer (automatic),70.31,4350.04,No
CUST-00830,Female,0,Yes,No,19,Yes,No,DSL,No,No,No internet service,Yes,Yes,Yes,Month-to-month,Yes,Credit card (automatic),81.87,1500.93,Yes
CUST-00831,Male,0,No,No,2,Yes,No,DSL,No,No internet service,No,Yes,No internet service,No,Month-to-month,Yes,Bank transfer (automatic),79.81,173.3,Yes
CUST-00832,Male,1,Yes,No,26,Yes,No,Fiber optic,No,No internet service,No internet service,No,No,Yes,Month-to-month,No,Mailed check,29.89,823.05,No
CUST-00833,Male,0,No,Yes,3,Yes,No,Fiber optic,No,Yes,No,No,No,No internet service,Two year,Yes,Electronic check,41.63,133.68,No
CUST-00834,Male,0,No,No,23,Yes,No,DSL,Yes,No,No internet service,No,No internet service,No internet service,Two year,No,Bank transfer (automatic),88.41,2101.16,Yes
CUST-00835,Female,0,Yes,No,7,Yes,Yes,DSL,Yes,No,No internet service,No,No,No internet service,Month-to-month,Yes,Mailed check,99.65,685.52,Yes
CUST-00836,Female,0,No,Yes,67,Yes,No,DSL,No,No,No internet service,No,No,No,Month-to-month,Yes,Bank transfer (automatic),62.6,4558.4,No
CUST-00837,Male,1,Yes,Yes,9,Yes,No,Fiber optic,No internet service,No,No,No,No internet service,Yes,Month-to-month,Yes,Electronic check,40.17,390.56,No
CUST-00838,Female,1,Yes,Yes,2,Yes,Yes,Fiber optic,Yes,No,No,No internet service,No internet service,No internet service,Two year,Yes,Credit card (automatic),69.54,148.22,Yes
CUST-00839,Female,0,No,No,21,Yes,Yes,Fiber optic,No internet service,Yes,No,No,Yes,No,Month-to-month,No,Electronic check,51.09,1156.82,No
CUST-00840,Female,0,No,No,33,Yes,No phone service,Fiber optic,No,Yes,No internet service,No,No,No,One year,No,Electronic check,61.17,2186.8,No
CUST-00841,Female,0,Yes,Yes,7,Yes,Yes,No,No,No,Yes,No,No,No internet service,One year,Yes,Mailed check,85.45,627.62,Yes
CUST-00842,Female,0,Yes,No,70,Yes,No phone service,DSL,No internet service,No internet service,Yes,No internet service,No,Yes,Month-to-month,Yes,Electronic check,58.51,3850.23,No
CUST-00843,Female,1,No,Yes,57,Yes,Yes,Fiber optic,Yes,Yes,No,No,Yes,No internet service,Month-to-month,No,Electronic check,46.28,2658.3,No
CUST-00844,Male,0,Yes,No,46,Yes,Yes,DSL,No internet service,No,No,No,No,Yes,One year,No,Mailed check,66.7,3139.38,No
CUST-00845,Female,1,No,Yes,52,Yes,No,Fiber optic,No,Yes,Yes,Yes,No,Yes,Month-to-month,No,Credit card (automatic),59.0,3235.74,No
CUST-00846,Female,1,No,Yes,63,Yes,Yes,No,No internet service,No internet service,No internet service,No,Yes,No internet service,Month-to-month,No,Electronic check,54.48,3428.91,No
CUST-00847,Female,0,No,No,29,Yes,Yes,No,No,Yes,No,No internet service,Yes,No,Month-to-month,Yes,Electronic check,67.01,1948.29,Yes
CUST-00848,Male,0,Yes,No,18,No,Yes,Fiber optic,No,No,No internet service,No,No,No,Two year,No,Electronic check,52.14,1031.54,No
CUST-00849,Male,0,No,No,3,Yes,No,DSL,No,No,No,No,No internet service,No,Month-to-month,Yes,Electronic check,23.06,68.52,No
CUST-00850,Female,0,No,No,35,No,No,DSL,Yes,Yes,No internet service,No,No internet service,No internet service,Two year,Yes,Credit card (automatic),60.0,1944.6,No
CUST-00851,Male,0,No,Yes,36,Yes,Yes,Fiber optic,Yes,Yes,No internet service,Yes,Yes,No,Month-to-month,No,Credit card (automatic),32.26,1210.06,No
CUST-00852,Female,0,No,No,3,Yes,No,Fiber optic,No,No internet service,No internet service,No,Yes,Yes,Month-to-month,Yes,Credit card (automatic),71.61,208.92,No
CUST-00853,Male,0,Yes,Yes,11,Yes,Yes,Fiber optic,No,No,No internet service,No,No,No,Month-to-month,No,Credit card (automatic),65.8,687.4,Yes
CUST-00854,Female,0,No,Yes,28,Yes,No,DSL,Yes,No,No internet service,No internet service,No,Yes,Month-to-month,No,Bank transfer (automatic),79.06,2270.55,Yes
CUST-00855,Male,0,No,No,57,Yes,No phone service,DSL,No internet service,No,No,No,No internet service,Yes,Month-to-month,Yes,Credit card (automatic),70.83,4404.19,No
CUST-00856,Male,0,No,Yes,1,Yes,No,Fiber optic,Yes,No,No,Yes,No internet service,Yes,Month-to-month,No,Electronic check,68.53,65.96,Yes
CUST-00857,Male,0,No,No,26,Yes,Yes,Fiber optic,No internet service,Yes,No,No,Yes,No,Month-to-month,No,Bank transfer (automatic),66.9,1694.97,Yes
CUST-00858,Male,0,No,No,9,Yes,No,Fiber optic,No,No internet service,Yes,No,Yes,No,Month-to-month,No,Mailed check,64.45,576.05,No
CUST-00859,Male,0,No,No,62,Yes,No,Fiber optic,No internet service,Yes,No,No internet service,No,No internet service,Two year,Yes,Electronic check,79.75,5130.41,No
CUST-00860,Female,0,Yes,Yes,39,Yes,Yes,Fiber optic,No,No,Yes,Yes,No,No,Month-to-month,No,Bank transfer (automatic),22.46,857.71,No
CUST-00861,Female,0,Yes,Yes,62,Yes,Yes,No,No,Yes,Yes,Yes,Yes,No internet service,Two year,Yes,Bank transfer (automatic),34.7,2119.17,No
CUST-00862,Female,0,No,No,24,Yes,No,No,Yes,No,No,No,Yes,Yes,Month-to-month,No,Electronic check,82.62,2062.55,Yes
CUST-00863,Male,0,No,Yes,47,Yes,No,Fiber optic,No internet service,No,Yes,No internet service,No,No,Month-to-month,No,Credit card (automatic),44.91,2315.57,No
CUST-00864,Male,0,Yes,Yes,19,No,Yes,No,No,No,No internet service,No,Yes,Yes,Month-to-month,No,Electronic check,89.56,1639.19,Yes
CUST-00865,Female,0,Yes,Yes,50,Yes,No,DSL,No,No,Yes,Yes,Yes,Yes,Month-to-month,No,Bank transfer (automatic),55.18,2806.08,No
CUST-00866,Female,0,No,No,32,Yes,Yes,DSL,Yes,Yes,Yes,No,No internet service,No,Month-to-month,Yes,Bank transfer (automatic),67.28,2279.73,No
CUST-00867,Male,0,Yes,No,22,Yes,No,No,Yes,No,No internet service,No,No,No internet service,Month-to-month,Yes,Mailed check,81.26,1684.79,Yes
CUST-00868,Female,0,No,Yes,49,Yes,Yes,Fiber optic,No internet service,Yes,No internet service,No,No internet service,Yes,One year,No,Electronic check,46.44,2420.43,No
CUST-00869,Female,0,No,No,6,Yes,No,Fiber optic,No,No internet service,Yes,No internet service,Yes,Yes,Two year,No,Credit card (automatic),71.6,417.14,No
CUST-00870,Male,1,Yes,No,27,Yes,No,Fiber optic,No,No,No internet service,No internet service,Yes,Yes,One year,Yes,Credit card (automatic),71.63,1783.55,Yes
CUST-00871,Male,0,No,Yes,5,Yes,No,DSL,Yes,Yes,No internet service,No,No,Yes,One year,Yes,Electronic check,50.23,227.29,No
CUST-00872,Female,0,Yes,Yes,22,Yes,No,Fiber optic,No internet service,Yes,No,No,No,No,Month-to-month,Yes,Mailed check,21.29,424.64,No
CUST-00873,Male,0,Yes,No,16,Yes,Yes,DSL,No,Yes,No internet service,Yes,No internet service,Yes,One year,No,Credit card (automatic),33.45,567.06,No
CUST-00874,Male,0,No,No,70,Yes,Yes,DSL,No,Yes,No,Yes,No internet service,Yes,One year,Yes,Mailed check,47.82,3464.52,No
CUST-00875,Female,0,No,No,11,Yes,No,Fiber optic,No internet service,No,Yes,No internet service,Yes,Yes,Month-to-month,No,Electronic check,43.94,511.71,No
CUST-00876,Male,0,No,Yes,60,Yes,Yes,Fiber optic,No,Yes,Yes,No internet service,No internet service,No,Two year,Yes,Credit card (automatic),62.88,3963.66,No
CUST-00877,Male,1,No,Yes,16,Yes,No phone service,Fiber optic,No internet service,Yes,Yes,Yes,Yes,Yes,Month-to-month,No,Electronic check,56.71,885.76,No
CUST-00878,Male,1,No,No,11,Yes,Yes,Fiber optic,Yes,No,No,Yes,Yes,Yes,Month-to-month,No,Credit card (automatic),77.5,926.33,Yes
CUST-00879,Female,0,No,No,8,No,Yes,No,No,Yes,No,No,Yes,Yes,Month-to-month,No,Electronic check,61.72,531.08,Yes
CUST-00880,Female,1,Yes,No,28,Yes,Yes,Fiber optic,No,Yes,Yes,No,No internet service,Yes,Month-to-month,No,Electronic check,34.47,935.89,No
CUST-00881,Female,0,No,Yes,28,Yes,Yes,DSL,Yes,No internet service,No,No,No,Yes,Month-to-month,Yes,Mailed check,64.74,1911.67,Yes
CUST-00882,Male,0,No,Yes,10,Yes,No,Fiber optic,No,No internet service,No,No,No,No internet service,Two year,Yes,Credit card (automatic),58.52,622.61,Yes
CUST-00883,Female,1,No,No,62,Yes,Yes,Fiber optic,No,No,No,Yes,No,Yes,Two year,Yes,Credit card (automatic),39.75,2458.81,No
CUST-00884,Male,0,No,No,58,Yes,No,Fiber optic,Yes,No,No,Yes,Yes,Yes,Month-to-month,No,Electronic check,40.83,2188.36,No
CUST-00885,Female,0,No,No,37,Yes,Yes,Fiber optic,No,No internet service,No internet service,Yes,No,No,One year,Yes,Electronic check,29.5,1055.27,No
CUST-00886,Female,1,No,No,22,Yes,No,No,No internet service,Yes,No,No,No,No,One year,No,Electronic check,61.58,1487.2,No
CUST-00887,Female,0,No,No,19,Yes,No,Fiber optic,No,No internet service,No,No,No,No,Month-to-month,Yes,Bank transfer (automatic),36.81,729.59,No
CUST-00888,Female,0,Yes,No,71,Yes,Yes,DSL,No,No internet service,Yes,No internet service,No,No,Month-to-month,No,Mailed check,30.6,2291.97,No
CUST-00889,Male,0,No,Yes,44,Yes,Yes,Fiber optic,No internet service,No,No,Yes,No,Yes,One year,No,Credit card (automatic),50.2,2390.77,No
CUST-00890,Male,1,Yes,No,65,Yes,No,Fiber optic,Yes,No,No,No,No internet service,No,Month-to-month,Yes,Mailed check,65.02,3975.06,No
CUST-00891,Female,0,No,Yes,15,Yes,No,Fiber optic,No,No,No internet service,Yes,No,No internet service,Month-to-month,Yes,Electronic check,76.34,1252.37,Yes
CUST-00892,Male,0,Yes,No,35,Yes,Yes,DSL,No internet service,Yes,Yes,No,No,Yes,Month-to-month,Yes,Electronic check,63.32,2224.24,No
CUST-00893,Male,0,No,Yes,4,Yes,Yes,Fiber optic,No internet service,No,Yes,Yes,No,Yes,Month-to-month,No,Bank transfer (automatic),72.55,304.4,Yes
CUST-00894,Male,1,No,No,14,Yes,Yes,Fiber optic,Yes,No,No internet service,Yes,No internet service,No internet service,One year,No,Bank transfer (automatic),63.57,857.62,Yes
CUST-00895,Male,0,No,No,19,No,No,Fiber optic,Yes,No,Yes,Yes,Yes,No,Month-to-month,Yes,Electronic check,91.12,1672.21,Yes
CUST-00896,Female,0,Yes,Yes,38,Yes,No,Fiber optic,Yes,No internet service,No,Yes,No,No,Month-to-month,No,Electronic check,28.73,1061.08,No
CUST-00897,Female,1,No,No,16,No,Yes,Fiber optic,No,Yes,No internet service,No,Yes,Yes,Month-to-month,No,Credit card (automatic),39.96,619.93,No
CUST-00898,Female,0,No,No,55,Yes,No,No,No,No,No,Yes,No internet service,Yes,Month-to-month,Yes,Electronic check,72.76,3651.65,No
CUST-00899,Male,0,Yes,No,11,Yes,Yes,DSL,No,Yes,Yes,No,No internet service,No,Month-to-month,No,Bank transfer (automatic),92.79,981.82,Yes
CUST-00900,Female,0,No,Yes,59,Yes,No phone service,Fiber optic,Yes,No,Yes,No,Yes,Yes,One year,Yes,Electronic check,77.5,4707.28,No
CUST-00901,Female,0,No,Yes,66,Yes,No phone service,Fiber optic,No,Yes,No,No internet service,No,Yes,Two year,Yes,Mailed check,26.45,1886.04,No
CUST-00902,Male,0,No,No,14,Yes,No,Fiber optic,No internet service,Yes,No,No,Yes,No,Two year,Yes,Electronic check,86.68,1102.28,Yes
CUST-00903,Female,0,No,Yes,12,Yes,Yes,Fiber optic,Yes,Yes,No internet service,Yes,No,Yes,One year,Yes,Electronic check,90.4,979.93,Yes
CUST-00904,Male,0,Yes,No,6,No,No,DSL,Yes,No,Yes,No,No internet service,No internet service,One year,Yes,Credit card (automatic),70.27,429.41,No
CUST-00905,Female,0,Yes,Yes,26,Yes,No phone service,Fiber optic,Yes,No internet service,No,No,Yes,No,Month-to-month,Yes,Electronic check,28.61,773.57,No
CUST-00906,Female,0,Yes,No,24,Yes,Yes,No,No internet service,Yes,No internet service,No,No,Yes,Month-to-month,No,Bank transfer (automatic),28.47,698.07,No
CUST-00907,Male,0,Yes,No,18,Yes,Yes,No,No,No internet service,No internet service,No,Yes,No,Month-to-month,Yes,Electronic check,81.33,1602.44,Yes
CUST-00908,Female,0,No,No,66,Yes,Yes,No,No,No,No internet service,No,No,Yes,Month-to-month,Yes,Electronic check,37.56,2344.54,No
CUST-00909,Female,0,No,No,33,Yes,No,Fiber optic,No,No internet service,No,Yes,No internet service,No internet service,Month-to-month,Yes,Credit card (automatic),58.67,1928.85,No
CUST-00910,Male,0,Yes,No,29,Yes,No,No,No internet service,No internet service,Yes,No,Yes,No internet service,Month-to-month,Yes,Bank transfer (automatic),69.23,2174.67,No
CUST-00911,Male,0,No,No,7,Yes,Yes,No,No,No,No,No,Yes,Yes,Two year,Yes,Credit card (automatic),24.61,176.32,No
CUST-00912,Female,0,Yes,No,3,Yes,No phone service,DSL,No,No,No,No internet service,No,Yes,Two year,Yes,Electronic check,82.24,250.53,Yes
CUST-00913,Male,0,Yes,No,23,Yes,Yes,Fiber optic,Yes,Yes,Yes,Yes,Yes,Yes,Month-to-month,Yes,Bank transfer (automatic),22.26,556.3,No
CUST-00914,Male,0,Yes,No,33,Yes,Yes,No,No internet service,No,No,No,No internet service,No,Two year,Yes,Mailed check,73.93,2361.08,No
CUST-00915,Female,0,Yes,No,7,Yes,No,No,No internet service,No,Yes,No,Yes,No,Two year,No,Mailed check,78.54,512.08,No
CUST-00916,Male,0,No,No,21,Yes,Yes,No,Yes,No,Yes,No,No,No internet service,One year,No,Bank transfer (automatic),60.05,1167.54,No
CUST-00917,Female,0,Yes,No,40,Yes,Yes,No,No,No,No internet service,No,Yes,No internet service,Month-to-month,Yes,Bank transfer (automatic),79.06,3365.98,No
CUST-00918,Male,0,No,No,64,Yes,Yes,DSL,Yes,Yes,No,No internet service,No,No,Two year,Yes,Mailed check,69.32,4753.2,No
CUST-00919,Female,0,No,No,29,Yes,No phone service,Fiber optic,No,Yes,Yes,No,No internet service,No,Month-to-month,Yes,Mailed check,72.49,1990.32,Yes
CUST-00920,Female,0,Yes,No,19,Yes,No,DSL,No internet service,No,No internet service,No internet service,No,No internet service,Month-to-month,Yes,Credit card (automatic),64.18,1208.95,Yes
CUST-00921,Female,0,Yes,No,63,Yes,No,Fiber optic,Yes,No,No,No,Yes,No,Two year,No,Mailed check,21.25,1361.47,No
CUST-00922,Female,0,No,Yes,26,Yes,Yes,DSL,No,Yes,No,No internet service,Yes,No,Month-to-month,No,Mailed check,47.11,1136.43,No
CUST-00923,Female,0,Yes,No,21,Yes,Yes,Fiber optic,No,No internet service,No,No,No,No,Month-to-month,No,Credit card (automatic),57.4,1289.49,No
CUST-00924,Male,0,Yes,No,4,Yes,Yes,Fiber optic,Yes,No,Yes,Yes,No,Yes,Month-to-month,Yes,Electronic check,48.89,192.39,No
CUST-00925,Male,0,Yes,No,65,Yes,Yes,Fiber optic,Yes,Yes,No internet service,No,No internet service,Yes,Two year,No,Bank transfer (automatic),60.63,4227.44,No
CUST-00926,Male,0,Yes,No,8,Yes,Yes,DSL,Yes,Yes,No,Yes,No internet service,Yes,Month-to-month,Yes,Credit card (automatic),46.98,395.39,No
CUST-00927,Male,0,No,No,16,No,No,No,No,Yes,Yes,Yes,No,No internet service,Month-to-month,Yes,Mailed check,22.55,346.0,No
CUST-00928,Male,0,No,Yes,10,Yes,Yes,DSL,No,Yes,Yes,No internet service,Yes,Yes,Month-to-month,Yes,Electronic check,33.57,350.24,No
CUST-00929,Female,0,No,No,51,Yes,No phone service,Fiber optic,No internet service,No,No internet service,No internet service,No,Yes,One year,No,Mailed check,79.56,4252.9,No
CUST-00930,Female,0,Yes,No,26,Yes,Yes,No,No internet service,No,No internet service,Yes,Yes,No,Month-to-month,Yes,Electronic check,40.75,1019.51,No
CUST-00931,Female,1,Yes,No,51,Yes,No,No,No,No internet service,No,No,Yes,Yes,Month-to-month,Yes,Mailed check,39.49,1914.8,No
CUST-00932,Male,0,No,No,44,Yes,No,Fiber optic,Yes,Yes,No,No internet service,No internet service,Yes,Month-to-month,No,Bank transfer (automatic),29.17,1366.5,No
CUST-00933,Male,0,Yes,Yes,13,Yes,Yes,DSL,Yes,Yes,No,Yes,Yes,Yes,One year,No,Credit card (automatic),60.36,812.6,Yes
CUST-00934,Female,0,Yes,No,22,Yes,No phone service,DSL,No,No,No,No internet service,No internet service,No,One year,Yes,Electronic check,33.83,779.92,No
CUST-00935,Male,0,Yes,No,20,Yes,Yes,Fiber optic,No,No,No internet service,No internet service,Yes,No,Month-to-month,Yes,Credit card (automatic),55.2,1062.72,Yes
CUST-00936,Female,0,Yes,Yes,5,Yes,Yes,DSL,Yes,No,No,No internet service,Yes,No internet service,Two year,No,Credit card (automatic),22.52,117.6,No
CUST-00937,Male,0,Yes,No,34,No,No,DSL,No internet service,Yes,Yes,No internet service,No,Yes,One year,Yes,Credit card (automatic),23.99,850.62,No
CUST-00938,Female,0,No,Yes,19,Yes,Yes,Fiber optic,No,Yes,Yes,No,Yes,No internet service,Two year,Yes,Electronic check,63.01,1157.27,No
CUST-00939,Female,1,Yes,Yes,27,Yes,No,DSL,Yes,No,No,No internet service,No,Yes,One year,No,Mailed check,59.33,1528.37,Yes
CUST-00940,Male,0,No,No,30,Yes,Yes,No,No internet service,No,No internet service,Yes,No internet service,No,Two year,Yes,Electronic check,60.81,1799.27,No
CUST-00941,Male,0,Yes,Yes,9,Yes,No,Fiber optic,No,Yes,No,Yes,No,Yes,Month-to-month,No,Electronic check,98.9,932.66,Yes
CUST-00942,Male,0,No,No,71,Yes,Yes,No,No internet service,No internet service,No,No,Yes,No internet service,Two year,No,Credit card (automatic),79.09,5271.26,No
CUST-00943,Female,1,Yes,No,47,Yes,Yes,Fiber optic,No internet service,No,No,Yes,No internet service,No,One year,Yes,Mailed check,53.5,2702.72,No
CUST-00944,Female,0,No,No,28,No,Yes,No,Yes,Yes,No,No,Yes,Yes,Month-to-month,No,Electronic check,78.17,2081.63,No
CUST-00945,Female,0,Yes,No,34,Yes,Yes,No,No,No,No,No,No,Yes,One year,Yes,Electronic check,29.85,1083.84,No
CUST-00946,Female,0,No,No,7,Yes,No phone service,Fiber optic,Yes,Yes,No internet service,No,Yes,No internet service,Two year,Yes,Bank transfer (automatic),44.31,288.82,No
CUST-00947,Female,1,No,No,28,Yes,Yes,DSL,No,No internet service,No,Yes,No internet service,No,One year,Yes,Credit card (automatic),40.14,1177.74,No
CUST-00948,Male,0,Yes,No,22,Yes,Yes,DSL,No,Yes,No,No internet service,Yes,No,One year,No,Electronic check,82.49,1837.06,Yes
CUST-00949,Male,0,Yes,No,2,Yes,Yes,No,No,No internet service,No,No,Yes,No,Two year,Yes,Electronic check,64.85,133.89,No
CUST-00950,Male,0,No,No,66,Yes,Yes,Fiber optic,No internet service,No,No internet service,Yes,Yes,No internet service,Month-to-month,Yes,Bank transfer (automatic),49.19,3554.4,No
CUST-00951,Female,0,Yes,Yes,25,Yes,Yes,DSL,Yes,Yes,No,No,No,Yes,Two year,No,Electronic check,61.73,1405.15,Yes
CUST-00952,Male,0,No,Yes,56,Yes,Yes,Fiber optic,No,No internet service,Yes,No,Yes,Yes,Month-to-month,Yes,Mailed check,30.51,1588.66,No
CUST-00953,Female,0,No,Yes,20,Yes,Yes,No,No internet service,No internet service,Yes,No,No,Yes,Two year,Yes,Bank transfer (automatic),23.02,421.64,No
CUST-00954,Male,1,No,No,60,Yes,No phone service,No,No,No,No internet service,No,No internet service,No,Month-to-month,No,Electronic check,70.82,4265.89,No
CUST-00955,Male,0,No,No,11,Yes,Yes,DSL,Yes,No,No,Yes,No,No internet service,Two year,Yes,Mailed check,67.67,789.45,Yes
CUST-00956,Female,0,Yes,No,66,Yes,No,Fiber optic,No,No,No internet service,No internet service,No,No internet service,Month-to-month,Yes,Electronic check,27.08,1628.15,No
CUST-00957,Male,0,No,No,38,No,No,No,Yes,No,Yes,No,No,No,Two year,Yes,Credit card (automatic),41.25,1655.09,No
CUST-00958,Female,1,No,No,11,Yes,No phone service,Fiber optic,No,Yes,No,No internet service,No internet service,No internet service,One year,Yes,Credit card (automatic),80.48,873.43,Yes
CUST-00959,Male,1,No,No,22,Yes,Yes,Fiber optic,No,No,No,No,No,No,Two year,Yes,Bank transfer (automatic),73.06,1749.22,Yes
CUST-00960,Male,1,Yes,Yes,14,Yes,Yes,No,Yes,No internet service,Yes,No,No,Yes,Month-to-month,No,Credit card (automatic),79.82,1091.26,Yes
CUST-00961,Male,0,Yes,No,14,Yes,No phone service,No,Yes,No,No,No,Yes,Yes,One year,Yes,Bank transfer (automatic),75.98,1166.82,No
CUST-00962,Male,0,No,No,7,Yes,Yes,Fiber optic,Yes,Yes,Yes,No,No,No,One year,No,Bank transfer (automatic),97.37,689.29,Yes
CUST-00963,Male,0,No,No,32,Yes,Yes,Fiber optic,No internet service,No internet service,No,No internet service,No,No,One year,No,Mailed check,53.97,1896.29,No
CUST-00964,Male,0,Yes,Yes,14,Yes,Yes,No,Yes,Yes,No internet service,Yes,No,Yes,Two year,Yes,Electronic check,98.25,1411.78,Yes
CUST-00965,Male,0,No,No,66,Yes,Yes,Fiber optic,No internet service,No,No internet service,No internet service,No,Yes,Month-to-month,Yes,Credit card (automatic),61.24,3917.62,No
CUST-00966,Male,0,No,No,61,Yes,Yes,DSL,No internet service,Yes,No,No internet service,No internet service,No,Month-to-month,Yes,Credit card (automatic),61.18,3958.44,No
CUST-00967,Female,0,Yes,No,40,No,No,Fiber optic,No,Yes,No internet service,No,No internet service,Yes,One year,No,Mailed check,20.63,823.05,No
CUST-00968,Female,0,Yes,No,66,Yes,No,Fiber optic,No internet service,No,No internet service,No,No,Yes,Month-to-month,Yes,Electronic check,74.47,4727.08,No
CUST-00969,Male,0,No,No,28,Yes,No phone service,No,No,Yes,Yes,No,Yes,Yes,Month-to-month,Yes,Credit card (automatic),57.64,1606.93,Yes
CUST-00970,Female,0,Yes,No,34,Yes,No,Fiber optic,Yes,No internet service,Yes,No,Yes,Yes,Month-to-month,No,Mailed check,41.2,1505.0,No
CUST-00971,Male,0,No,No,13,Yes,No,DSL,Yes,No internet service,No internet service,No internet service,No,No,One year,Yes,Bank transfer (automatic),44.4,604.02,No
CUST-00972,Male,0,Yes,Yes,56,Yes,No phone service,DSL,No internet service,Yes,No,No,Yes,No,Two year,Yes,Mailed check,61.12,3199.4,No
CUST-00973,Female,0,No,Yes,23,Yes,No,No,No internet service,No internet service,No,No internet service,Yes,Yes,Month-to-month,Yes,Electronic check,42.56,1045.17,No
CUST-00974,Male,0,No,No,14,Yes,No,Fiber optic,No internet service,No internet service,No,Yes,No internet service,No,Month-to-month,Yes,Mailed check,42.43,585.87,No
CUST-00975,Female,0,Yes,Yes,27,Yes,No,DSL,No,Yes,Yes,No,Yes,No internet service,Month-to-month,No,Bank transfer (automatic),23.81,589.24,No
CUST-00976,Female,0,Yes,No,43,Yes,Yes,Fiber optic,Yes,Yes,No,No,Yes,Yes,One year,Yes,Mailed check,45.0,1798.46,No
CUST-00977,Female,0,Yes,Yes,20,Yes,Yes,DSL,Yes,No,No,Yes,No internet service,Yes,One year,Yes,Bank transfer (automatic),28.97,529.13,No
CUST-00978,Male,0,No,No,26,Yes,Yes,DSL,No internet service,Yes,No,Yes,No,No internet service,One year,Yes,Credit card (automatic),71.34,1920.35,No
CUST-00979,Female,0,Yes,No,24,Yes,No,Fiber optic,Yes,No,Yes,No internet service,No internet service,No internet service,Month-to-month,Yes,Mailed check,40.07,915.05,No
CUST-00980,Male,1,No,No,43,Yes,Yes,Fiber optic,No,No,No,No internet service,No,No,One year,No,Electronic check,77.65,3069.4,No
CUST-00981,Female,0,Yes,No,51,Yes,No,Fiber optic,No internet service,No,Yes,No internet service,No,Yes,Two year,Yes,Credit card (automatic),61.07,3030.89,No
CUST-00982,Male,0,No,Yes,48,Yes,No,DSL,No internet service,No,No,Yes,No,Yes,Month-to-month,Yes,Mailed check,65.37,3368.05,No
CUST-00983,Male,0,Yes,No,19,Yes,No,Fiber optic,No,No,No,Yes,Yes,Yes,Month-to-month,No,Bank transfer (automatic),67.68,1319.03,Yes
CUST-00984,Female,0,Yes,Yes,23,No,Yes,Fiber optic,No,No,No,Yes,No internet service,No,One year,Yes,Bank transfer (automatic),83.13,1906.72,Yes
CUST-00985,Female,0,Yes,No,20,Yes,No,DSL,No,No internet service,No internet service,No,No internet service,Yes,Two year,Yes,Credit card (automatic),76.88,1609.31,Yes
CUST-00986,Male,1,Yes,No,16,Yes,Yes,DSL,No,Yes,No,Yes,Yes,No internet service,Two year,Yes,Mailed check,22.44,328.59,No
CUST-00987,Male,0,No,No,14,Yes,No,Fiber optic,Yes,Yes,No internet service,No,No,No,Month-to-month,No,Electronic check,71.04,1070.7,Yes
CUST-00988,Male,0,No,No,23,Yes,No,Fiber optic,Yes,Yes,Yes,Yes,Yes,No internet service,Month-to-month,Yes,Credit card (automatic),42.0,903.74,No
CUST-00989,Female,0,Yes,Yes,9,Yes,Yes,Fiber optic,No,No internet service,Yes,No,No internet service,Yes,Month-to-month,Yes,Electronic check,93.81,763.47,Yes
CUST-00990,Male,0,No,No,48,Yes,No,Fiber optic,Yes,Yes,Yes,Yes,No,No,Month-to-month,Yes,Credit card (automatic),69.9,3262.84,No
CUST-00991,Male,0,Yes,No,10,Yes,Yes,No,Yes,No,No,No internet service,No,No,Month-to-month,Yes,Electronic check,35.38,322.56,No
CUST-00992,Male,0,Yes,No,49,No,Yes,DSL,No internet service,No,No,Yes,No,No internet service,Month-to-month,Yes,Bank transfer (automatic),64.94,2970.18,No
CUST-00993,Female,0,Yes,No,11,Yes,Yes,Fiber optic,No,No,No internet service,Yes,No internet service,Yes,Two year,Yes,Mailed check,77.16,889.33,Yes
CUST-00994,Male,0,Yes,No,18,Yes,Yes,DSL,No internet service,No,No internet service,Yes,No,Yes,Month-to-month,Yes,Bank transfer (automatic),89.24,1575.71,Yes
CUST-00995,Male,0,Yes,Yes,41,Yes,No,DSL,No,Yes,Yes,Yes,Yes,No,Two year,Yes,Electronic check,23.26,859.61,No
CUST-00996,Female,1,Yes,No,9,Yes,No,Fiber optic,No,No,No internet service,No,No,No,Two year,No,Credit card (automatic),55.13,510.44,No
CUST-00997,Female,1,No,Yes,25,Yes,No,Fiber optic,No,No,Yes,No,No,No,One year,Yes,Electronic check,49.83,1297.35,No
CUST-00998,Male,0,Yes,No,9,Yes,Yes,No,No,No internet service,Yes,No,Yes,Yes,One year,No,Electronic check,62.87,611.32,Yes
CUST-00999,Male,0,No,No,31,Yes,Yes,Fiber optic,Yes,No internet service,No,No,No internet service,No,One year,Yes,Bank transfer (automatic),20.39,588.43,No
CUST-01000,Male,0,No,No,26,Yes,No,Fiber optic,No,Yes,No,No,No,Yes,Month-to-month,No,Bank transfer (automatic),72.17,2010.46,Yes
CUST-01001,Female,0,No,No,9,Yes,No,DSL,No,Yes,No internet service,No,Yes,No,Month-to-month,No,Credit card (automatic),56.58,530.48,Yes
CUST-01002,Female,0,Yes,No,3,Yes,Yes,No,No,Yes,No internet service,No,No internet service,No,Month-to-month,Yes,Electronic check,24.11,73.25,No
CUST-01003,Female,1,Yes,No,67,Yes,Yes,Fiber optic,No,No internet service,No,Yes,No,Yes,One year,No,Mailed check,64.19,4095.82,No
CUST-01004,Female,0,No,No,24,Yes,No,No,No internet service,No,No internet service,Yes,Yes,Yes,Month-to-month,Yes,Mailed check,58.07,1381.93,No
CUST-01005,Male,0,No,Yes,57,No,No,Fiber optic,No,No internet service,Yes,Yes,Yes,Yes,One year,Yes,Electronic check,48.76,2611.6,No
CUST-01006,Female,0,Yes,No,34,Yes,No,DSL,No,No internet service,Yes,Yes,Yes,No,Two year,No,Bank transfer (automatic),22.9,812.5,No
CUST-01007,Female,0,No,No,41,Yes,No,Fiber optic,No,No internet service,No,No,No internet service,No,One year,Yes,Credit card (automatic),75.41,3217.7,No
CUST-01008,Female,0,Yes,No,26,Yes,No,No,No internet service,Yes,No internet service,No internet service,Yes,No,Month-to-month,Yes,Mailed check,48.65,1186.86,No
CUST-01009,Male,0,Yes,No,61,Yes,Yes,DSL,No internet service,No,No,No,No,No,Month-to-month,Yes,Electronic check,43.98,2550.05,No
CUST-01010,Female,1,No,No,9,Yes,No,DSL,No internet service,Yes,No,No internet service,No,No,One year,Yes,Bank transfer (automatic),71.69,696.97,No
CUST-01011,Male,0,No,No,64,No,Yes,Fiber optic,No,No,No internet service,No,No,Yes,Month-to-month,Yes,Mailed check,70.73,4501.09,No
CUST-01012,Male,0,No,No,15,Yes,No,Fiber optic,No internet service,No,No,Yes,No,No,Month-to-month,No,Bank transfer (automatic),63.64,964.36,No
CUST-01013,Male,1,Yes,Yes,63,Yes,Yes,DSL,No,No internet service,No,No,Yes,Yes,Month-to-month,No,Credit card (automatic),69.76,4798.0,No
CUST-01014,Female,0,Yes,No,8,Yes,No,DSL,No,No,No internet service,No,Yes,Yes,One year,No,Mailed check,57.9,436.06,Yes
CUST-01015,Female,0,No,Yes,6,Yes,No,DSL,Yes,No,Yes,No,No,No,Month-to-month,No,Credit card (automatic),59.71,367.37,Yes
CUST-01016,Male,0,Yes,No,7,Yes,No,Fiber optic,No internet service,No,No,Yes,No,No,One year,Yes,Mailed check,39.68,292.98,No
CUST-01017,Male,0,No,No,28,Yes,Yes,No,No internet service,No,No internet service,Yes,No internet service,Yes,Month-to-month,No,Bank transfer (automatic),79.47,2144.8,Yes
CUST-01018,Male,0,Yes,Yes,19,Yes,Yes,Fiber optic,Yes,No,No,No internet service,No,No,One year,Yes,Electronic check,42.21,771.32,No
CUST-01019,Female,0,No,No,43,Yes,Yes,Fiber optic,Yes,No internet service,No internet service,No,No internet service,Yes,One year,Yes,Credit card (automatic),23.26,1079.56,No
CUST-01020,Male,1,No,No,59,Yes,No,DSL,No internet service,No,No,No,No internet service,Yes,Two year,Yes,Electronic check,44.86,2434.69,No
CUST-01021,Female,0,Yes,No,20,Yes,Yes,No,No,No,Yes,No,No internet service,No internet service,Month-to-month,No,Bank transfer (automatic),63.3,1179.24,Yes
CUST-01022,Male,0,No,No,38,Yes,Yes,No,No,Yes,No,No,No,No internet service,Month-to-month,No,Mailed check,50.06,1868.4,No
CUST-01023,Male,0,Yes,Yes,5,Yes,No phone service,Fiber optic,Yes,No,No,No,Yes,No internet service,Month-to-month,Yes,Bank transfer (automatic),72.34,383.29,Yes
CUST-01024,Male,1,No,No,22,Yes,No phone service,Fiber optic,No,No,No,No internet service,No,No,One year,Yes,Bank transfer (automatic),96.91,2112.83,Yes
CUST-01025,Male,0,No,No,6,Yes,No,No,No,No internet service,No,Yes,No,No,Two year,Yes,Bank transfer (automatic),97.03,555.47,Yes
CUST-01026,Male,0,No,No,48,Yes,Yes,Fiber optic,Yes,Yes,Yes,No,Yes,Yes,Two year,Yes,Electronic check,53.82,2542.18,No
CUST-01027,Male,0,Yes,No,3,Yes,Yes,Fiber optic,No,Yes,No,Yes,No,No,Two year,No,Electronic check,43.12,127.95,No
CUST-01028,Female,1,No,No,39,No,Yes,DSL,No internet service,Yes,Yes,Yes,No,Yes,Month-to-month,Yes,Electronic check,60.81,2479.27,No
CUST-01029,Male,0,No,No,28,Yes,No,DSL,Yes,No,No,No internet service,No,Yes,Month-to-month,No,Credit card (automatic),77.75,2337.55,No
CUST-01030,Female,0,Yes,No,10,Yes,Yes,Fiber optic,No,No,No,No,No internet service,No internet service,Month-to-month,No,Bank transfer (automatic),59.59,574.6,No
CUST-01031,Female,0,No,No,68,Yes,No,Fiber optic,No,No,No,No,No internet service,Yes,Month-to-month,No,Bank transfer (automatic),45.04,3190.46,No
CUST-01032,Male,1,Yes,Yes,16,No,No phone service,DSL,No,Yes,No,Yes,No,Yes,One year,Yes,Electronic check,52.54,874.5,No
CUST-01033,Male,0,Yes,No,6,Yes,No,Fiber optic,No internet service,Yes,No,No,No,No,Month-to-month,Yes,Credit card (automatic),74.77,472.57,No
CUST-01034,Female,0,No,No,16,Yes,Yes,Fiber optic,No,Yes,Yes,No,No,No,Two year,No,Bank transfer (automatic),60.38,980.62,No
CUST-01035,Female,0,Yes,No,59,Yes,Yes,Fiber optic,No,No,No,Yes,No,No,Month-to-month,Yes,Bank transfer (automatic),68.19,3632.72,No
CUST-01036,Male,0,No,Yes,43,Yes,No,Fiber optic,No,No internet service,No internet service,Yes,Yes,Yes,Two year,Yes,Bank transfer (automatic),38.09,1688.93,No
CUST-01037,Female,0,Yes,Yes,59,No,No,No,No internet service,No internet service,No internet service,Yes,Yes,Yes,Month-to-month,No,Bank transfer (automatic),64.66,3900.62,No
CUST-01038,Male,0,No,No,33,Yes,Yes,DSL,No internet service,Yes,Yes,No internet service,No,Yes,Two year,Yes,Electronic check,28.37,957.09,No
CUST-01039,Male,0,No,Yes,4,Yes,Yes,No,No,Yes,Yes,No,No internet service,Yes,Month-to-month,Yes,Bank transfer (automatic),68.43,261.75,Yes
CUST-01040,Female,0,No,No,28,Yes,No,DSL,No,No,Yes,No,Yes,No,Month-to-month,No,Mailed check,72.89,1876.78,No
CUST-01041,Female,0,Yes,No,15,Yes,Yes,Fiber optic,No internet service,No,No,Yes,No internet service,No,Month-to-month,Yes,Electronic check,74.01,1041.18,No
CUST-01042,Female,0,No,Yes,40,Yes,Yes,Fiber optic,Yes,No,No internet service,No,No,Yes,One year,Yes,Credit card (automatic),27.0,1018.7,No
CUST-01043,Female,0,Yes,No,20,Yes,Yes,Fiber optic,No internet service,No internet service,No,Yes,No,No internet service,Two year,No,Credit card (automatic),63.26,1182.61,Yes
CUST-01044,Male,0,No,Yes,69,Yes,Yes,No,No,Yes,Yes,No internet service,No,Yes,Two year,Yes,Credit card (automatic),26.6,1741.62,No
CUST-01045,Female,1,Yes,Yes,27,Yes,Yes,No,No,No internet service,No,Yes,Yes,No,Month-to-month,No,Bank transfer (automatic),48.7,1201.47,No
CUST-01046,Female,1,No,No,21,Yes,No,DSL,Yes,No,Yes,Yes,No internet service,Yes,Month-to-month,Yes,Electronic check,56.18,1125.35,Yes
CUST-01047,Male,0,No,No,22,Yes,No phone service,Fiber optic,No,Yes,No,No,Yes,Yes,Month-to-month,Yes,Credit card (automatic),98.38,2379.88,Yes
CUST-01048,Male,0,No,No,37,Yes,Yes,Fiber optic,Yes,No internet service,No,No,Yes,Yes,Month-to-month,No,Electronic check,40.39,1497.83,No
CUST-01049,Female,0,No,No,13,Yes,No,Fiber optic,No,Yes,Yes,No internet service,Yes,No internet service,Two year,No,Electronic check,61.03,768.7,No
CUST-01050,Male,1,Yes,No,35,Yes,Yes,DSL,No,Yes,Yes,No internet service,No,No,Month-to-month,No,Credit card (automatic),59.65,2179.81,No
CUST-01051,Female,0,No,Yes,19,Yes,Yes,No,No internet service,No,Yes,No internet service,No,No internet service,Month-to-month,Yes,Electronic check,54.97,1038.05,No
CUST-01052,Female,0,No,Yes,51,Yes,Yes,DSL,Yes,No,Yes,No,Yes,No,Month-to-month,Yes,Credit card (automatic),51.71,2389.05,No
CUST-01053,Female,0,No,Yes,41,Yes,Yes,No,No,No,Yes,Yes,No internet service,No internet service,Month-to-month,Yes,Bank transfer (automatic),62.34,2580.17,No
CUST-01054,Male,0,Yes,Yes,52,Yes,Yes,No,Yes,No,No internet service,No,No,Yes,One year,Yes,Electronic check,44.18,2207.33,No
CUST-01055,Female,0,No,No,21,Yes,No phone service,No,No,Yes,No,Yes,No internet service,Yes,Two year,No,Bank transfer (automatic),95.91,2042.78,Yes
CUST-01056,Female,0,No,No,22,Yes,No,Fiber optic,Yes,No internet service,No,No,No,Yes,Month-to-month,Yes,Bank transfer (automatic),91.67,1884.93,Yes
CUST-01057,Female,0,Yes,No,21,No,Yes,No,Yes,No,No,No internet service,Yes,No,Two year,No,Mailed check,73.67,1541.67,Yes
CUST-01058,Female,0,No,No,14,Yes,Yes,DSL,No,Yes,Yes,No,No,Yes,Month-to-month,No,Bank transfer (automatic),74.87,983.96,Yes
CUST-01059,Female,0,Yes,Yes,38,Yes,Yes,Fiber optic,Yes,No internet service,No,No,No,No,Two year,No,Mailed check,28.45,1037.6,No
CUST-01060,Male,0,Yes,No,7,No,No,Fiber optic,No,No internet service,No,No internet service,No,No,One year,Yes,Credit card (automatic),56.55,410.67,Yes
CUST-01061,Male,0,No,No,23,Yes,Yes,Fiber optic,Yes,Yes,Yes,No,No,Yes,Month-to-month,Yes,Bank transfer (automatic),71.82,1561.88,No
CUST-01062,Male,0,Yes,Yes,3,Yes,Yes,Fiber optic,No,No,No,Yes,No internet service,No internet service,Month-to-month,No,Mailed check,64.26,189.59,Yes
CUST-01063,Female,0,Yes,No,65,Yes,Yes,Fiber optic,Yes,Yes,Yes,No,Yes,Yes,Month-to-month,Yes,Credit card (automatic),67.2,3995.09,No
CUST-01064,Male,1,Yes,Yes,28,Yes,No phone service,DSL,No,No,No,No,No,No,Two year,Yes,Electronic check,78.13,2269.53,No
CUST-01065,Male,0,Yes,No,15,Yes,Yes,No,Yes,Yes,Yes,No,Yes,No,Two year,Yes,Electronic check,67.84,1025.53,Yes
CUST-01066,Female,0,Yes,No,28,No,Yes,Fiber optic,No,No,No,Yes,Yes,No internet service,Month-to-month,Yes,Mailed check,83.31,2479.07,Yes
CUST-01067,Female,0,Yes,No,18,Yes,No,Fiber optic,Yes,Yes,No,No internet service,No,No,Month-to-month,Yes,Credit card (automatic),63.29,1147.21,Yes
CUST-01068,Female,0,Yes,No,26,Yes,Yes,No,No,No,No,No,No,Yes,Month-to-month,No,Credit card (automatic),74.88,2139.31,No
CUST-01069,Male,0,Yes,Yes,53,Yes,No,No,No,Yes,No internet service,No,Yes,No,Two year,Yes,Bank transfer (automatic),61.41,3086.22,No
CUST-01070,Male,1,No,Yes,36,Yes,No,Fiber optic,No,No,No,Yes,Yes,Yes,Month-to-month,No,Electronic check,21.57,814.12,No
CUST-01071,Female,0,No,No,57,Yes,No,No,Yes,Yes,No,No,No,No internet service,Two year,Yes,Credit card (automatic),75.03,4218.83,No
CUST-01072,Female,0,No,No,9,Yes,No,Fiber optic,No,Yes,No,No,Yes,No internet service,Month-to-month,Yes,Electronic check,62.36,547.32,Yes
CUST-01073,Female,1,No,No,5,Yes,Yes,DSL,No,No,Yes,No,No,Yes,Month-to-month,Yes,Credit card (automatic),44.11,230.76,No
CUST-01074,Male,0,No,No,31,Yes,Yes,Fiber optic,Yes,No,No,Yes,Yes,No internet service,Month-to-month,No,Electronic check,79.25,2680.59,No
CUST-01075,Female,0,No,No,29,Yes,No phone service,DSL,No,No,No internet service,No,No internet service,No,One year,No,Electronic check,63.3,1929.53,No
CUST-01076,Female,0,Yes,No,27,No,No,Fiber optic,No internet service,No,Yes,Yes,Yes,Yes,Month-to-month,No,Electronic check,60.33,1573.57,Yes
CUST-01077,Male,0,No,No,11,Yes,Yes,DSL,No,No internet service,No,Yes,No,Yes,Two year,Yes,Credit card (automatic),76.59,844.16,No
CUST-01078,Female,0,Yes,No,8,Yes,No,Fiber optic,No,No internet service,Yes,No internet service,Yes,Yes,Month-to-month,No,Bank transfer (automatic),70.91,535.19,Yes
CUST-01079,Female,0,Yes,No,11,Yes,Yes,Fiber optic,No,Yes,No internet service,No,No,No,Month-to-month,No,Credit card (automatic),66.47,748.75,No
CUST-01080,Male,0,No,Yes,20,No,Yes,DSL,No,No internet service,No internet service,No,Yes,No internet service,Month-to-month,No,Electronic check,98.15,1924.76,Yes
CUST-01081,Male,1,No,No,71,Yes,No,Fiber optic,Yes,No internet service,No,No,Yes,No internet service,Month-to-month,No,Mailed check,72.14,4843.44,No
CUST-01082,Male,0,No,No,44,Yes,Yes,DSL,No,Yes,Yes,No internet service,Yes,Yes,One year,No,Credit card (automatic),72.73,2893.61,No
CUST-01083,Male,0,No,No,12,No,No,No,Yes,No internet service,No,Yes,No internet service,Yes,Two year,No,Mailed check,62.38,812.24,Yes
CUST-01084,Male,0,Yes,Yes,61,Yes,Yes,DSL,No,No internet service,Yes,No internet service,No internet service,No internet service,Month-to-month,No,Mailed check,66.75,3728.76,No
CUST-01085,Female,1,Yes,No,43,Yes,No,Fiber optic,No internet service,No,No internet service,No,Yes,No,Two year,No,Credit card (automatic),67.66,2810.06,No
CUST-01086,Female,0,No,No,44,No,Yes,Fiber optic,Yes,No,No internet service,Yes,No,Yes,Month-to-month,Yes,Mailed check,37.79,1559.82,No
CUST-01087,Female,0,Yes,No,18,Yes,Yes,Fiber optic,No,No internet service,No,No,No internet service,No internet service,Month-to-month,No,Electronic check,44.39,798.08,No
CUST-01088,Female,0,Yes,Yes,29,Yes,Yes,DSL,Yes,Yes,No,No,No,No internet service,Two year,No,Electronic check,59.26,1613.69,Yes
CUST-01089,Female,0,No,No,56,Yes,Yes,No,No,No,Yes,No,No,No,Month-to-month,Yes,Electronic check,69.84,4095.81,No
CUST-01090,Female,0,Yes,Yes,12,Yes,Yes,DSL,No,No internet service,Yes,No,No internet service,Yes,Month-to-month,Yes,Credit card (automatic),88.89,1007.97,Yes
CUST-01091,Female,0,No,No,2,Yes,No,Fiber optic,No,No,No internet service,No internet service,No internet service,Yes,One year,Yes,Electronic check,67.7,126.88,Yes
CUST-01092,Female,0,No,No,25,Yes,Yes,Fiber optic,No,Yes,Yes,No internet service,Yes,No internet service,Month-to-month,No,Credit card (automatic),34.76,819.79,No
CUST-01093,Female,0,No,No,11,Yes,No phone service,DSL,No,No,Yes,Yes,No,Yes,Month-to-month,No,Mailed check,56.9,600.56,No
CUST-01094,Female,0,No,No,62,Yes,Yes,Fiber optic,Yes,No internet service,Yes,No,No,No internet service,One year,No,Electronic check,47.27,3013.87,No
CUST-01095,Male,0,Yes,No,34,Yes,No,DSL,Yes,No,No,No,No internet service,Yes,One year,Yes,Mailed check,79.72,2553.07,No
CUST-01096,Female,1,No,Yes,69,Yes,Yes,Fiber optic,No internet service,No,Yes,No internet service,No,Yes,Month-to-month,No,Electronic check,71.78,5147.81,No
CUST-01097,Male,0,Yes,No,50,Yes,No,DSL,No internet service,Yes,Yes,No,No internet service,No internet service,One year,Yes,Mailed check,51.56,2542.0,No
CUST-01098,Male,1,Yes,No,19,Yes,Yes,Fiber optic,Yes,No,Yes,No,Yes,No,Month-to-month,Yes,Credit card (automatic),68.51,1222.81,No
CUST-01099,Female,0,No,No,26,Yes,Yes,Fiber optic,No internet service,Yes,No,Yes,No,Yes,Month-to-month,No,Bank transfer (automatic),29.87,736.24,No
CUST-01100,Female,0,Yes,Yes,44,Yes,Yes,No,No internet service,No internet service,No internet service,No,Yes,No internet service,Month-to-month,No,Credit card (automatic),26.08,1153.79,No
CUST-01101,Female,0,No,No,28,Yes,Yes,Fiber optic,No,No,Yes,No internet service,No,No internet service,Two year,Yes,Mailed check,57.84,1580.21,No
CUST-01102,Female,0,Yes,No,21,Yes,No,Fiber optic,No,No,No,No internet service,No,Yes,Month-to-month,Yes,Bank transfer (automatic),63.61,1339.48,No
CUST-01103,Female,0,No,No,15,Yes,Yes,Fiber optic,Yes,No internet service,No,No,Yes,Yes,Two year,No,Electronic check,23.18,369.44,No
CUST-01104,Male,0,Yes,No,47,Yes,No,DSL,No internet service,No,No,No,No,No internet service,One year,Yes,Electronic check,32.06,1369.95,No
CUST-01105,Male,1,Yes,No,3,No,Yes,Fiber optic,No,No,No,No,No,No,Month-to-month,No,Electronic check,52.24,153.39,No
CUST-01106,Male,1,Yes,No,7,Yes,No,Fiber optic,Yes,No,No,No,No internet service,Yes,One year,Yes,Credit card (automatic),23.77,163.58,No
CUST-01107,Male,0,Yes,No,4,Yes,Yes,DSL,No,No internet service,Yes,No,Yes,Yes,Month-to-month,Yes,Bank transfer (automatic),45.44,172.71,No
CUST-01108,Female,1,No,No,53,Yes,No,Fiber optic,No internet service,No internet service,No internet service,Yes,No,Yes,One year,No,Bank transfer (automatic),48.92,2562.62,No
CUST-01109,Male,0,No,No,3,No,No,Fiber optic,No internet service,No,Yes,No,No,Yes,Two year,Yes,Electronic check,75.31,228.94,No
CUST-01110,Female,0,No,Yes,30,Yes,Yes,DSL,No internet service,No,No,No,No,No,Month-to-month,Yes,Electronic check,38.94,1188.05,No
CUST-01111,Female,0,No,Yes,9,Yes,No,Fiber optic,No,No internet service,Yes,No internet service,Yes,No,Two year,Yes,Mailed check,30.12,280.29,No
CUST-01112,Male,0,No,No,23,Yes,Yes,Fiber optic,No,Yes,No,No,Yes,Yes,Month-to-month,Yes,Credit card (automatic),70.8,1490.56,Yes
CUST-01113,Male,0,No,No,3,No,No phone service,No,No internet service,No,No,No,No internet service,Yes,One year,Yes,Credit card (automatic),27.3,81.24,No
CUST-01114,Male,0,No,No,2,Yes,No,Fiber optic,No internet service,Yes,Yes,Yes,Yes,Yes,Two year,Yes,Electronic check,65.05,136.8,No
CUST-01115,Male,0,Yes,Yes,19,Yes,No,DSL,No,No internet service,Yes,No internet service,Yes,No,Month-to-month,Yes,Electronic check,92.29,1737.74,Yes
CUST-01116,Female,0,Yes,No,13,Yes,No,Fiber optic,No,Yes,Yes,Yes,No,Yes,One year,No,Mailed check,63.44,850.53,Yes
CUST-01117,Female,0,No,No,8,Yes,No,Fiber optic,No internet service,No,No,Yes,No,Yes,Two year,Yes,Bank transfer (automatic),75.98,618.84,No
CUST-01118,Female,0,No,Yes,36,Yes,Yes,No,No,No internet service,No,Yes,Yes,No,Month-to-month,No,Electronic check,67.25,2403.92,No
CUST-01119,Male,0,Yes,No,58,Yes,No,Fiber optic,Yes,Yes,No,Yes,No internet service,Yes,Month-to-month,Yes,Electronic check,26.86,1426.68,No
CUST-01120,Male,1,No,Yes,5,Yes,No,DSL,No,No internet service,No,Yes,No,No,Month-to-month,Yes,Mailed check,78.26,401.73,Yes
CUST-01121,Male,0,Yes,No,54,No,No,Fiber optic,No internet service,Yes,Yes,Yes,Yes,No internet service,One year,No,Credit card (automatic),70.97,3858.83,No
CUST-01122,Male,0,Yes,No,3,Yes,Yes,DSL,Yes,Yes,No,No internet service,No internet service,No,Month-to-month,No,Electronic check,85.05,229.93,Yes
CUST-01123,Female,0,No,Yes,67,Yes,No,Fiber optic,No,Yes,No,No,No,No,Two year,No,Mailed check,76.73,4839.51,No
CUST-01124,Male,1,Yes,No,11,Yes,Yes,Fiber optic,No internet service,No internet service,No,Yes,No,Yes,Month-to-month,No,Electronic check,24.57,246.56,No
CUST-01125,Male,0,Yes,Yes,43,Yes,Yes,Fiber optic,No,No,No internet service,No,No internet service,Yes,One year,No,Bank transfer (automatic),66.52,2900.54,No
CUST-01126,Male,0,Yes,No,29,Yes,No phone service,Fiber optic,No,No internet service,Yes,No,Yes,No,Two year,No,Mailed check,70.96,1858.29,Yes
CUST-01127,Female,0,Yes,Yes,3,No,Yes,DSL,No,Yes,No,No,No internet service,No internet service,Month-to-month,Yes,Mailed check,40.2,128.86,No
CUST-01128,Female,0,No,No,68,Yes,Yes,DSL,No,Yes,Yes,No,No internet service,No internet service,One year,No,Mailed check,65.04,4818.51,No
CUST-01129,Female,0,Yes,No,50,Yes,Yes,Fiber optic,No,No,Yes,No,Yes,Yes,Two year,Yes,Electronic check,62.66,3431.0,No
CUST-01130,Male,0,No,No,17,Yes,No,Fiber optic,Yes,Yes,Yes,Yes,No,Yes,Month-to-month,No,Bank transfer (automatic),20.13,323.5,No
CUST-01131,Male,0,Yes,Yes,4,Yes,Yes,No,No internet service,No,Yes,No internet service,No,Yes,One year,Yes,Bank transfer (automatic),32.12,128.36,No
CUST-01132,Female,0,Yes,No,48,Yes,Yes,DSL,Yes,No internet service,No,No internet service,No,No internet service,Two year,No,Electronic check,66.71,3452.59,No
CUST-01133,Male,0,No,Yes,39,Yes,No,Fiber optic,No,No,No,Yes,No,Yes,Month-to-month,Yes,Electronic check,27.57,1115.52,No
CUST-01134,Male,0,No,Yes,4,Yes,Yes,DSL,No,No,Yes,No,No,Yes,One year,Yes,Bank transfer (automatic),39.58,151.95,No
CUST-01135,Female,0,Yes,No,71,Yes,Yes,No,Yes,Yes,Yes,No internet service,No,No,Two year,No,Bank transfer (automatic),31.03,2350.28,No
CUST-01136,Male,0,No,No,27,Yes,Yes,Fiber optic,Yes,No,Yes,Yes,Yes,No internet service,Two year,No,Electronic check,64.3,1761.77,Yes
CUST-01137,Female,0,Yes,No,33,Yes,Yes,DSL,No,No,No internet service,Yes,No internet service,Yes,One year,No,Bank transfer (automatic),70.2,2423.16,No
CUST-01138,Male,1,No,No,17,No,No,Fiber optic,Yes,No,No internet service,Yes,Yes,Yes,Month-to-month,Yes,Bank transfer (automatic),23.68,440.35,No
CUST-01139,Female,0,No,No,18,Yes,Yes,No,No internet service,No,Yes,Yes,No,No internet service,Month-to-month,Yes,Bank transfer (automatic),65.62,1298.69,Yes
CUST-01140,Male,0,Yes,No,10,Yes,No,DSL,No internet service,No internet service,No internet service,Yes,No,No,Month-to-month,No,Electronic check,60.16,602.18,Yes
CUST-01141,Male,0,Yes,Yes,5,Yes,Yes,DSL,No internet service,Yes,Yes,No,Yes,Yes,One year,No,Electronic check,23.46,109.24,No
CUST-01142,Male,0,No,No,27,No,Yes,Fiber optic,No internet service,No,No,Yes,Yes,No,One year,Yes,Mailed check,58.01,1603.72,No
CUST-01143,Female,0,No,No,16,Yes,Yes,DSL,Yes,Yes,No,No,Yes,Yes,Two year,Yes,Mailed check,40.04,659.07,No
CUST-01144,Female,0,No,Yes,9,Yes,No,DSL,No,No,No,No internet service,No,No internet service,Month-to-month,Yes,Mailed check,70.01,639.18,No
CUST-01145,Male,0,No,No,2,Yes,No,DSL,No,Yes,Yes,No internet service,No,No,One year,Yes,Bank transfer (automatic),68.43,134.73,Yes
CUST-01146,Male,1,No,No,25,Yes,Yes,DSL,Yes,No,No,No,Yes,No,Month-to-month,No,Electronic check,67.63,1718.33,No
CUST-01147,Male,0,No,No,28,Yes,No,Fiber optic,No,No,No internet service,No,No internet service,No internet service,Month-to-month,Yes,Electronic check,43.92,1238.13,No
CUST-01148,Female,0,Yes,Yes,25,Yes,No phone service,No,Yes,No,Yes,No,No,Yes,Month-to-month,Yes,Bank transfer (automatic),69.35,1887.95,No
CUST-01149,Female,0,No,No,49,Yes,Yes,DSL,No internet service,No internet service,Yes,No,No internet service,No,Two year,Yes,Bank transfer (automatic),57.8,3023.43,No
CUST-01150,Female,0,Yes,No,38,No,No,No,No internet service,No,No internet service,No internet service,No,Yes,Two year,Yes,Electronic check,42.72,1588.84,No
CUST-01151,Male,1,No,No,14,Yes,Yes,Fiber optic,No internet service,No,Yes,Yes,Yes,Yes,Two year,Yes,Bank transfer (automatic),24.84,352.69,No
CUST-01152,Male,0,No,No,70,Yes,Yes,DSL,Yes,No,Yes,Yes,No,Yes,Two year,Yes,Mailed check,24.01,1702.9,No
CUST-01153,Male,0,No,No,52,Yes,Yes,Fiber optic,Yes,Yes,No,Yes,No internet service,No internet service,Two year,Yes,Bank transfer (automatic),35.08,1828.07,No
CUST-01154,Male,0,No,No,5,Yes,No,Fiber optic,Yes,Yes,No,No,Yes,Yes,One year,No,Electronic check,66.13,301.42,Yes
CUST-01155,Male,0,Yes,No,4,Yes,No,DSL,No internet service,No,No,No,No internet service,No,Month-to-month,Yes,Bank transfer (automatic),75.65,315.47,No
CUST-01156,Male,0,Yes,No,65,Yes,No,Fiber optic,No,No,Yes,No internet service,No internet service,No,Two year,Yes,Mailed check,80.0,5440.52,No
CUST-01157,Male,0,Yes,No,4,Yes,No phone service,Fiber optic,No,No,No,No,Yes,No,Month-to-month,No,Credit card (automatic),75.92,302.72,Yes
CUST-01158,Female,0,Yes,No,33,Yes,Yes,Fiber optic,Yes,Yes,No internet service,No,No,No,Month-to-month,No,Mailed check,76.57,2729.75,No
CUST-01159,Female,0,Yes,No,20,Yes,No phone service,Fiber optic,No,No,No internet service,No internet service,No,No,Month-to-month,Yes,Bank transfer (automatic),57.1,1252.53,Yes
CUST-01160,Male,1,Yes,No,8,Yes,Yes,DSL,No,Yes,Yes,No internet service,No,Yes,One year,No,Bank transfer (automatic),49.92,424.35,No
CUST-01161,Male,0,Yes,No,21,Yes,No,Fiber optic,No internet service,Yes,No internet service,Yes,Yes,Yes,One year,No,Credit card (automatic),77.28,1761.75,No
CUST-01162,Male,0,No,No,4,No,Yes,No,No,Yes,No,No,No,Yes,One year,Yes,Mailed check,62.44,249.14,Yes
CUST-01163,Male,0,Yes,Yes,15,Yes,No,Fiber optic,Yes,No,Yes,No,Yes,No,One year,No,Bank transfer (automatic),55.62,903.42,No
CUST-01164,Male,0,Yes,No,15,Yes,Yes,Fiber optic,No,Yes,No internet service,No,Yes,No,Month-to-month,No,Credit card (automatic),70.25,1145.43,Yes
CUST-01165,Male,0,No,No,4,Yes,Yes,Fiber optic,No,No internet service,Yes,No internet service,Yes,Yes,Month-to-month,Yes,Electronic check,34.67,142.11,No
CUST-01166,Male,1,Yes,Yes,24,Yes,No,Fiber optic,No,Yes,Yes,No,Yes,No,Month-to-month,No,Mailed check,74.69,1667.34,No
CUST-01167,Female,0,Yes,No,62,Yes,Yes,No,No,No internet service,Yes,Yes,No,Yes,One year,No,Credit card (automatic),32.9,1897.96,No
CUST-01168,Female,1,No,No,62,Yes,No,DSL,No internet service,Yes,No,Yes,No,Yes,Month-to-month,Yes,Bank transfer (automatic),21.94,1352.75,No
CUST-01169,Female,0,Yes,No,1,Yes,No,DSL,No,No internet service,No,No,Yes,Yes,Two year,Yes,Credit card (automatic),35.97,37.66,No
CUST-01170,Female,0,Yes,No,49,Yes,Yes,DSL,Yes,Yes,No internet service,No,No internet service,No,Month-to-month,Yes,Bank transfer (automatic),48.83,2393.34,No
CUST-01171,Male,0,No,No,71,Yes,No,No,No internet service,Yes,No,No,Yes,No,Month-to-month,No,Bank transfer (automatic),42.92,3230.07,No
CUST-01172,Female,0,No,Yes,19,Yes,No phone service,DSL,No internet service,Yes,No,No internet service,No internet service,Yes,Month-to-month,Yes,Electronic check,83.02,1662.49,Yes
CUST-01173,Female,0,No,Yes,28,Yes,No,No,Yes,Yes,No,No,No,Yes,Month-to-month,No,Mailed check,45.11,1188.21,No
CUST-01174,Female,0,Yes,No,35,Yes,Yes,DSL,No,No,Yes,No,No,Yes,One year,No,Electronic check,73.34,2378.37,No
CUST-01175,Female,0,Yes,No,16,Yes,Yes,Fiber optic,No,No internet service,No,Yes,No internet service,Yes,Two year,Yes,Bank transfer (automatic),55.68,927.55,No
CUST-01176,Male,0,Yes,No,29,Yes,No phone service,Fiber optic,No,No,No internet service,No,No internet service,No internet service,Month-to-month,Yes,Mailed check,51.45,1438.45,No
CUST-01177,Female,0,No,No,67,Yes,No,No,No internet service,Yes,Yes,No,No,No internet service,Two year,Yes,Bank transfer (automatic),29.61,2155.04,No
CUST-01178,Female,0,No,Yes,44,Yes,Yes,DSL,No internet service,Yes,No internet service,No,Yes,No internet service,Month-to-month,Yes,Electronic check,36.26,1713.03,No
CUST-01179,Female,1,Yes,No,31,Yes,Yes,Fiber optic,Yes,No internet service,No,No,No internet service,No,Month-to-month,No,Mailed check,72.03,2211.15,No
CUST-01180,Female,0,Yes,No,9,Yes,No,No,No,Yes,Yes,No,Yes,No,Month-to-month,Yes,Mailed check,66.8,610.88,No
CUST-01181,Male,1,Yes,No,65,Yes,No phone service,No,Yes,No,Yes,No,Yes,No,Month-to-month,Yes,Electronic check,46.85,3256.65,No
CUST-01182,Female,0,Yes,No,12,Yes,Yes,No,No,Yes,No internet service,No internet service,No,No,Month-to-month,Yes,Bank transfer (automatic),74.54,960.92,No
CUST-01183,Female,0,Yes,Yes,52,Yes,No phone service,No,No internet service,No,No,No,No,No internet service,One year,Yes,Credit card (automatic),69.15,3636.77,No
CUST-01184,Female,0,Yes,Yes,29,Yes,No,Fiber optic,Yes,Yes,No,No internet service,No,Yes,Two year,No,Mailed check,65.8,2088.3,Yes
CUST-01185,Female,0,Yes,Yes,13,Yes,Yes,DSL,No,No internet service,Yes,No,No,Yes,Month-to-month,No,Credit card (automatic),98.79,1289.66,Yes
CUST-01186,Female,0,No,No,9,Yes,Yes,Fiber optic,No internet service,Yes,No internet service,No,Yes,No,Two year,Yes,Bank transfer (automatic),84.39,689.8,Yes
CUST-01187,Female,0,No,Yes,27,Yes,No,DSL,No,No internet service,No,No,No internet service,Yes,Month-to-month,No,Bank transfer (automatic),68.5,1872.69,No
CUST-01188,Female,1,No,No,49,Yes,Yes,No,Yes,No,No,No,No,No internet service,Two year,No,Electronic check,25.48,1317.69,No
CUST-01189,Female,0,No,No,30,Yes,Yes,Fiber optic,No,Yes,No,No,Yes,No,Month-to-month,No,Electronic check,33.48,1101.81,No
CUST-01190,Male,0,No,No,2,Yes,Yes,DSL,No,Yes,Yes,No,Yes,No,Month-to-month,Yes,Credit card (automatic),44.78,82.49,No
CUST-01191,Female,0,No,Yes,13,Yes,Yes,No,No,Yes,No,No,No,No,Month-to-month,Yes,Bank transfer (automatic),89.53,1150.05,Yes
CUST-01192,Female,0,No,No,22,Yes,No,DSL,No,No,Yes,Yes,No,Yes,Month-to-month,No,Credit card (automatic),78.57,1758.5,Yes
CUST-01193,Female,0,No,No,29,Yes,Yes,Fiber optic,Yes,No internet service,Yes,No,No,No,Two year,No,Mailed check,57.73,1801.9,No
CUST-01194,Male,1,Yes,Yes,6,Yes,No,Fiber optic,No,No,No internet service,No,No,Yes,Month-to-month,Yes,Mailed check,63.74,398.95,Yes
CUST-01195,Male,0,No,No,69,Yes,No,No,No,No,Yes,No,Yes,No internet service,Month-to-month,No,Bank transfer (automatic),29.3,1913.03,No
CUST-01196,Male,0,Yes,No,71,Yes,No,Fiber optic,Yes,No internet service,Yes,No internet service,No,Yes,Month-to-month,No,Electronic check,55.18,4199.38,No
CUST-01197,Female,0,Yes,No,8,Yes,Yes,Fiber optic,No internet service,No,Yes,Yes,No,No,Month-to-month,No,Credit card (automatic),23.72,195.99,No
CUST-01198,Female,0,No,No,35,Yes,Yes,DSL,No internet service,Yes,No,No,Yes,No,Month-to-month,No,Credit card (automatic),42.98,1623.19,No
CUST-01199,Female,1,No,No,6,No,Yes,Fiber optic,No internet service,Yes,Yes,No,No,Yes,One year,No,Credit card (automatic),78.13,500.13,Yes
CUST-01200,Female,0,No,No,36,Yes,Yes,Fiber optic,No,No internet service,No,No internet service,No,Yes,One year,No,Credit card (automatic),73.4,2446.47,No
CUST-01201,Female,0,Yes,No,41,No,No,DSL,Yes,No,No,No,No,No,Month-to-month,No,Mailed check,34.71,1554.17,No
CUST-01202,Male,1,Yes,No,55,Yes,No,Fiber optic,No internet service,No internet service,No,Yes,Yes,Yes,Two year,No,Electronic check,71.57,3900.37,No
CUST-01203,Male,0,Yes,No,24,Yes,No,Fiber optic,Yes,No,No internet service,Yes,Yes,Yes,Month-to-month,Yes,Bank transfer (automatic),73.51,1934.51,No
CUST-01204,Male,1,Yes,No,3,Yes,No phone service,DSL,No,Yes,Yes,No,No,Yes,One year,Yes,Bank transfer (automatic),56.41,158.64,No
CUST-01205,Female,0,Yes,No,33,Yes,Yes,DSL,No internet service,Yes,Yes,No,No internet service,Yes,Month-to-month,Yes,Bank transfer (automatic),78.93,2757.49,No
CUST-01206,Female,1,Yes,No,31,Yes,No,DSL,No internet service,Yes,Yes,No internet service,Yes,Yes,Month-to-month,Yes,Bank transfer (automatic),34.77,1035.81,No
CUST-01207,Male,1,No,No,45,Yes,Yes,Fiber optic,No,Yes,No internet service,No,No,Yes,Two year,No,Bank transfer (automatic),24.14,987.4,No
CUST-01208,Female,0,No,Yes,8,No,No,No,No internet service,No,No,No,No,No internet service,Month-to-month,Yes,Electronic check,70.61,620.69,No
CUST-01209,Male,0,No,Yes,13,Yes,No,DSL,Yes,No internet service,No internet service,No,No,Yes,Month-to-month,No,Bank transfer (automatic),61.81,771.96,Yes
CUST-01210,Female,0,Yes,Yes,16,Yes,No phone service,Fiber optic,Yes,No,Yes,Yes,No,No internet service,Month-to-month,Yes,Credit card (automatic),69.29,1015.63,Yes
CUST-01211,Male,0,No,No,53,Yes,Yes,No,No,No internet service,No,No,No,No,Month-to-month,Yes,Bank transfer (automatic),23.31,1324.5,No
CUST-01212,Female,0,No,No,70,Yes,No,Fiber optic,No internet service,No internet service,Yes,Yes,No,No internet service,Month-to-month,No,Electronic check,23.88,1648.87,No
CUST-01213,Male,0,Yes,No,16,Yes,No,No,Yes,No internet service,No internet service,No,Yes,No internet service,One year,Yes,Bank transfer (automatic),55.6,903.2,Yes
CUST-01214,Female,0,Yes,No,54,Yes,No phone service,DSL,No,No,No,No internet service,Yes,No internet service,One year,No,Electronic check,31.02,1837.51,No
CUST-01215,Male,0,No,No,4,Yes,No phone service,Fiber optic,No internet service,No,Yes,No internet service,No internet service,No,Month-to-month,Yes,Mailed check,62.88,250.55,Yes
CUST-01216,Female,1,No,No,70,Yes,Yes,Fiber optic,No internet service,No,Yes,No,No,No,Month-to-month,No,Credit card (automatic),36.88,2358.08,No
CUST-01217,Male,0,Yes,No,7,Yes,Yes,DSL,No,Yes,No,No internet service,Yes,Yes,Month-to-month,Yes,Credit card (automatic),69.49,505.03,Yes
CUST-01218,Male,0,Yes,No,53,Yes,No,Fiber optic,No internet service,No internet service,Yes,No,No internet service,No internet service,Two year,Yes,Bank transfer (automatic),21.16,1168.72,No
CUST-01219,Male,0,No,No,56,Yes,No,Fiber optic,No,Yes,Yes,No,Yes,Yes,One year,No,Electronic check,39.31,2066.73,No
CUST-01220,Female,1,No,Yes,44,No,Yes,DSL,No,Yes,Yes,Yes,No,No,Two year,Yes,Electronic check,74.37,3302.0,No
CUST-01221,Male,0,No,No,28,Yes,No,Fiber optic,No,Yes,No,No,Yes,Yes,One year,Yes,Electronic check,31.1,848.02,No
CUST-01222,Female,0,Yes,Yes,18,Yes,No,Fiber optic,Yes,Yes,Yes,No,No,Yes,One year,Yes,Mailed check,56.0,917.26,Yes
CUST-01223,Male,0,No,No,26,Yes,No,Fiber optic,No,No internet service,No,No,Yes,No,One year,No,Mailed check,90.02,2252.33,Yes
CUST-01224,Female,0,Yes,No,47,Yes,Yes,Fiber optic,No,No internet service,No,Yes,No internet service,No,Month-to-month,No,Electronic check,27.28,1387.18,No
CUST-01225,Female,1,Yes,Yes,44,Yes,Yes,No,No,Yes,Yes,No internet service,No,No,Two year,No,Electronic check,23.19,979.6,No
CUST-01226,Male,0,Yes,Yes,21,Yes,No,No,No,No internet service,No,Yes,Yes,No internet service,Month-to-month,No,Credit card (automatic),81.56,1617.89,Yes
CUST-01227,Female,0,No,No,9,Yes,No,Fiber optic,No internet service,No,No,Yes,No internet service,Yes,One year,No,Bank transfer (automatic),44.29,433.76,No
CUST-01228,Female,0,No,No,21,Yes,Yes,Fiber optic,Yes,Yes,No,No,No internet service,No internet service,Two year,Yes,Electronic check,59.47,1219.48,No
CUST-01229,Male,0,No,No,18,Yes,No,Fiber optic,No,Yes,No,No,Yes,Yes,Two year,Yes,Mailed check,57.99,1135.79,Yes
CUST-01230,Female,0,No,No,37,Yes,No phone service,Fiber optic,No internet service,No,No,No,No,No internet service,Month-to-month,No,Credit card (automatic),33.21,1322.21,No
CUST-01231,Female,0,No,Yes,26,Yes,No,DSL,No,Yes,No,No,No,No,Two year,No,Credit card (automatic),66.72,1724.47,Yes
CUST-01232,Female,0,Yes,Yes,19,Yes,No phone service,Fiber optic,Yes,No,Yes,No,No internet service,No,One year,No,Electronic check,60.51,1123.24,No
CUST-01233,Female,0,Yes,No,51,Yes,No,DSL,No,Yes,No internet service,No,Yes,No,Month-to-month,Yes,Credit card (automatic),37.59,1778.18,No
CUST-01234,Male,0,Yes,No,35,Yes,No,DSL,No internet service,No internet service,No internet service,Yes,Yes,Yes,Two year,No,Mailed check,73.08,2399.53,No
CUST-01235,Female,0,Yes,No,16,Yes,Yes,DSL,Yes,No,No internet service,Yes,No internet service,No,One year,No,Bank transfer (automatic),66.87,1012.67,No
CUST-01236,Male,0,Yes,No,11,No,No,DSL,No internet service,No,Yes,No internet service,No,Yes,Month-to-month,Yes,Electronic check,53.09,580.53,No
CUST-01237,Male,0,No,Yes,29,Yes,Yes,DSL,Yes,No,No,Yes,Yes,No,Month-to-month,No,Bank transfer (automatic),47.55,1343.68,No
CUST-01238,Female,0,Yes,No,41,Yes,Yes,Fiber optic,No internet service,No,No internet service,No,No,No,Two year,No,Mailed check,57.17,2484.79,No
CUST-01239,Female,1,Yes,No,20,Yes,Yes,DSL,No,No internet service,No internet service,No internet service,No internet service,No internet service,Month-to-month,Yes,Mailed check,63.9,1226.03,No
CUST-01240,Female,1,No,No,17,No,Yes,No,Yes,No,No,No,Yes,No,One year,No,Credit card (automatic),56.86,952.03,Yes
CUST-01241,Male,0,No,No,5,Yes,Yes,DSL,No,No internet service,No internet service,No internet service,No,No internet service,Month-to-month,Yes,Bank transfer (automatic),60.21,278.33,Yes
CUST-01242,Male,1,Yes,No,21,Yes,No,No,No,No internet service,No,No internet service,No internet service,Yes,One year,Yes,Electronic check,49.36,989.13,No
CUST-01243,Male,0,No,Yes,17,Yes,No phone service,Fiber optic,No,No,Yes,No internet service,No,No,Month-to-month,Yes,Credit card (automatic),57.78,1037.86,Yes
CUST-01244,Female,0,No,No,36,Yes,No,Fiber optic,No,No,No internet service,No,No internet service,Yes,Month-to-month,Yes,Electronic check,77.33,2899.19,No
CUST-01245,Female,0,No,No,22,Yes,Yes,DSL,Yes,No,Yes,No internet service,No,Yes,One year,No,Mailed check,62.07,1338.84,Yes
CUST-01246,Male,0,No,Yes,12,Yes,No,No,Yes,No,Yes,No,Yes,No,Month-to-month,No,Electronic check,93.15,1135.12,Yes
CUST-01247,Male,0,No,No,39,Yes,No,DSL,No,Yes,No internet service,No internet service,No internet service,No,Two year,No,Bank transfer (automatic),51.57,1994.47,No
CUST-01248,Female,0,No,No,69,Yes,No,DSL,Yes,No,No,Yes,No,No internet service,Month-to-month,Yes,Credit card (automatic),52.38,3899.9,No
CUST-01249,Male,1,No,No,53,Yes,Yes,DSL,No,No internet service,No,Yes,No,No,Month-to-month,Yes,Bank transfer (automatic),69.34,3597.62,No
CUST-01250,Female,0,No,No,32,Yes,No,Fiber optic,No,Yes,No internet service,No,Yes,No,One year,No,Mailed check,28.47,951.51,No
CUST-01251,Male,1,No,No,22,Yes,Yes,DSL,Yes,No,Yes,No,No,No,Month-to-month,Yes,Credit card (automatic),57.35,1190.67,No
CUST-01252,Female,0,Yes,No,26,Yes,Yes,No,No internet service,Yes,No,No,Yes,Yes,Month-to-month,No,Credit card (automatic),76.56,1964.32,No
CUST-01253,Female,1,No,No,2,Yes,Yes,Fiber optic,No,No,Yes,No internet service,Yes,No internet service,Two year,Yes,Credit card (automatic),79.8,160.54,No
CUST-01254,Female,0,Yes,No,22,Yes,Yes,No,No,Yes,No,No internet service,Yes,Yes,Month-to-month,Yes,Electronic check,88.14,1785.76,Yes
CUST-01255,Male,0,Yes,Yes,56,Yes,No phone service,Fiber optic,No,No,Yes,Yes,No,Yes,One year,Yes,Bank transfer (automatic),78.35,4464.31,No
CUST-01256,Male,0,Yes,No,60,No,No,DSL,No,No,No,Yes,No internet service,No,One year,Yes,Electronic check,27.33,1664.29,No
CUST-01257,Male,1,Yes,No,69,Yes,No,Fiber optic,Yes,No,No,No,No internet service,No,Month-to-month,No,Electronic check,52.22,3357.27,No
CUST-01258,Female,0,Yes,Yes,45,Yes,Yes,DSL,No,Yes,No,No,No internet service,No,One year,No,Electronic check,34.78,1721.19,No
CUST-01259,Male,0,Yes,Yes,1,Yes,No,No,Yes,Yes,No,Yes,Yes,No,Two year,Yes,Mailed check,73.86,67.84,Yes
CUST-01260,Male,1,Yes,No,30,Yes,No,Fiber optic,No,Yes,No,Yes,No internet service,Yes,Month-to-month,Yes,Bank transfer (automatic),22.22,719.3,No
CUST-01261,Male,0,Yes,No,19,No,No phone service,Fiber optic,No,No internet service,No internet service,No,No internet service,No,Month-to-month,Yes,Credit card (automatic),34.3,650.59,No
CUST-01262,Male,0,No,No,18,Yes,No,Fiber optic,No,Yes,No,Yes,No internet service,Yes,Month-to-month,Yes,Bank transfer (automatic),38.03,646.58,No
CUST-01263,Male,0,Yes,No,17,Yes,No phone service,Fiber optic,No,No,No,Yes,No internet service,No,Month-to-month,Yes,Electronic check,74.94,1175.32,No
CUST-01264,Male,0,Yes,Yes,53,Yes,Yes,No,Yes,No,Yes,No internet service,Yes,No,Month-to-month,Yes,Mailed check,55.02,3032.36,No
CUST-01265,Male,1,No,Yes,1,Yes,No,Fiber optic,No,No,No internet service,No internet service,No internet service,Yes,Two year,Yes,Bank transfer (automatic),62.49,65.67,No
CUST-01266,Male,0,No,No,68,Yes,Yes,Fiber optic,No internet service,No,No internet service,Yes,Yes,Yes,Two year,No,Electronic check,60.56,4260.93,No
CUST-01267,Male,0,Yes,No,26,Yes,Yes,Fiber optic,No,No,Yes,No,No,No internet service,One year,Yes,Electronic check,73.16,1871.68,Yes
CUST-01268,Male,0,Yes,No,28,Yes,Yes,DSL,No,No,No internet service,No,No,No internet service,One year,Yes,Mailed check,20.84,545.31,No
CUST-01269,Male,0,No,No,50,Yes,No,Fiber optic,No internet service,No internet service,No,No,No,No internet service,Month-to-month,Yes,Electronic check,26.42,1397.5,No
CUST-01270,Female,0,Yes,No,10,Yes,No,Fiber optic,No internet service,Yes,No,No,No,No,Month-to-month,Yes,Credit card (automatic),47.53,510.59,No
CUST-01271,Female,0,No,Yes,31,Yes,No,No,Yes,No,Yes,Yes,No internet service,Yes,One year,Yes,Electronic check,76.48,2319.61,No
CUST-01272,Female,0,Yes,Yes,7,Yes,Yes,Fiber optic,Yes,Yes,No,No,No,Yes,One year,Yes,Mailed check,78.01,583.34,Yes
CUST-01273,Female,0,Yes,No,8,No,No,No,No internet service,Yes,No,Yes,No internet service,No,Month-to-month,No,Mailed check,61.9,508.63,No
CUST-01274,Male,0,Yes,No,1,Yes,No,Fiber optic,No,Yes,No internet service,No,Yes,No,One year,Yes,Electronic check,69.6,69.98,No
CUST-01275,Male,0,No,No,25,Yes,No phone service,Fiber optic,Yes,Yes,No,No,Yes,No internet service,Month-to-month,Yes,Bank transfer (automatic),97.11,2481.45,Yes
CUST-01276,Male,1,Yes,No,53,Yes,No phone service,DSL,No,No,No,No internet service,No,Yes,Two year,Yes,Mailed check,37.61,1836.95,No
CUST-01277,Male,1,No,No,64,Yes,No,Fiber optic,Yes,No,No,No internet service,No,Yes,Month-to-month,No,Bank transfer (automatic),75.88,4492.48,No
CUST-01278,Male,0,No,No,70,Yes,No,DSL,No,No internet service,Yes,No,Yes,No,Month-to-month,Yes,Electronic check,56.48,4132.86,No
CUST-01279,Female,1,Yes,No,69,Yes,No,Fiber optic,Yes,No internet service,No,No,No internet service,No,One year,Yes,Mailed check,50.5,3812.01,No
CUST-01280,Female,1,No,No,71,Yes,Yes,Fiber optic,Yes,No internet service,No internet service,No,Yes,No,One year,No,Mailed check,66.7,4743.09,No
CUST-01281,Female,0,No,No,2,Yes,Yes,Fiber optic,Yes,No,Yes,No,Yes,No internet service,Two year,No,Credit card (automatic),34.32,62.52,No
CUST-01282,Male,0,Yes,Yes,17,Yes,No,No,No internet service,No,No,No,No,No,Month-to-month,Yes,Electronic check,75.29,1169.36,Yes
CUST-01283,Male,0,Yes,No,27,Yes,Yes,Fiber optic,Yes,No,No,No,Yes,No internet service,Two year,No,Credit card (automatic),64.97,1742.74,Yes
CUST-01284,Male,0,Yes,No,12,Yes,Yes,Fiber optic,No,No internet service,Yes,Yes,No,Yes,Two year,No,Bank transfer (automatic),67.96,841.24,No
CUST-01285,Male,0,Yes,No,10,Yes,No,Fiber optic,Yes,No,No,No,No internet service,No,Two year,Yes,Electronic check,71.34,664.16,No
CUST-01286,Male,0,No,No,70,Yes,Yes,DSL,Yes,No,No,No,No,No,Month-to-month,Yes,Credit card (automatic),57.04,3619.9,No
CUST-01287,Female,0,Yes,Yes,2,Yes,No,DSL,Yes,Yes,No internet service,No,Yes,Yes,Month-to-month,No,Electronic check,66.17,138.41,Yes
CUST-01288,Male,0,Yes,Yes,24,Yes,Yes,DSL,Yes,No internet service,No,No,No internet service,No internet service,One year,Yes,Credit card (automatic),37.86,844.33,No
CUST-01289,Male,0,No,Yes,24,Yes,No phone service,No,No,No,No,No,No,No,Month-to-month,Yes,Mailed check,77.31,1832.5,Yes
CUST-01290,Male,1,Yes,No,24,Yes,No,DSL,No,No,No internet service,No internet service,Yes,No,One year,Yes,Mailed check,57.62,1447.64,No
CUST-01291,Male,0,Yes,Yes,1,Yes,Yes,No,Yes,No internet service,Yes,No,Yes,Yes,Two year,No,Electronic check,73.4,67.9,No
CUST-01292,Female,0,No,No,49,Yes,Yes,DSL,No internet service,Yes,No internet service,No,No,No internet service,One year,No,Bank transfer (automatic),43.07,2086.27,No
CUST-01293,Male,1,No,No,27,Yes,Yes,Fiber optic,No,Yes,No,No,No internet service,Yes,Two year,No,Mailed check,50.28,1252.07,No
CUST-01294,Female,0,No,Yes,4,No,Yes,Fiber optic,No internet service,No internet service,No,Yes,No,Yes,Month-to-month,Yes,Bank transfer (automatic),71.76,278.29,No
CUST-01295,Female,0,No,Yes,70,No,No,Fiber optic,No,Yes,No,Yes,No,Yes,Month-to-month,No,Bank transfer (automatic),65.72,4979.87,No
CUST-01296,Male,0,Yes,No,59,Yes,Yes,Fiber optic,Yes,Yes,Yes,No internet service,No,No internet service,One year,No,Electronic check,42.65,2610.03,No
CUST-01297,Male,0,No,No,65,Yes,No,Fiber optic,Yes,No internet service,No internet service,No internet service,Yes,No,Month-to-month,Yes,Electronic check,21.36,1255.97,No
CUST-01298,Female,0,No,No,3,Yes,No,DSL,Yes,No,No,Yes,No,No,One year,No,Mailed check,72.61,201.91,Yes
CUST-01299,Male,0,No,No,2,Yes,No,DSL,No,No internet service,No,Yes,Yes,No,One year,Yes,Mailed check,67.18,128.82,No
CUST-01300,Male,0,Yes,No,24,Yes,No,Fiber optic,No,No internet service,No,Yes,No internet service,No internet service,One year,Yes,Mailed check,64.54,1671.5,Yes
CUST-01301,Male,0,Yes,No,56,No,No phone service,Fiber optic,Yes,Yes,No internet service,No internet service,Yes,Yes,Two year,Yes,Electronic check,52.77,3101.15,No
CUST-01302,Male,0,No,No,56,Yes,Yes,No,No internet service,Yes,Yes,No,Yes,No internet service,Two year,No,Credit card (automatic),32.26,1849.01,No
CUST-01303,Female,1,No,No,19,Yes,No,DSL,No internet service,Yes,No,No internet service,No,No,One year,Yes,Electronic check,44.73,790.82,No
CUST-01304,Male,0,Yes,No,28,Yes,Yes,Fiber optic,Yes,Yes,No internet service,No internet service,No,No internet service,Month-to-month,Yes,Mailed check,29.79,905.67,No
CUST-01305,Female,0,Yes,Yes,66,Yes,Yes,Fiber optic,No,Yes,No internet service,No,No internet service,No,One year,Yes,Credit card (automatic),32.63,2286.3,No
CUST-01306,Female,0,No,No,18,Yes,Yes,Fiber optic,No internet service,No internet service,No,Yes,Yes,Yes,One year,Yes,Bank transfer (automatic),76.99,1313.6,Yes
CUST-01307,Female,0,No,No,18,Yes,No,Fiber optic,No internet service,No internet service,No,Yes,Yes,No,Month-to-month,No,Credit card (automatic),62.84,1109.48,Yes
CUST-01308,Female,0,No,No,57,Yes,No,DSL,No,No,No,No,No,No,One year,No,Mailed check,68.88,3869.92,No
CUST-01309,Female,0,Yes,No,57,Yes,Yes,DSL,No internet service,No,Yes,No internet service,No,No,Two year,Yes,Electronic check,48.43,2808.82,No
CUST-01310,Male,1,Yes,No,43,Yes,No,DSL,No internet service,No,No,No,No internet service,No internet service,Month-to-month,Yes,Bank transfer (automatic),24.25,1016.64,No
CUST-01311,Male,0,No,Yes,55,Yes,No,Fiber optic,No internet service,No internet service,No,Yes,Yes,No internet service,Month-to-month,Yes,Mailed check,41.69,2159.97,No
CUST-01312,Female,0,No,No,65,Yes,Yes,DSL,No,Yes,No,No,No internet service,No internet service,One year,No,Bank transfer (automatic),29.5,1981.54,No
CUST-01313,Male,0,Yes,No,55,Yes,Yes,DSL,No,Yes,No internet service,No internet service,Yes,No,Two year,Yes,Electronic check,61.61,3508.88,No
CUST-01314,Male,0,Yes,No,9,Yes,No,Fiber optic,No,Yes,Yes,No,No,Yes,One year,Yes,Credit card (automatic),74.68,664.38,No
CUST-01315,Female,1,No,No,20,Yes,No,Fiber optic,No,No,No,No,No internet service,No,Month-to-month,No,Electronic check,65.58,1308.1,Yes
CUST-01316,Female,0,No,No,22,Yes,No phone service,Fiber optic,Yes,No,No,No,Yes,Yes,One year,No,Electronic check,66.71,1335.73,No
CUST-01317,Female,0,No,No,4,Yes,No phone service,No,No,No internet service,No internet service,No,Yes,Yes,Two year,Yes,Credit card (automatic),94.64,375.24,Yes
CUST-01318,Female,0,Yes,No,26,Yes,No,Fiber optic,No,Yes,Yes,Yes,No,Yes,Month-to-month,No,Mailed check,66.6,1835.63,No
CUST-01319,Male,1,Yes,No,16,Yes,Yes,DSL,No,No,Yes,No internet service,No,No,Month-to-month,No,Electronic check,54.11,881.6,No
CUST-01320,Female,0,Yes,No,49,No,Yes,DSL,No internet service,Yes,No,No internet service,No internet service,No,Two year,Yes,Electronic check,62.86,3339.3,No
CUST-01321,Female,0,No,No,8,No,No,DSL,No internet service,Yes,No,No internet service,No,No internet service,One year,Yes,Bank transfer (automatic),44.96,375.26,No
CUST-01322,Female,0,No,No,7,Yes,No,DSL,No,No internet service,Yes,No,No,No,Two year,No,Credit card (automatic),90.56,669.12,Yes
CUST-01323,Male,1,No,No,29,Yes,Yes,No,No,No,No,No internet service,No internet service,Yes,Month-to-month,No,Mailed check,99.57,2863.51,Yes
CUST-01324,Male,0,Yes,Yes,4,Yes,Yes,DSL,No,No,Yes,No,No,Yes,Two year,No,Bank transfer (automatic),78.7,294.24,Yes
CUST-01325,Male,0,Yes,No,1,Yes,Yes,DSL,No,No,No internet service,No,Yes,No internet service,One year,Yes,Bank transfer (automatic),33.42,36.18,No
CUST-01326,Female,0,Yes,No,29,Yes,Yes,DSL,No,No,Yes,No,No internet service,Yes,Month-to-month,No,Electronic check,70.44,2107.8,Yes
CUST-01327,Male,0,No,No,64,Yes,Yes,DSL,No,Yes,Yes,No internet service,No,No internet service,One year,Yes,Credit card (automatic),23.15,1602.94,No
CUST-01328,Male,0,No,No,36,Yes,No,Fiber optic,No internet service,No internet service,No,No,Yes,Yes,One year,No,Mailed check,64.16,2364.05,No
CUST-01329,Female,0,Yes,Yes,40,No,Yes,No,No,Yes,Yes,Yes,No internet service,No,Month-to-month,Yes,Electronic check,78.11,3095.96,No
CUST-01330,Female,0,No,No,3,Yes,Yes,DSL,No internet service,No,No internet service,Yes,No internet service,No,Month-to-month,No,Mailed check,38.55,107.2,No
CUST-01331,Female,0,Yes,No,55,Yes,Yes,Fiber optic,Yes,No internet service,No,No,Yes,Yes,One year,Yes,Bank transfer (automatic),74.75,4027.14,No
CUST-01332,Female,1,Yes,No,18,Yes,No,DSL,No,Yes,No,No,Yes,Yes,Two year,Yes,Credit card (automatic),69.59,1277.06,No
CUST-01333,Female,1,No,No,69,Yes,Yes,Fiber optic,No,No,Yes,Yes,No,Yes,One year,Yes,Credit card (automatic),64.65,4845.16,No
CUST-01334,Female,0,Yes,Yes,27,No,No,No,No,No,No,No,No,No internet service,Month-to-month,Yes,Credit card (automatic),77.23,2222.55,No
CUST-01335,Female,0,No,No,26,Yes,No,DSL,Yes,Yes,Yes,Yes,No internet service,No,Two year,Yes,Credit card (automatic),92.3,2406.11,Yes
CUST-01336,Female,0,No,No,43,Yes,Yes,Fiber optic,No,Yes,Yes,No internet service,No internet service,Yes,Two year,Yes,Mailed check,49.69,2114.44,No
CUST-01337,Male,0,No,No,24,Yes,No,Fiber optic,No,Yes,No,No,Yes,Yes,Month-to-month,Yes,Electronic check,69.89,1520.79,Yes
CUST-01338,Male,1,No,No,23,Yes,Yes,DSL,No internet service,Yes,No,No,Yes,No internet service,Month-to-month,No,Electronic check,68.56,1529.95,Yes
CUST-01339,Female,0,No,No,68,Yes,No,DSL,No internet service,Yes,No,No,Yes,Yes,Two year,No,Mailed check,39.49,2943.82,No
CUST-01340,Male,0,No,No,23,Yes,Yes,DSL,No,No,No,No internet service,Yes,Yes,Month-to-month,Yes,Mailed check,60.31,1454.0,Yes
CUST-01341,Male,0,No,Yes,29,Yes,Yes,Fiber optic,No,Yes,No internet service,Yes,Yes,No,Month-to-month,Yes,Mailed check,42.68,1243.85,No
CUST-01342,Female,0,No,No,45,Yes,Yes,DSL,No,No,No,No,No,No,Two year,No,Credit card (automatic),68.19,3290.9,No
CUST-01343,Female,0,Yes,No,13,No,Yes,Fiber optic,No,No,No,No,No internet service,Yes,Month-to-month,Yes,Credit card (automatic),76.73,902.34,No
CUST-01344,Male,1,No,Yes,12,Yes,Yes,DSL,No,No,Yes,No,No,Yes,One year,No,Mailed check,92.57,1212.51,Yes
CUST-01345,Male,0,No,No,17,Yes,No,Fiber optic,No internet service,Yes,No,No,No,No,Month-to-month,No,Mailed check,32.39,572.62,No
CUST-01346,Female,0,Yes,No,18,Yes,Yes,DSL,No,No,No internet service,Yes,No internet service,No internet service,One year,Yes,Electronic check,54.29,882.1,No
CUST-01347,Male,1,No,No,1,Yes,Yes,DSL,Yes,No,No internet service,No,No,Yes,Month-to-month,Yes,Electronic check,54.54,56.78,No
CUST-01348,Male,0,Yes,No,5,Yes,No phone service,DSL,No internet service,Yes,Yes,Yes,Yes,No,Two year,No,Electronic check,60.69,278.15,Yes
CUST-01349,Female,0,Yes,No,42,Yes,No,Fiber optic,No,No internet service,Yes,No internet service,No,Yes,Two year,No,Electronic check,54.9,2370.18,No
CUST-01350,Female,0,No,No,51,Yes,No,DSL,Yes,No,No internet service,Yes,Yes,No internet service,Month-to-month,Yes,Bank transfer (automatic),41.77,2045.44,No
CUST-01351,Male,0,Yes,Yes,64,Yes,No,Fiber optic,Yes,No,No,No,Yes,Yes,Two year,Yes,Mailed check,76.54,4616.49,No
CUST-01352,Female,0,Yes,No,4,Yes,Yes,Fiber optic,No,No,No,No internet service,No,Yes,One year,No,Mailed check,83.43,342.27,Yes
CUST-01353,Male,0,No,No,20,Yes,No,DSL,No,Yes,No internet service,Yes,No,Yes,Month-to-month,Yes,Mailed check,71.65,1414.1,Yes
CUST-01354,Male,1,Yes,No,23,Yes,No phone service,DSL,Yes,No,Yes,No,No,Yes,Month-to-month,Yes,Mailed check,79.06,1660.01,Yes
CUST-01355,Female,1,Yes,No,14,Yes,No,No,No,Yes,Yes,Yes,No,No internet service,One year,No,Bank transfer (automatic),64.15,956.0,No
CUST-01356,Male,0,Yes,No,15,Yes,Yes,DSL,Yes,No,No internet service,Yes,No,No,Month-to-month,Yes,Electronic check,32.88,470.13,No
CUST-01357,Female,0,Yes,No,26,Yes,No,Fiber optic,No,No internet service,No,No internet service,No,Yes,Two year,No,Credit card (automatic),35.62,948.02,No
CUST-01358,Female,0,No,Yes,39,Yes,Yes,Fiber optic,No,No,No,Yes,Yes,No internet service,One year,No,Electronic check,78.27,3119.3,No
CUST-01359,Male,0,No,No,15,Yes,Yes,Fiber optic,No internet service,Yes,No internet service,Yes,Yes,No,Month-to-month,No,Mailed check,24.55,335.56,No
CUST-01360,Female,0,No,No,64,Yes,Yes,Fiber optic,No,No,No,No internet service,No,No,Two year,No,Credit card (automatic),27.03,1901.98,No
CUST-01361,Female,0,No,No,20,Yes,Yes,DSL,Yes,Yes,Yes,No,No,Yes,Month-to-month,Yes,Mailed check,78.71,1557.72,No
CUST-01362,Female,0,No,No,28,Yes,Yes,Fiber optic,No,No internet service,Yes,Yes,No,Yes,Month-to-month,Yes,Credit card (automatic),77.49,2041.86,Yes
CUST-01363,Female,1,Yes,Yes,43,Yes,No phone service,No,Yes,No,No internet service,Yes,No,No internet service,Month-to-month,Yes,Credit card (automatic),64.78,2750.3,No
CUST-01364,Female,0,Yes,Yes,31,Yes,Yes,Fiber optic,No,No internet service,No internet service,Yes,No,No internet service,Month-to-month,No,Mailed check,29.61,936.83,No
CUST-01365,Male,0,No,No,27,Yes,Yes,DSL,Yes,No,Yes,No,Yes,Yes,Month-to-month,No,Mailed check,85.49,2078.81,Yes
CUST-01366,Male,1,No,Yes,5,Yes,Yes,No,Yes,Yes,Yes,No,Yes,Yes,Month-to-month,Yes,Electronic check,58.45,280.57,Yes
CUST-01367,Male,1,No,Yes,12,Yes,Yes,Fiber optic,No,No,Yes,No,No internet service,No,Month-to-month,Yes,Electronic check,64.39,778.29,Yes
CUST-01368,Female,0,Yes,No,7,Yes,No,Fiber optic,No internet service,Yes,Yes,No,Yes,No internet service,One year,Yes,Credit card (automatic),88.19,641.34,Yes
CUST-01369,Female,0,Yes,No,52,Yes,No,Fiber optic,Yes,No internet service,Yes,No internet service,Yes,Yes,One year,Yes,Bank transfer (automatic),20.66,1034.21,No
CUST-01370,Male,1,No,No,1,Yes,Yes,Fiber optic,No,No internet service,No internet service,No internet service,Yes,No,Month-to-month,Yes,Bank transfer (automatic),66.05,64.78,Yes
CUST-01371,Female,0,Yes,No,16,Yes,No phone service,Fiber optic,No,No,Yes,No,No,Yes,Two year,Yes,Electronic check,37.63,568.51,No
CUST-01372,Female,0,No,No,26,Yes,No,Fiber optic,No internet service,Yes,Yes,Yes,No internet service,No internet service,Two year,Yes,Credit card (automatic),87.8,2188.31,Yes
CUST-01373,Male,0,No,No,28,Yes,Yes,No,No,Yes,No internet service,No,Yes,No,Month-to-month,Yes,Bank transfer (automatic),37.01,1075.11,No
CUST-01374,Male,0,Yes,No,11,Yes,Yes,No,No,No,Yes,No,No,No,Two year,Yes,Electronic check,29.09,309.58,No
CUST-01375,Female,1,Yes,No,13,Yes,No,No,No,Yes,Yes,Yes,No internet service,No,Two year,Yes,Credit card (automatic),77.63,964.71,No
CUST-01376,Female,1,No,No,51,Yes,No,No,No,No,No,No,No,No,Month-to-month,Yes,Electronic check,77.89,3812.35,No
CUST-01377,Female,0,No,Yes,16,Yes,Yes,DSL,Yes,No internet service,Yes,No internet service,Yes,Yes,Two year,No,Bank transfer (automatic),61.1,999.62,No
CUST-01378,Female,0,Yes,No,15,Yes,Yes,Fiber optic,Yes,No,No,No,No internet service,No internet service,Month-to-month,Yes,Electronic check,84.12,1277.15,Yes
CUST-01379,Female,1,Yes,Yes,53,Yes,Yes,Fiber optic,No,Yes,No,Yes,Yes,No,Month-to-month,Yes,Mailed check,29.71,1545.31,No
CUST-01380,Male,0,Yes,No,61,Yes,No phone service,Fiber optic,No,No,No,Yes,No internet service,No,Month-to-month,No,Electronic check,47.62,2981.69,No
CUST-01381,Female,0,Yes,No,35,Yes,No phone service,Fiber optic,No,Yes,Yes,No,Yes,No internet service,One year,Yes,Electronic check,32.25,1160.99,No
CUST-01382,Female,0,No,Yes,65,Yes,Yes,No,No,Yes,No internet service,No,No internet service,No,One year,Yes,Electronic check,48.73,2859.01,No
CUST-01383,Female,0,No,Yes,22,Yes,Yes,Fiber optic,Yes,No,No,Yes,No internet service,No internet service,Month-to-month,No,Mailed check,67.47,1436.56,No
CUST-01384,Female,0,No,Yes,62,Yes,No,Fiber optic,No,No,No internet service,No,No,Yes,Month-to-month,No,Electronic check,70.7,4159.22,No
CUST-01385,Male,0,No,No,18,No,No,No,No,No,No internet service,No internet service,No,Yes,One year,Yes,Credit card (automatic),20.25,388.49,No
CUST-01386,Female,1,No,No,5,No,Yes,No,Yes,No internet service,Yes,No internet service,No internet service,Yes,Month-to-month,Yes,Mailed check,43.37,207.11,No
CUST-01387,Female,1,Yes,Yes,52,Yes,No,DSL,No internet service,Yes,No internet service,No,No,No internet service,Month-to-month,No,Electronic check,79.64,3989.95,No
CUST-01388,Female,0,Yes,Yes,54,Yes,Yes,Fiber optic,No internet service,No,Yes,Yes,No internet service,No,Month-to-month,No,Electronic check,55.36,3012.03,No
CUST-01389,Female,0,No,No,66,Yes,No,No,No internet service,Yes,Yes,No internet service,No,No internet service,Month-to-month,Yes,Bank transfer (automatic),37.77,2516.45,No
CUST-01390,Male,0,Yes,Yes,22,Yes,Yes,Fiber optic,No,Yes,Yes,No internet service,Yes,Yes,Month-to-month,No,Mailed check,99.64,2328.42,Yes
CUST-01391,Female,0,Yes,No,8,Yes,No,DSL,No internet service,No internet service,No internet service,Yes,Yes,No,Two year,No,Mailed check,39.35,307.74,No
CUST-01392,Male,0,Yes,No,45,Yes,No,DSL,Yes,Yes,No,No,No,Yes,One year,Yes,Bank transfer (automatic),46.86,2016.41,No
CUST-01393,Female,0,No,Yes,51,Yes,No,Fiber optic,No internet service,Yes,Yes,No,No,No internet service,One year,Yes,Bank transfer (automatic),46.67,2431.7,No
CUST-01394,Female,0,No,Yes,10,Yes,No phone service,Fiber optic,No internet service,No,No internet service,No,No internet service,No internet service,Month-to-month,No,Credit card (automatic),73.06,763.96,Yes
CUST-01395,Male,0,No,No,2,Yes,Yes,No,Yes,No,No internet service,No,No,No internet service,One year,Yes,Mailed check,47.87,105.17,No
CUST-01396,Male,1,No,Yes,4,Yes,No phone service,DSL,No,No,No internet service,No,Yes,Yes,One year,No,Electronic check,50.97,208.7,No
CUST-01397,Male,0,No,Yes,48,No,No,No,Yes,No,No internet service,Yes,No,No,Month-to-month,No,Electronic check,21.68,1038.71,No
CUST-01398,Female,0,No,Yes,61,Yes,Yes,No,No,No,Yes,No,No,No internet service,One year,Yes,Electronic check,23.27,1315.3,No
CUST-01399,Female,0,Yes,No,13,Yes,No,Fiber optic,No internet service,No,No,Yes,No,No,Two year,No,Credit card (automatic),42.27,603.02,No
CUST-01400,Male,0,Yes,No,7,Yes,Yes,Fiber optic,Yes,No,Yes,No,Yes,Yes,Month-to-month,No,Credit card (automatic),86.81,630.15,Yes
CUST-01401,Male,0,Yes,No,29,Yes,No,DSL,No,No,No,No internet service,Yes,No internet service,Month-to-month,No,Mailed check,67.45,1825.0,No
CUST-01402,Male,0,No,No,23,Yes,Yes,DSL,Yes,No,No internet service,Yes,Yes,No,Month-to-month,Yes,Electronic check,26.61,607.09,No
CUST-01403,Male,1,Yes,No,15,Yes,Yes,DSL,No,Yes,No internet service,No,No,Yes,Month-to-month,No,Mailed check,80.49,1221.91,Yes
CUST-01404,Female,0,No,Yes,66,Yes,No,DSL,Yes,No internet service,No,No,No,No,Two year,Yes,Credit card (automatic),56.28,3504.15,No
CUST-01405,Female,0,No,No,40,Yes,Yes,DSL,No internet service,No,No,No,No,Yes,Month-to-month,No,Mailed check,48.87,2045.69,No
CUST-01406,Male,0,Yes,No,68,Yes,Yes,Fiber optic,No,Yes,No internet service,Yes,No,Yes,Two year,No,Mailed check,61.85,4332.26,No
CUST-01407,Male,0,Yes,No,2,Yes,Yes,DSL,Yes,No,No,No,No,No,Month-to-month,No,Electronic check,61.03,115.56,Yes
CUST-01408,Female,0,Yes,Yes,20,Yes,Yes,No,No internet service,No,No,No,No internet service,No internet service,Two year,Yes,Electronic check,90.19,1980.48,Yes
CUST-01409,Female,0,No,No,3,Yes,No,No,No,No,No internet service,Yes,No,Yes,One year,No,Mailed check,67.23,219.79,Yes
CUST-01410,Male,0,No,Yes,34,Yes,No,DSL,No,No,No,No internet service,No internet service,No,Two year,No,Mailed check,50.74,1644.26,No
CUST-01411,Male,1,No,No,4,Yes,Yes,No,No,Yes,No,No internet service,Yes,No,Month-to-month,Yes,Mailed check,53.74,212.46,No
CUST-01412,Male,0,Yes,No,10,Yes,No,Fiber optic,No internet service,No internet service,No internet service,No,No,No internet service,Month-to-month,No,Electronic check,71.6,772.53,Yes
CUST-01413,Female,1,Yes,No,14,Yes,Yes,No,No internet service,No,No internet service,Yes,No internet service,No,Month-to-month,Yes,Electronic check,58.3,800.9,No
CUST-01414,Female,0,No,No,35,Yes,No phone service,Fiber optic,No,No,No,No internet service,No internet service,No,Month-to-month,Yes,Mailed check,22.66,865.24,No
CUST-01415,Male,0,No,No,28,Yes,No,DSL,No,Yes,No,Yes,Yes,No,Month-to-month,Yes,Mailed check,64.04,1685.68,Yes
CUST-01416,Female,0,Yes,No,8,Yes,No,Fiber optic,No,No internet service,No,No,No,No,One year,Yes,Credit card (automatic),59.79,499.75,No
CUST-01417,Female,0,No,No,43,Yes,No phone service,Fiber optic,No,No,Yes,No internet service,Yes,No,Month-to-month,Yes,Mailed check,39.83,1746.77,No
CUST-01418,Female,0,Yes,Yes,62,Yes,No,No,No,Yes,Yes,No,Yes,No internet service,Month-to-month,Yes,Electronic check,79.34,4767.75,No
CUST-01419,Female,0,Yes,No,12,Yes,No,Fiber optic,Yes,No,Yes,No,No,No,Month-to-month,No,Mailed check,73.72,923.17,Yes
CUST-01420,Female,0,No,No,40,Yes,Yes,Fiber optic,No,Yes,Yes,No,No internet service,Yes,Two year,No,Bank transfer (automatic),52.37,1895.46,No
CUST-01421,Male,0,Yes,Yes,11,Yes,Yes,Fiber optic,No internet service,No,No,No,No internet service,No,Month-to-month,Yes,Credit card (automatic),82.44,858.03,Yes
CUST-01422,Male,0,Yes,No,29,No,Yes,No,Yes,No,No,No internet service,No,No,Two year,No,Bank transfer (automatic),69.81,1927.84,No
CUST-01423,Female,1,No,No,13,Yes,No,Fiber optic,No,No,Yes,No internet service,Yes,Yes,One year,No,Bank transfer (automatic),28.28,339.51,No
CUST-01424,Female,0,No,Yes,6,Yes,Yes,Fiber optic,Yes,No,Yes,No internet service,No,No internet service,One year,Yes,Bank transfer (automatic),55.46,301.74,No
CUST-01425,Male,0,Yes,Yes,11,Yes,No phone service,DSL,No,No,No,No,Yes,No internet service,Month-to-month,No,Electronic check,66.77,712.87,Yes
CUST-01426,Female,0,Yes,No,25,Yes,No,No,No internet service,Yes,No,No internet service,No,No,One year,No,Electronic check,59.54,1404.63,Yes
CUST-01427,Male,0,No,No,22,Yes,No,No,Yes,No internet service,No internet service,Yes,Yes,No internet service,Month-to-month,Yes,Electronic check,88.12,1796.29,Yes
CUST-01428,Female,0,Yes,No,62,Yes,Yes,Fiber optic,No,Yes,Yes,No,Yes,Yes,One year,No,Credit card (automatic),49.52,2859.81,No
CUST-01429,Female,0,Yes,Yes,57,Yes,No phone service,No,No,Yes,Yes,No internet service,Yes,No,Month-to-month,No,Credit card (automatic),24.64,1496.13,No
CUST-01430,Male,0,Yes,Yes,50,No,No,Fiber optic,No internet service,Yes,No internet service,No internet service,Yes,Yes,Month-to-month,No,Credit card (automatic),48.76,2240.47,No
CUST-01431,Female,1,Yes,Yes,26,Yes,No,Fiber optic,Yes,Yes,No,No internet service,No,No,Month-to-month,Yes,Credit card (automatic),90.35,2454.74,Yes
CUST-01432,Female,0,No,Yes,6,Yes,No,No,No internet service,No,Yes,No,No,No,Month-to-month,No,Credit card (automatic),41.52,226.9,No
CUST-01433,Female,0,Yes,No,16,No,No,Fiber optic,No internet service,No internet service,No,No internet service,Yes,Yes,Month-to-month,Yes,Electronic check,21.63,314.28,No
CUST-01434,Female,0,Yes,No,12,Yes,No phone service,Fiber optic,No internet service,No,No internet service,No,No,Yes,Month-to-month,Yes,Bank transfer (automatic),38.19,452.99,No
CUST-01435,Female,0,No,No,38,Yes,No,No,No,No,No internet service,No,No,No internet service,Month-to-month,Yes,Mailed check,60.93,2260.63,No
CUST-01436,Male,0,Yes,No,28,Yes,No,No,Yes,No internet service,No,No,Yes,No internet service,Two year,No,Bank transfer (automatic),25.16,710.93,No
CUST-01437,Female,0,Yes,Yes,55,Yes,Yes,Fiber optic,No,No,Yes,No,No,Yes,Two year,Yes,Bank transfer (automatic),42.56,2435.67,No
CUST-01438,Male,0,Yes,No,8,Yes,Yes,DSL,Yes,No,Yes,Yes,No,No,Two year,Yes,Electronic check,27.99,215.4,No
CUST-01439,Male,1,Yes,Yes,52,Yes,Yes,No,Yes,No,Yes,No,No,Yes,One year,Yes,Mailed check,48.56,2370.79,No
CUST-01440,Female,0,No,Yes,67,No,No,DSL,No internet service,No,No internet service,No internet service,No internet service,Yes,Month-to-month,Yes,Bank transfer (automatic),28.49,2031.8,No
CUST-01441,Male,0,No,No,21,Yes,No,Fiber optic,No internet service,No,No internet service,No,No,Yes,One year,Yes,Credit card (automatic),59.89,1173.5,Yes
CUST-01442,Female,0,Yes,No,47,Yes,Yes,Fiber optic,Yes,No internet service,No internet service,No,No internet service,No,Month-to-month,No,Electronic check,61.87,3081.46,No
CUST-01443,Female,1,Yes,Yes,16,Yes,Yes,No,No,Yes,No,No,Yes,Yes,One year,No,Mailed check,62.42,1016.13,Yes
CUST-01444,Female,0,No,Yes,11,Yes,No,Fiber optic,Yes,No internet service,No,No,No internet service,No internet service,Month-to-month,No,Bank transfer (automatic),66.98,705.74,Yes
CUST-01445,Male,0,Yes,No,21,Yes,No,Fiber optic,No,No,Yes,No internet service,Yes,Yes,Two year,Yes,Mailed check,55.55,1123.21,No
CUST-01446,Male,0,Yes,No,56,Yes,Yes,Fiber optic,No internet service,No internet service,No,Yes,Yes,No,Month-to-month,Yes,Bank transfer (automatic),22.62,1233.94,No
CUST-01447,Female,0,No,No,3,Yes,Yes,Fiber optic,No internet service,Yes,No,No,Yes,Yes,One year,Yes,Electronic check,99.29,303.3,Yes
CUST-01448,Male,0,Yes,No,27,Yes,No,Fiber optic,No,No,Yes,Yes,Yes,No internet service,One year,Yes,Mailed check,45.89,1357.88,No
CUST-01449,Female,1,No,Yes,8,No,No,DSL,No internet service,Yes,No internet service,No,No,Yes,Two year,Yes,Electronic check,41.91,323.09,No
CUST-01450,Female,0,Yes,No,18,Yes,Yes,Fiber optic,Yes,Yes,No,No,No,No internet service,Month-to-month,No,Mailed check,52.68,1032.04,No
CUST-01451,Female,1,No,Yes,60,Yes,No phone service,DSL,No,No,Yes,Yes,No,Yes,Month-to-month,No,Mailed check,79.61,4494.92,No
CUST-01452,Male,0,Yes,No,41,Yes,Yes,No,Yes,Yes,Yes,Yes,No internet service,No internet service,Month-to-month,Yes,Electronic check,46.08,1743.03,No
CUST-01453,Male,0,Yes,No,31,Yes,No phone service,DSL,No,No,No internet service,No internet service,No,No,One year,Yes,Electronic check,54.56,1702.22,No
CUST-01454,Female,0,No,No,4,Yes,No,No,No,No,Yes,Yes,Yes,Yes,Month-to-month,No,Electronic check,98.55,431.77,Yes
CUST-01455,Female,0,No,Yes,56,Yes,Yes,DSL,Yes,No internet service,No,No internet service,No,Yes,One year,Yes,Credit card (automatic),48.99,2735.13,No
CUST-01456,Female,0,No,No,34,Yes,Yes,Fiber optic,Yes,No internet service,No,No,No,No,One year,No,Credit card (automatic),66.87,2409.96,No
CUST-01457,Male,0,No,Yes,39,Yes,Yes,Fiber optic,No,Yes,No,No internet service,Yes,No,Month-to-month,Yes,Electronic check,52.92,2052.55,No
CUST-01458,Male,0,No,No,60,Yes,Yes,Fiber optic,No,No internet service,No,No,No,No internet service,Month-to-month,No,Electronic check,58.23,3738.37,No
CUST-01459,Female,0,No,No,40,Yes,Yes,Fiber optic,Yes,Yes,No,No internet service,Yes,No,One year,Yes,Electronic check,75.95,3228.02,No
CUST-01460,Male,0,No,Yes,66,Yes,Yes,Fiber optic,No,No,Yes,Yes,No,No internet service,Two year,Yes,Mailed check,20.04,1371.89,No
CUST-01461,Female,0,No,Yes,40,Yes,No phone service,Fiber optic,Yes,No,Yes,Yes,Yes,Yes,Two year,Yes,Electronic check,74.06,3030.78,No
CUST-01462,Male,0,No,No,25,Yes,Yes,Fiber optic,Yes,No,No internet service,No,Yes,Yes,Two year,No,Mailed check,49.86,1251.02,No
CUST-01463,Female,0,Yes,Yes,24,Yes,Yes,Fiber optic,No,No internet service,No internet service,No internet service,No,No,Month-to-month,No,Bank transfer (automatic),90.73,2376.44,Yes
CUST-01464,Male,0,Yes,No,46,Yes,Yes,Fiber optic,Yes,No,No internet service,No internet service,No,Yes,Month-to-month,No,Mailed check,47.0,2186.81,No
CUST-01465,Male,0,Yes,No,54,Yes,No,Fiber optic,No,No,No,No,Yes,Yes,Two year,Yes,Mailed check,35.66,1862.92,No
CUST-01466,Female,0,Yes,No,29,Yes,Yes,Fiber optic,Yes,No,Yes,No internet service,Yes,Yes,Two year,No,Mailed check,88.26,2755.2,Yes
CUST-01467,Male,0,Yes,No,48,Yes,Yes,DSL,Yes,Yes,No internet service,No internet service,No internet service,No internet service,Month-to-month,No,Electronic check,76.71,3799.93,No
CUST-01468,Male,0,No,Yes,22,Yes,No,Fiber optic,No,Yes,No internet service,No,No,No,Month-to-month,No,Bank transfer (automatic),61.45,1367.63,Yes
CUST-01469,Male,0,Yes,No,24,Yes,Yes,Fiber optic,Yes,No,Yes,No,No internet service,Yes,Month-to-month,Yes,Mailed check,72.4,1800.91,Yes
CUST-01470,Male,1,No,No,19,Yes,No phone service,DSL,Yes,Yes,No,No,No,Yes,One year,Yes,Electronic check,37.45,690.04,No
CUST-01471,Female,0,No,No,21,Yes,Yes,DSL,No,Yes,No,No,Yes,No internet service,One year,Yes,Credit card (automatic),69.9,1444.66,Yes
CUST-01472,Male,0,No,Yes,41,No,Yes,DSL,Yes,Yes,No,No internet service,No,No,Two year,Yes,Electronic check,40.15,1545.93,No
CUST-01473,Female,0,No,Yes,55,Yes,Yes,No,No,No,No,Yes,Yes,Yes,Month-to-month,Yes,Electronic check,33.86,1994.53,No
CUST-01474,Male,0,No,No,13,Yes,Yes,Fiber optic,No,Yes,No internet service,No internet service,No,No,Month-to-month,No,Credit card (automatic),49.88,669.92,No
CUST-01475,Female,0,No,No,16,Yes,Yes,DSL,No,No,No internet service,No internet service,No,No internet service,Month-to-month,Yes,Mailed check,76.17,1297.76,No
CUST-01476,Male,0,Yes,Yes,27,Yes,Yes,No,Yes,No,Yes,Yes,No internet service,No,One year,No,Credit card (automatic),92.31,2401.34,Yes
CUST-01477,Male,0,No,No,30,Yes,No,Fiber optic,Yes,No,No,Yes,No,No,Two year,No,Bank transfer (automatic),49.71,1639.07,No
CUST-01478,Female,0,No,No,63,Yes,Yes,Fiber optic,No,No internet service,Yes,No,No internet service,No,Month-to-month,No,Mailed check,40.93,2504.95,No
CUST-01479,Male,0,Yes,No,58,Yes,Yes,No,No,No,Yes,Yes,Yes,No internet service,Month-to-month,No,Electronic check,56.7,3192.38,No
CUST-01480,Female,0,No,No,20,Yes,No,Fiber optic,Yes,Yes,No,No,Yes,No,Two year,Yes,Mailed check,67.62,1476.99,Yes
CUST-01481,Female,0,Yes,No,16,Yes,No,Fiber optic,Yes,No internet service,No internet service,No,Yes,No,Month-to-month,Yes,Electronic check,71.7,1182.78,Yes
CUST-01482,Female,0,No,No,56,Yes,Yes,Fiber optic,No,Yes,No,No,No internet service,No,Month-to-month,Yes,Electronic check,52.14,3172.96,No
CUST-01483,Female,0,No,No,10,Yes,Yes,DSL,Yes,No,No,Yes,Yes,No internet service,Month-to-month,No,Electronic check,21.61,221.42,No
CUST-01484,Male,0,No,No,7,Yes,No,Fiber optic,No,No,No,No internet service,No internet service,No,Month-to-month,No,Bank transfer (automatic),24.56,163.2,No
CUST-01485,Female,0,Yes,No,20,No,Yes,Fiber optic,No internet service,No,No,No internet service,No,No,Month-to-month,No,Electronic check,78.51,1535.89,Yes
CUST-01486,Male,1,Yes,No,53,Yes,No,DSL,No,No,No,Yes,Yes,No internet service,Month-to-month,Yes,Electronic check,64.77,3679.23,No
CUST-01487,Male,0,No,Yes,11,Yes,Yes,Fiber optic,Yes,No,No,Yes,No,Yes,Month-to-month,Yes,Mailed check,76.89,844.01,No
CUST-01488,Female,0,No,No,21,Yes,No,Fiber optic,Yes,No,Yes,No,No,No internet service,Two year,Yes,Mailed check,40.37,883.2,No
CUST-01489,Male,0,No,No,31,Yes,Yes,DSL,No,No,No,No internet service,No,Yes,Two year,Yes,Mailed check,52.1,1507.38,No
CUST-01490,Male,0,Yes,Yes,10,No,No,No,No internet service,Yes,Yes,No internet service,No internet service,No internet service,Month-to-month,Yes,Bank transfer (automatic),39.32,385.32,No
CUST-01491,Female,0,No,No,24,No,No,DSL,Yes,No,Yes,No internet service,Yes,No,Month-to-month,Yes,Bank transfer (automatic),74.54,1910.42,No
CUST-01492,Male,0,Yes,No,49,Yes,No,No,Yes,Yes,No,No,Yes,No,Two year,No,Electronic check,37.26,1986.77,No
CUST-01493,Female,0,No,No,23,Yes,Yes,Fiber optic,No,No internet service,No internet service,Yes,Yes,Yes,Month-to-month,Yes,Bank transfer (automatic),83.92,1862.33,Yes
CUST-01494,Female,0,No,No,22,No,No,DSL,No,No,No,Yes,No,No,Month-to-month,Yes,Mailed check,60.62,1246.31,Yes
CUST-01495,Female,0,Yes,Yes,54,Yes,Yes,Fiber optic,No internet service,No,No internet service,Yes,Yes,No,Month-to-month,Yes,Credit card (automatic),26.32,1285.81,No
CUST-01496,Male,0,No,No,18,Yes,No,Fiber optic,No,Yes,Yes,No,No,No internet service,Two year,Yes,Electronic check,76.01,1266.22,Yes
CUST-01497,Female,1,No,Yes,34,Yes,Yes,DSL,Yes,Yes,No,No,Yes,No,Month-to-month,No,Credit card (automatic),51.77,1878.35,No
CUST-01498,Male,0,No,Yes,10,Yes,No,Fiber optic,No,No,Yes,No internet service,No,No,One year,Yes,Electronic check,92.08,912.64,Yes
CUST-01499,Female,0,Yes,No,69,Yes,No,Fiber optic,Yes,No internet service,No,No,No internet service,No internet service,Month-to-month,Yes,Electronic check,79.96,5287.31,No
CUST-01500,Male,1,Yes,No,5,Yes,Yes,DSL,No internet service,No,No,No internet service,No internet service,No,Month-to-month,No,Mailed check,57.36,302.61,No
CUST-01501,Female,0,No,No,37,Yes,Yes,Fiber optic,No,No,Yes,No internet service,No internet service,No internet service,One year,Yes,Credit card (automatic),52.02,2037.7,No
CUST-01502,Male,0,Yes,No,4,Yes,No,DSL,No internet service,Yes,Yes,No,No,Yes,Month-to-month,Yes,Credit card (automatic),67.21,261.43,No
CUST-01503,Female,0,No,No,25,Yes,Yes,Fiber optic,Yes,Yes,Yes,Yes,Yes,Yes,Month-to-month,Yes,Mailed check,74.03,1999.32,Yes
CUST-01504,Female,1,Yes,No,43,Yes,No,Fiber optic,No,No internet service,Yes,Yes,No,No,Two year,Yes,Mailed check,68.56,2926.33,No
CUST-01505,Male,0,Yes,No,2,Yes,No,Fiber optic,No,No,No,No internet service,Yes,No internet service,One year,No,Electronic check,63.98,121.85,Yes
CUST-01506,Male,0,No,Yes,45,Yes,Yes,No,Yes,No internet service,No,Yes,No,No,Month-to-month,No,Mailed check,51.77,2515.91,No
CUST-01507,Male,0,No,No,22,Yes,No,Fiber optic,No,Yes,No internet service,No,Yes,No,Month-to-month,No,Credit card (automatic),55.51,1136.46,Yes
CUST-01508,Female,0,No,No,24,Yes,No,No,No,No,Yes,No,No internet service,Yes,Month-to-month,No,Electronic check,98.61,2601.38,Yes
CUST-01509,Female,0,No,No,70,Yes,No phone service,Fiber optic,No,No,No internet service,No,Yes,No,Month-to-month,No,Mailed check,42.18,3019.48,No
CUST-01510,Male,0,No,No,27,Yes,No,No,Yes,No internet service,No internet service,No internet service,No,No,One year,Yes,Bank transfer (automatic),76.47,2236.2,No
CUST-01511,Female,0,Yes,No,2,Yes,Yes,Fiber optic,Yes,Yes,No,Yes,Yes,No internet service,One year,Yes,Bank transfer (automatic),58.31,109.13,No
CUST-01512,Female,0,Yes,Yes,19,Yes,Yes,Fiber optic,Yes,Yes,No,No,No internet service,No,One year,Yes,Electronic check,76.9,1428.7,Yes
CUST-01513,Female,0,No,Yes,27,No,Yes,No,Yes,No,Yes,Yes,No internet service,Yes,One year,Yes,Mailed check,49.31,1430.76,No
CUST-01514,Female,0,No,No,47,Yes,Yes,No,No,No,No,Yes,No,Yes,Month-to-month,No,Electronic check,66.8,3351.27,No
CUST-01515,Male,0,Yes,No,12,No,No phone service,No,Yes,Yes,Yes,No,Yes,No internet service,One year,No,Credit card (automatic),39.42,508.22,No
CUST-01516,Female,0,Yes,No,59,Yes,No,Fiber optic,Yes,No internet service,Yes,No,No,Yes,Month-to-month,No,Credit card (automatic),25.67,1448.03,No
CUST-01517,Female,0,Yes,No,16,Yes,No,Fiber optic,Yes,No internet service,Yes,Yes,No internet service,No,Month-to-month,Yes,Bank transfer (automatic),58.67,960.8,Yes
CUST-01518,Female,0,No,No,18,Yes,No,DSL,No internet service,Yes,No,No,No internet service,No,Month-to-month,No,Credit card (automatic),99.72,1755.33,Yes
CUST-01519,Male,0,No,No,58,No,No,DSL,No,No internet service,Yes,No internet service,No,Yes,Two year,Yes,Mailed check,39.54,2211.12,No
CUST-01520,Female,0,No,Yes,39,Yes,No,Fiber optic,No,No internet service,No internet service,Yes,Yes,No internet service,Two year,No,Credit card (automatic),47.28,1851.34,No
CUST-01521,Male,0,No,No,1,Yes,No,DSL,No internet service,Yes,No,No,No internet service,Yes,One year,Yes,Electronic check,34.56,36.05,No
CUST-01522,Female,0,Yes,Yes,42,Yes,No,DSL,No,No internet service,No,No,No,No,One year,Yes,Credit card (automatic),75.3,3174.31,No
CUST-01523,Female,1,Yes,No,6,Yes,Yes,DSL,Yes,No,No,No internet service,Yes,Yes,Two year,Yes,Mailed check,90.36,512.94,Yes
CUST-01524,Female,1,Yes,Yes,23,Yes,Yes,Fiber optic,No,No internet service,Yes,No,No internet service,Yes,Month-to-month,Yes,Electronic check,79.47,1940.22,No
CUST-01525,Female,1,Yes,Yes,13,Yes,No phone service,No,No internet service,No,No,No,No internet service,No,Month-to-month,No,Electronic check,77.87,1109.04,No
CUST-01526,Male,0,No,No,10,Yes,Yes,Fiber optic,No,Yes,No,Yes,Yes,No,Two year,No,Mailed check,82.65,803.83,Yes
CUST-01527,Male,0,Yes,No,61,Yes,No phone service,No,No internet service,No,No,Yes,Yes,Yes,Two year,No,Electronic check,42.84,2795.78,No
CUST-01528,Female,0,Yes,No,1,Yes,No phone service,No,No,No,No,No internet service,Yes,No,Two year,No,Electronic check,61.9,66.4,No
CUST-01529,Female,0,No,No,42,Yes,Yes,DSL,No,No,Yes,Yes,No,Yes,Two year,No,Credit card (automatic),20.95,837.76,No
CUST-01530,Female,0,Yes,Yes,9,Yes,No,No,No,No,No,No,Yes,No internet service,Month-to-month,Yes,Electronic check,75.56,707.96,Yes
CUST-01531,Female,0,No,No,26,Yes,No,DSL,No,No,No,No,No internet service,Yes,Month-to-month,Yes,Electronic check,20.65,583.98,No
CUST-01532,Female,0,No,Yes,15,Yes,No,DSL,No,No,Yes,No,Yes,No,Month-to-month,No,Mailed check,51.89,815.69,No
CUST-01533,Male,0,Yes,No,51,Yes,Yes,Fiber optic,No internet service,Yes,Yes,Yes,No internet service,Yes,Month-to-month,Yes,Mailed check,60.12,2777.92,No
CUST-01534,Male,1,Yes,No,45,Yes,Yes,Fiber optic,No internet service,No internet service,No,No,No,No,Month-to-month,Yes,Electronic check,74.85,3438.66,No
CUST-01535,Male,0,No,No,2,Yes,Yes,Fiber optic,No,No internet service,Yes,No,No internet service,No internet service,Month-to-month,Yes,Electronic check,58.65,123.83,No
CUST-01536,Male,0,No,No,41,Yes,No phone service,DSL,No,No internet service,No,No internet service,Yes,Yes,One year,Yes,Electronic check,55.82,2342.69,No
CUST-01537,Female,0,Yes,No,1,Yes,No,Fiber optic,No,Yes,Yes,No internet service,Yes,Yes,One year,Yes,Mailed check,38.02,34.44,No
CUST-01538,Female,0,Yes,Yes,29,No,No,No,Yes,No,Yes,No,No internet service,No,Two year,Yes,Electronic check,55.46,1486.16,No
CUST-01539,Female,1,Yes,No,22,Yes,Yes,No,No,No,No internet service,No,Yes,Yes,Month-to-month,No,Credit card (automatic),64.98,1515.8,No
CUST-01540,Female,0,Yes,No,60,Yes,Yes,DSL,No,No internet service,No internet service,Yes,Yes,Yes,Month-to-month,No,Electronic check,50.94,3049.1,No
CUST-01541,Female,0,Yes,Yes,20,Yes,No,No,Yes,Yes,Yes,No,Yes,No internet service,Two year,No,Credit card (automatic),60.88,1329.13,Yes
CUST-01542,Female,0,Yes,No,22,No,No,Fiber optic,No,No internet service,Yes,No,No,No,Month-to-month,No,Credit card (automatic),88.26,1908.7,Yes
CUST-01543,Male,0,Yes,No,53,Yes,No,No,No,No internet service,No,No internet service,No internet service,No,Month-to-month,Yes,Electronic check,40.12,2263.17,No
CUST-01544,Female,0,No,No,2,Yes,Yes,DSL,No,No internet service,Yes,Yes,No,No,Month-to-month,Yes,Electronic check,77.59,140.76,No
CUST-01545,Female,1,Yes,Yes,5,Yes,Yes,No,No,Yes,No,Yes,Yes,No internet service,Month-to-month,No,Bank transfer (automatic),39.41,210.49,No
CUST-01546,Female,0,No,No,56,Yes,No phone service,Fiber optic,No,No internet service,No internet service,No,No,No,One year,Yes,Bank transfer (automatic),57.31,3439.83,No
CUST-01547,Female,1,Yes,No,31,Yes,No,Fiber optic,No internet service,No,No,Yes,No internet service,No,Month-to-month,No,Electronic check,51.19,1543.12,No
CUST-01548,Female,0,Yes,No,12,No,No,No,No,Yes,Yes,No,Yes,No internet service,One year,Yes,Credit card (automatic),89.24,1030.07,Yes
CUST-01549,Male,0,Yes,No,50,Yes,No,Fiber optic,No,No,No,Yes,Yes,No internet service,Month-to-month,Yes,Credit card (automatic),29.77,1610.53,No
CUST-01550,Male,0,No,No,25,Yes,No,Fiber optic,No,No internet service,Yes,No internet service,Yes,No internet service,One year,No,Electronic check,37.96,1001.71,No
CUST-01551,Female,0,Yes,No,49,Yes,Yes,Fiber optic,No internet service,No,No,No internet service,No,No,Month-to-month,No,Credit card (automatic),71.74,3584.12,No
CUST-01552,Male,0,No,No,24,Yes,Yes,Fiber optic,No,No,Yes,No,No internet service,Yes,Month-to-month,No,Mailed check,66.96,1586.58,Yes
CUST-01553,Male,0,No,Yes,10,Yes,No,DSL,Yes,No internet service,No internet service,Yes,No internet service,No,One year,Yes,Bank transfer (automatic),62.61,677.7,Yes
CUST-01554,Female,0,No,No,49,Yes,Yes,Fiber optic,No,No internet service,No,No,No internet service,No,Month-to-month,No,Bank transfer (automatic),43.69,2246.66,No
CUST-01555,Female,0,Yes,Yes,19,Yes,No,Fiber optic,No,No internet service,No,Yes,Yes,No,Two year,Yes,Credit card (automatic),70.0,1307.88,Yes
CUST-01556,Female,0,No,No,23,Yes,Yes,DSL,No internet service,No internet service,No,Yes,No internet service,No,Month-to-month,Yes,Credit card (automatic),76.1,1749.15,No
CUST-01557,Male,0,No,Yes,56,Yes,No,DSL,No,No,Yes,No,No,No,Two year,No,Mailed check,60.26,3103.54,No
CUST-01558,Female,0,No,No,70,Yes,No,DSL,No,No,No,Yes,No internet service,Yes,Month-to-month,Yes,Electronic check,75.75,5632.05,No
CUST-01559,Male,0,No,Yes,5,Yes,Yes,Fiber optic,No,No,No internet service,Yes,No internet service,Yes,Two year,Yes,Mailed check,78.33,418.42,No
CUST-01560,Male,0,No,No,27,Yes,Yes,DSL,No internet service,No,No,No,Yes,Yes,Month-to-month,Yes,Credit card (automatic),60.45,1585.03,Yes
CUST-01561,Male,1,No,No,41,Yes,No phone service,DSL,No,No internet service,No,No internet service,Yes,No internet service,Month-to-month,No,Mailed check,56.59,2231.86,No
CUST-01562,Female,0,No,No,44,Yes,Yes,Fiber optic,Yes,No internet service,No,No,No,Yes,Two year,Yes,Credit card (automatic),59.38,2483.25,No
CUST-01563,Male,0,Yes,Yes,56,No,No,No,No,Yes,No,No,No internet service,No,Two year,No,Credit card (automatic),70.35,3682.31,No
CUST-01564,Female,0,No,No,5,Yes,Yes,DSL,Yes,No internet service,No internet service,Yes,Yes,Yes,Two year,Yes,Bank transfer (automatic),59.54,324.36,No
CUST-01565,Male,0,No,No,53,Yes,No,DSL,No internet service,No,No,Yes,No,No,One year,No,Mailed check,26.88,1498.45,No
CUST-01566,Female,0,Yes,No,20,Yes,Yes,Fiber optic,No,No,No,No internet service,Yes,Yes,Month-to-month,Yes,Mailed check,76.55,1510.61,No
CUST-01567,Male,0,No,No,11,Yes,No,Fiber optic,Yes,No,No internet service,Yes,No,No,Month-to-month,Yes,Bank transfer (automatic),59.66,605.09,No
CUST-01568,Male,0,Yes,No,32,Yes,No,No,No,No,No,No,No,No,One year,No,Electronic check,72.2,2143.79,No
CUST-01569,Female,0,No,Yes,2,Yes,No phone service,No,No,No,No,No internet service,Yes,No,Two year,Yes,Credit card (automatic),45.48,94.78,No
CUST-01570,Female,0,No,Yes,45,Yes,Yes,Fiber optic,No,No,No internet service,No,No internet service,Yes,Month-to-month,No,Mailed check,48.48,2052.05,No
CUST-01571,Male,0,No,No,41,Yes,No,DSL,Yes,No internet service,No,No internet service,Yes,No internet service,Two year,Yes,Electronic check,61.33,2438.02,No
CUST-01572,Female,0,Yes,No,37,Yes,Yes,DSL,No,Yes,Yes,No,Yes,Yes,Two year,Yes,Mailed check,66.58,2688.62,No
CUST-01573,Male,0,Yes,No,3,Yes,Yes,No,Yes,Yes,No,No,No,Yes,Month-to-month,Yes,Electronic check,24.71,75.33,No
CUST-01574,Female,0,Yes,No,55,Yes,No phone service,Fiber optic,No internet service,No,Yes,No,Yes,No,Month-to-month,Yes,Bank transfer (automatic),44.44,2594.93,No
CUST-01575,Male,0,Yes,No,3,Yes,No,DSL,No internet service,No,No internet service,Yes,Yes,No internet service,Month-to-month,Yes,Bank transfer (automatic),66.19,182.84,No
CUST-01576,Male,0,No,No,19,Yes,No,Fiber optic,No,No,No internet service,Yes,Yes,No,Month-to-month,Yes,Credit card (automatic),79.53,1459.81,No
CUST-01577,Female,0,No,No,29,Yes,Yes,Fiber optic,No,No,No,Yes,No,No internet service,One year,No,Credit card (automatic),20.7,647.8,No
CUST-01578,Male,0,No,No,50,Yes,Yes,DSL,Yes,No,No,No,Yes,Yes,Two year,No,Bank transfer (automatic),35.89,1905.93,No
CUST-01579,Male,0,No,Yes,26,Yes,No,DSL,Yes,Yes,No,No,No,Yes,Month-to-month,No,Credit card (automatic),79.18,2150.68,Yes
CUST-01580,Female,0,No,Yes,58,Yes,No,Fiber optic,No,No,No,No,Yes,No,Month-to-month,Yes,Electronic check,33.38,1969.88,No
CUST-01581,Female,0,No,Yes,67,Yes,No,Fiber optic,No internet service,No,Yes,No,No internet service,No,Two year,Yes,Credit card (automatic),21.62,1381.6,No
CUST-01582,Female,0,Yes,No,55,Yes,No,Fiber optic,No,No,Yes,Yes,No,No,Month-to-month,Yes,Credit card (automatic),52.37,2929.59,No
CUST-01583,Male,0,Yes,No,3,Yes,No,No,No internet service,Yes,No internet service,No,Yes,No,Month-to-month,Yes,Bank transfer (automatic),58.96,160.99,No
CUST-01584,Male,1,Yes,No,21,No,Yes,DSL,No internet service,No internet service,No internet service,Yes,No,No internet service,Month-to-month,No,Credit card (automatic),87.5,1728.09,Yes
CUST-01585,Male,0,Yes,No,15,Yes,Yes,Fiber optic,No,No,No,Yes,Yes,Yes,One year,No,Credit card (automatic),42.19,635.16,No
CUST-01586,Male,0,Yes,No,64,Yes,Yes,Fiber optic,Yes,No internet service,Yes,No,Yes,Yes,Month-to-month,No,Mailed check,79.14,4560.47,No
CUST-01587,Female,0,No,Yes,70,Yes,No phone service,Fiber optic,No internet service,No internet service,No internet service,No,Yes,No,One year,No,Mailed check,48.65,3223.12,No
CUST-01588,Male,0,No,Yes,6,Yes,Yes,No,Yes,Yes,No internet service,Yes,No,No,Month-to-month,No,Credit card (automatic),67.88,378.95,No
CUST-01589,Female,0,Yes,Yes,8,No,No,DSL,No internet service,No,No,Yes,Yes,Yes,Month-to-month,Yes,Credit card (automatic),37.23,288.64,No
CUST-01590,Male,0,Yes,No,50,Yes,No,No,Yes,Yes,No,No,No,No,Month-to-month,Yes,Mailed check,69.81,3740.67,No
CUST-01591,Female,0,No,No,26,Yes,Yes,DSL,No,Yes,Yes,No,No,Yes,Month-to-month,No,Electronic check,55.18,1563.06,Yes
CUST-01592,Male,0,No,No,69,Yes,No phone service,DSL,Yes,No,No,Yes,No internet service,No internet service,Month-to-month,Yes,Electronic check,36.06,2321.46,No
CUST-01593,Male,0,Yes,No,1,Yes,No phone service,No,Yes,No,No internet service,No,Yes,Yes,One year,Yes,Electronic check,59.98,56.75,Yes
CUST-01594,Male,1,Yes,No,28,Yes,Yes,DSL,No,No internet service,No,Yes,No internet service,Yes,Two year,Yes,Electronic check,64.86,1942.07,Yes
CUST-01595,Male,0,Yes,Yes,8,Yes,No,No,No,No,No internet service,Yes,No,No,Month-to-month,Yes,Bank transfer (automatic),63.56,475.19,Yes
CUST-01596,Male,0,Yes,No,16,Yes,No,Fiber optic,No,No,Yes,No,Yes,Yes,Month-to-month,Yes,Mailed check,66.43,1114.18,No
CUST-01597,Male,0,No,No,40,Yes,Yes,Fiber optic,No,No internet service,Yes,No internet service,Yes,No,Month-to-month,Yes,Credit card (automatic),38.41,1409.03,No
CUST-01598,Female,0,No,No,71,Yes,Yes,DSL,No,Yes,No internet service,No,No,Yes,Month-to-month,No,Electronic check,49.06,3586.58,No
CUST-01599,Male,0,Yes,No,2,Yes,No,Fiber optic,No,No,No internet service,Yes,No,Yes,Month-to-month,No,Electronic check,79.41,151.38,No
CUST-01600,Male,0,No,No,25,Yes,No,No,No internet service,No,Yes,No,Yes,Yes,Two year,No,Bank transfer (automatic),57.75,1515.81,Yes
CUST-01601,Female,0,No,No,11,Yes,No,DSL,No internet service,No,No internet service,No,Yes,Yes,Month-to-month,No,Bank transfer (automatic),28.87,318.8,No
CUST-01602,Female,1,No,No,20,No,No,Fiber optic,Yes,No internet service,Yes,Yes,Yes,No,One year,Yes,Electronic check,68.75,1286.7,Yes
CUST-01603,Male,1,No,No,10,Yes,Yes,DSL,No,No internet service,No,Yes,No internet service,Yes,Month-to-month,Yes,Credit card (automatic),79.89,783.28,No
CUST-01604,Female,1,Yes,No,13,Yes,Yes,DSL,Yes,No,Yes,No,Yes,Yes,One year,Yes,Mailed check,29.59,385.77,No
CUST-01605,Male,0,No,No,61,Yes,Yes,Fiber optic,Yes,Yes,No internet service,No internet service,No,No internet service,Month-to-month,No,Electronic check,31.41,2106.07,No
CUST-01606,Male,0,Yes,No,33,Yes,Yes,DSL,No,Yes,No internet service,No internet service,No,No internet service,One year,No,Mailed check,61.69,2027.77,No
CUST-01607,Male,1,No,No,8,Yes,No,No,No internet service,No,Yes,No internet service,Yes,Yes,One year,No,Electronic check,57.77,429.92,Yes
CUST-01608,Female,0,No,Yes,30,Yes,Yes,Fiber optic,No,No,No internet service,Yes,No,Yes,Month-to-month,Yes,Bank transfer (automatic),51.62,1565.71,No
CUST-01609,Male,0,Yes,No,69,Yes,Yes,Fiber optic,No internet service,Yes,Yes,No,No,No internet service,Month-to-month,No,Electronic check,78.96,5143.37,No
CUST-01610,Female,0,Yes,No,35,No,No phone service,Fiber optic,No,No,No internet service,Yes,No,No,Month-to-month,No,Electronic check,22.33,840.88,No
CUST-01611,Male,0,Yes,No,34,Yes,No,No,No internet service,No internet service,No internet service,No,No,Yes,One year,Yes,Bank transfer (automatic),57.25,2076.55,No
CUST-01612,Male,0,Yes,Yes,66,Yes,Yes,DSL,No,Yes,No internet service,No,Yes,No,Month-to-month,No,Mailed check,56.39,3445.32,No
CUST-01613,Male,0,Yes,No,19,Yes,Yes,No,Yes,No,Yes,Yes,Yes,No internet service,Month-to-month,Yes,Electronic check,99.09,1915.99,Yes
CUST-01614,Male,0,Yes,No,34,Yes,No,DSL,No,No,Yes,No internet service,Yes,Yes,Two year,Yes,Bank transfer (automatic),73.97,2613.82,No
CUST-01615,Female,0,No,No,22,No,Yes,No,No,No internet service,No,No,No,Yes,One year,No,Credit card (automatic),84.19,1760.19,Yes
CUST-01616,Male,1,Yes,No,29,Yes,No,No,No,Yes,No,No,No,Yes,Month-to-month,No,Mailed check,61.85,1838.98,Yes
CUST-01617,Female,1,No,No,62,Yes,Yes,No,Yes,No internet service,No,No internet service,No internet service,Yes,Month-to-month,No,Electronic check,25.3,1556.89,No
CUST-01618,Male,0,No,No,17,Yes,Yes,DSL,No internet service,Yes,No,Yes,Yes,No,One year,Yes,Electronic check,66.37,1124.25,Yes
CUST-01619,Male,0,Yes,Yes,24,Yes,No,DSL,No,Yes,Yes,No internet service,Yes,Yes,One year,No,Electronic check,73.84,1790.34,No
CUST-01620,Male,0,No,Yes,59,Yes,No phone service,No,No,Yes,No,No,No,Yes,One year,Yes,Bank transfer (automatic),35.02,2095.16,No
CUST-01621,Male,0,No,No,18,Yes,Yes,Fiber optic,No,No internet service,Yes,No,No,Yes,Month-to-month,No,Electronic check,74.42,1395.77,No
CUST-01622,Male,0,No,No,14,Yes,No phone service,Fiber optic,No,Yes,Yes,No internet service,No internet service,No,Month-to-month,No,Electronic check,65.68,910.77,Yes
CUST-01623,Female,0,No,No,70,No,No,Fiber optic,No,Yes,No,No internet service,Yes,No internet service,Month-to-month,No,Bank transfer (automatic),79.04,5779.16,No
CUST-01624,Male,0,No,No,4,Yes,Yes,DSL,No internet service,No internet service,No,No,Yes,Yes,Month-to-month,Yes,Mailed check,88.65,353.6,Yes
CUST-01625,Male,0,No,Yes,26,Yes,Yes,Fiber optic,No,No internet service,Yes,No,No internet service,Yes,One year,Yes,Electronic check,26.97,724.05,No
CUST-01626,Male,0,No,No,45,Yes,No,Fiber optic,No internet service,Yes,Yes,No internet service,Yes,No,Month-to-month,No,Electronic check,25.16,1078.56,No
CUST-01627,Female,0,No,Yes,30,Yes,Yes,No,No,No internet service,No,No internet service,No,No,Month-to-month,Yes,Mailed check,68.21,2063.37,No
CUST-01628,Male,0,No,Yes,60,Yes,Yes,Fiber optic,No,No internet service,No,No,Yes,Yes,One year,Yes,Credit card (automatic),24.68,1471.32,No
CUST-01629,Female,0,No,No,19,Yes,No,No,No,Yes,Yes,No,Yes,No,Month-to-month,Yes,Mailed check,55.83,1018.81,Yes
CUST-01630,Male,1,No,No,40,Yes,No,DSL,Yes,Yes,No,No,No internet service,No,One year,Yes,Bank transfer (automatic),68.07,2484.45,No
CUST-01631,Male,0,Yes,No,9,Yes,No,Fiber optic,No,No,Yes,No internet service,Yes,No internet service,Two year,No,Bank transfer (automatic),74.45,671.42,No
CUST-01632,Female,0,Yes,No,15,Yes,No,No,No,No,No,No internet service,No internet service,No internet service,Two year,Yes,Bank transfer (automatic),66.06,893.74,No
CUST-01633,Female,0,Yes,No,13,Yes,No,Fiber optic,Yes,Yes,No internet service,Yes,No,No,Month-to-month,No,Credit card (automatic),73.39,933.05,No
CUST-01634,Female,0,Yes,No,14,Yes,No,Fiber optic,No,No,No internet service,No,No internet service,Yes,Month-to-month,Yes,Electronic check,89.11,1215.27,Yes
CUST-01635,Male,0,Yes,No,15,No,No,DSL,No,No internet service,Yes,No,Yes,Yes,Month-to-month,No,Electronic check,66.78,1028.5,No
CUST-01636,Female,0,Yes,No,48,Yes,Yes,DSL,No internet service,No,No,Yes,No,No,Month-to-month,No,Electronic check,40.65,2141.41,No
CUST-01637,Male,0,Yes,Yes,5,Yes,No,Fiber optic,No,Yes,Yes,Yes,Yes,No,Month-to-month,No,Bank transfer (automatic),77.98,417.82,Yes
CUST-01638,Female,0,No,Yes,4,Yes,No,Fiber optic,No,Yes,No,No,No,Yes,Two year,Yes,Mailed check,71.7,314.05,Yes
CUST-01639,Female,0,Yes,Yes,63,Yes,Yes,No,No internet service,No,No internet service,Yes,Yes,No,One year,Yes,Mailed check,54.49,3742.47,No
CUST-01640,Female,0,Yes,Yes,16,Yes,Yes,Fiber optic,Yes,No,No internet service,Yes,Yes,No,One year,No,Mailed check,83.54,1222.79,Yes
CUST-01641,Male,0,Yes,Yes,1,Yes,Yes,Fiber optic,Yes,Yes,Yes,No,No internet service,Yes,Month-to-month,Yes,Credit card (automatic),48.19,46.09,No
CUST-01642,Male,0,Yes,No,13,Yes,No,Fiber optic,No,No,Yes,No,Yes,No,Month-to-month,Yes,Bank transfer (automatic),81.92,1021.72,Yes
CUST-01643,Male,0,Yes,No,68,Yes,No,Fiber optic,Yes,Yes,No,Yes,Yes,No,Two year,No,Electronic check,50.59,3144.97,No
CUST-01644,Male,0,No,Yes,1,Yes,Yes,Fiber optic,No,Yes,Yes,No internet service,No,No,Month-to-month,Yes,Electronic check,87.09,93.13,Yes
CUST-01645,Female,0,Yes,Yes,14,Yes,Yes,Fiber optic,Yes,No,No,No,No,No internet service,Month-to-month,No,Electronic check,39.82,601.56,No
CUST-01646,Male,0,No,No,29,Yes,Yes,Fiber optic,Yes,No,Yes,Yes,Yes,No,Month-to-month,No,Mailed check,94.39,2794.78,Yes
CUST-01647,Female,0,Yes,No,9,Yes,No,DSL,Yes,Yes,No,Yes,No,No internet service,Month-to-month,No,Mailed check,93.69,909.15,Yes
CUST-01648,Female,1,Yes,No,48,Yes,No phone service,No,Yes,No,No,No internet service,Yes,No,Month-to-month,No,Mailed check,60.76,3041.52,No
CUST-01649,Male,0,No,Yes,31,Yes,No,DSL,No,Yes,No,No,Yes,No,Month-to-month,Yes,Bank transfer (automatic),54.03,1655.02,No
CUST-01650,Male,0,No,No,7,Yes,Yes,DSL,Yes,Yes,No,No,No,Yes,Month-to-month,Yes,Credit card (automatic),80.95,526.97,Yes
CUST-01651,Female,0,No,No,7,Yes,Yes,No,No,No,No,No internet service,No,Yes,Month-to-month,No,Mailed check,82.93,633.74,Yes
CUST-01652,Female,0,No,Yes,15,Yes,No,Fiber optic,No,No,No,No,Yes,No internet service,Two year,No,Credit card (automatic),78.55,1223.56,Yes
CUST-01653,Male,0,Yes,No,23,Yes,No phone service,No,No,No,No,Yes,Yes,No,Two year,No,Bank transfer (automatic),95.08,2123.06,Yes
CUST-01654,Female,0,Yes,No,51,Yes,No,Fiber optic,No,Yes,Yes,No,No,Yes,Month-to-month,No,Electronic check,62.71,2960.65,No
CUST-01655,Female,0,Yes,No,28,Yes,Yes,Fiber optic,No,Yes,Yes,Yes,No internet service,Yes,Month-to-month,Yes,Electronic check,67.93,2015.77,Yes
CUST-01656,Male,0,Yes,Yes,11,Yes,No,Fiber optic,No,No internet service,Yes,No,Yes,Yes,Month-to-month,No,Credit card (automatic),93.96,1095.99,Yes
CUST-01657,Male,0,No,Yes,54,Yes,No,Fiber optic,No,Yes,No,Yes,Yes,No internet service,Month-to-month,Yes,Bank transfer (automatic),39.07,2127.93,No
CUST-01658,Male,1,Yes,No,12,Yes,No,No,Yes,Yes,Yes,No internet service,No internet service,Yes,Month-to-month,No,Bank transfer (automatic),74.17,979.04,Yes
CUST-01659,Female,0,No,No,51,Yes,Yes,Fiber optic,No,No,No internet service,Yes,Yes,No internet service,Two year,No,Electronic check,79.83,3978.85,No
CUST-01660,Female,0,No,No,9,Yes,No,Fiber optic,No internet service,Yes,Yes,No internet service,Yes,Yes,Month-to-month,Yes,Electronic check,75.76,742.12,No
CUST-01661,Female,0,Yes,Yes,28,Yes,No,No,No,No,No,No,No,Yes,Month-to-month,Yes,Bank transfer (automatic),64.85,1863.11,No
CUST-01662,Female,0,Yes,Yes,14,Yes,No,Fiber optic,Yes,No,No,No,Yes,No internet service,Month-to-month,Yes,Bank transfer (automatic),78.38,1149.21,Yes
CUST-01663,Male,0,No,No,5,Yes,Yes,DSL,Yes,No,Yes,Yes,Yes,No,Two year,Yes,Credit card (automatic),67.35,364.84,Yes
CUST-01664,Female,0,No,No,22,Yes,No,DSL,Yes,Yes,No,No,Yes,No internet service,Two year,Yes,Credit card (automatic),69.07,1620.18,Yes
CUST-01665,Female,0,No,No,48,Yes,Yes,Fiber optic,No internet service,No,No,No,No internet service,No internet service,One year,Yes,Electronic check,77.96,3583.92,No
CUST-01666,Male,0,Yes,Yes,25,Yes,Yes,Fiber optic,No,No,No internet service,No,Yes,No,Month-to-month,Yes,Electronic check,22.55,605.16,No
CUST-01667,Male,0,Yes,No,50,Yes,No,No,No internet service,Yes,No,Yes,No,No,Two year,Yes,Credit card (automatic),30.41,1532.58,No
CUST-01668,Male,0,Yes,No,26,Yes,Yes,Fiber optic,No internet service,Yes,No,No,No,No internet service,One year,Yes,Bank transfer (automatic),60.63,1432.88,No
CUST-01669,Female,0,Yes,No,4,Yes,No phone service,Fiber optic,No,Yes,No internet service,No internet service,Yes,No internet service,Two year,Yes,Bank transfer (automatic),74.43,308.07,No
CUST-01670,Male,0,No,No,18,Yes,Yes,DSL,No,No,No,Yes,Yes,Yes,One year,Yes,Electronic check,30.55,549.87,No
CUST-01671,Male,0,Yes,No,44,Yes,No,Fiber optic,No,No,No,No,Yes,No internet service,Two year,Yes,Electronic check,39.03,1729.9,No
CUST-01672,Male,0,Yes,No,10,Yes,No,Fiber optic,No,No,No internet service,No,No,Yes,Month-to-month,No,Electronic check,72.79,715.02,Yes
CUST-01673,Male,1,Yes,No,36,Yes,No,Fiber optic,Yes,Yes,No,No internet service,No internet service,No,Two year,Yes,Credit card (automatic),79.98,2628.26,No
CUST-01674,Female,0,Yes,Yes,62,Yes,Yes,Fiber optic,No,No internet service,Yes,No,No,No,Month-to-month,No,Mailed check,67.98,3945.2,No
CUST-01675,Male,0,No,No,56,Yes,No,Fiber optic,No,No,No internet service,No,Yes,Yes,Month-to-month,Yes,Bank transfer (automatic),75.41,4439.56,No
CUST-01676,Female,1,No,Yes,40,Yes,Yes,Fiber optic,No,Yes,No,Yes,Yes,No,Month-to-month,Yes,Electronic check,60.5,2291.37,No
CUST-01677,Male,1,No,Yes,58,Yes,Yes,Fiber optic,Yes,Yes,No,No internet service,No,No,One year,No,Bank transfer (automatic),72.64,4320.75,No
CUST-01678,Female,0,No,Yes,29,Yes,Yes,Fiber optic,No,No internet service,No,No,Yes,Yes,Month-to-month,No,Credit card (automatic),50.42,1474.42,No
CUST-01679,Female,0,Yes,No,32,Yes,No,DSL,Yes,Yes,No,No,Yes,No,Month-to-month,Yes,Bank transfer (automatic),27.45,829.46,No
CUST-01680,Female,0,No,No,53,Yes,No,DSL,No,Yes,No,No internet service,No,No,Month-to-month,Yes,Credit card (automatic),62.57,3170.68,No
CUST-01681,Female,1,Yes,No,46,Yes,No,DSL,No,No internet service,Yes,No,No,No,One year,No,Bank transfer (automatic),56.09,2520.06,No
CUST-01682,Male,0,No,Yes,38,Yes,Yes,Fiber optic,No,No internet service,No,Yes,No,No,Month-to-month,Yes,Mailed check,49.12,2008.49,No
CUST-01683,Female,0,Yes,Yes,31,Yes,No,DSL,Yes,No,Yes,No,Yes,Yes,Month-to-month,No,Credit card (automatic),36.5,1231.37,No
CUST-01684,Male,0,No,Yes,70,Yes,No,Fiber optic,No,Yes,No,No internet service,No internet service,No,Month-to-month,No,Electronic check,67.05,4587.2,No
CUST-01685,Female,0,Yes,Yes,5,Yes,Yes,Fiber optic,Yes,No,No internet service,Yes,No internet service,No internet service,Month-to-month,Yes,Credit card (automatic),69.22,314.68,No
CUST-01686,Female,0,Yes,Yes,28,Yes,No,Fiber optic,No,Yes,No,Yes,No,No,Month-to-month,Yes,Bank transfer (automatic),86.64,2474.87,Yes
CUST-01687,Female,1,Yes,Yes,2,Yes,Yes,Fiber optic,No,No internet service,No internet service,No internet service,Yes,Yes,Month-to-month,Yes,Credit card (automatic),80.24,157.83,Yes
CUST-01688,Male,0,Yes,No,3,Yes,Yes,Fiber optic,No,No internet service,No,No,No internet service,Yes,Month-to-month,No,Electronic check,42.18,126.35,No
CUST-01689,Male,0,Yes,No,25,Yes,No,DSL,Yes,No internet service,Yes,No internet service,No,No,Month-to-month,Yes,Bank transfer (automatic),26.45,653.57,No
CUST-01690,Female,0,No,No,16,Yes,No,DSL,No internet service,Yes,Yes,No,No,No internet service,Month-to-month,No,Bank transfer (automatic),83.28,1373.67,Yes
CUST-01691,Female,0,No,No,1,Yes,No,Fiber optic,No,No internet service,No,No internet service,Yes,No internet service,One year,Yes,Credit card (automatic),74.8,71.87,Yes
CUST-01692,Female,0,No,No,15,Yes,Yes,DSL,No,No,No,No,No,Yes,One year,Yes,Electronic check,24.79,401.05,No
CUST-01693,Female,0,No,No,21,Yes,Yes,Fiber optic,Yes,Yes,No,No,Yes,Yes,Month-to-month,No,Bank transfer (automatic),63.1,1304.23,No
CUST-01694,Female,0,Yes,No,43,No,No,No,No,No,No internet service,Yes,No,No internet service,Two year,Yes,Electronic check,67.71,2819.33,No
CUST-01695,Male,0,Yes,No,68,Yes,No,DSL,No internet service,No internet service,Yes,Yes,Yes,No,Month-to-month,No,Bank transfer (automatic),52.97,3906.65,No
CUST-01696,Female,0,No,Yes,24,Yes,No,DSL,No internet service,No,Yes,No,Yes,No internet service,Two year,Yes,Mailed check,83.63,1950.18,Yes
CUST-01697,Male,1,No,Yes,14,Yes,No,No,No internet service,No,No internet service,No internet service,No internet service,Yes,One year,Yes,Electronic check,57.18,733.77,Yes
CUST-01698,Male,0,Yes,Yes,10,Yes,No phone service,Fiber optic,No,Yes,No,No,No internet service,No,One year,Yes,Mailed check,46.85,436.2,No
CUST-01699,Male,1,No,No,18,Yes,Yes,No,Yes,No,No,No internet service,No,No internet service,One year,Yes,Electronic check,25.35,475.86,No
CUST-01700,Male,0,Yes,No,32,No,No,DSL,Yes,No,Yes,Yes,No,No,One year,No,Bank transfer (automatic),33.88,1097.67,No
CUST-01701,Male,0,No,No,18,Yes,No phone service,Fiber optic,No,Yes,No,Yes,Yes,No,Two year,Yes,Bank transfer (automatic),59.46,1077.69,No
CUST-01702,Male,0,Yes,No,49,Yes,No,No,Yes,Yes,No internet service,Yes,No internet service,Yes,Month-to-month,No,Electronic check,44.35,1991.47,No
CUST-01703,Female,1,No,No,26,No,Yes,No,Yes,No,No internet service,No,Yes,No internet service,One year,No,Electronic check,61.1,1481.87,No
CUST-01704,Male,0,No,No,17,Yes,No phone service,DSL,Yes,Yes,Yes,No,Yes,Yes,Month-to-month,Yes,Credit card (automatic),80.03,1332.27,Yes
CUST-01705,Male,0,Yes,No,20,Yes,Yes,Fiber optic,No,No,No internet service,No internet service,No,No,Two year,No,Bank transfer (automatic),56.32,1114.69,No
CUST-01706,Female,0,Yes,No,36,Yes,Yes,Fiber optic,No,No internet service,Yes,No,No internet service,Yes,Month-to-month,No,Credit card (automatic),29.47,1034.73,No
CUST-01707,Female,0,No,No,51,Yes,Yes,Fiber optic,No,No internet service,No,Yes,No internet service,No internet service,Month-to-month,No,Electronic check,37.15,1895.69,No
CUST-01708,Male,0,Yes,No,15,Yes,No,DSL,No,No,No internet service,Yes,No internet service,No,One year,Yes,Bank transfer (automatic),42.67,669.95,No
CUST-01709,Male,0,Yes,No,55,Yes,Yes,Fiber optic,No,Yes,Yes,No,Yes,No internet service,Two year,Yes,Bank transfer (automatic),69.47,3924.55,No
CUST-01710,Male,0,No,Yes,17,Yes,No,DSL,No internet service,Yes,No,No,No internet service,No,Month-to-month,No,Mailed check,98.32,1708.64,Yes
CUST-01711,Male,1,Yes,No,46,Yes,No,DSL,Yes,Yes,No internet service,Yes,Yes,No,Month-to-month,Yes,Mailed check,58.7,2731.4,No
CUST-01712,Female,1,No,No,33,Yes,Yes,No,No,No internet service,No,Yes,No internet service,No internet service,Month-to-month,No,Electronic check,60.33,1871.81,No
CUST-01713,Male,1,No,No,67,Yes,Yes,Fiber optic,No,No,No,No internet service,No,Yes,Two year,No,Electronic check,50.19,3433.1,No
CUST-01714,Female,0,Yes,Yes,55,Yes,No,No,No,No,Yes,No,Yes,No internet service,Month-to-month,No,Credit card (automatic),22.38,1146.82,No
CUST-01715,Male,0,No,Yes,14,Yes,Yes,DSL,No internet service,No internet service,Yes,No,No,Yes,Month-to-month,No,Mailed check,32.07,468.1,No
CUST-01716,Male,0,No,No,19,Yes,Yes,Fiber optic,Yes,No,Yes,Yes,Yes,No,Two year,No,Electronic check,98.51,1853.83,Yes
CUST-01717,Female,1,No,No,65,Yes,Yes,DSL,No internet service,No,Yes,Yes,Yes,No internet service,Month-to-month,Yes,Bank transfer (automatic),23.84,1574.85,No
CUST-01718,Male,0,No,No,17,Yes,Yes,DSL,No,Yes,Yes,No,Yes,No,Month-to-month,Yes,Credit card (automatic),92.72,1690.61,Yes
CUST-01719,Female,0,Yes,No,39,Yes,No,No,No internet service,Yes,No internet service,No,No internet service,No internet service,Month-to-month,No,Mailed check,67.26,2556.56,No
CUST-01720,Female,0,No,No,19,Yes,No,DSL,No,No,Yes,No,Yes,No,Month-to-month,Yes,Bank transfer (automatic),91.28,1595.49,Yes
CUST-01721,Male,0,No,No,20,Yes,No,Fiber optic,Yes,Yes,No internet service,No internet service,Yes,No,Two year,Yes,Electronic check,26.69,575.59,No
CUST-01722,Male,0,No,No,37,Yes,No,No,No,Yes,No internet service,No,No,No internet service,Two year,No,Electronic check,27.46,988.58,No
CUST-01723,Male,0,No,No,23,Yes,Yes,DSL,No internet service,No internet service,No,Yes,No,Yes,Month-to-month,Yes,Mailed check,68.68,1550.11,Yes
CUST-01724,Female,0,Yes,No,13,Yes,Yes,No,Yes,No,Yes,No internet service,Yes,No,Month-to-month,Yes,Electronic check,32.13,400.65,No
CUST-01725,Female,0,No,Yes,13,Yes,No,DSL,No internet service,No internet service,No internet service,No,No internet service,Yes,Month-to-month,Yes,Bank transfer (automatic),20.84,266.59,No
CUST-01726,Male,0,Yes,Yes,8,Yes,Yes,DSL,No,Yes,No internet service,Yes,Yes,Yes,Month-to-month,Yes,Mailed check,85.5,686.87,Yes
CUST-01727,Female,0,Yes,No,13,Yes,No,Fiber optic,No internet service,No internet service,Yes,No,Yes,No internet service,One year,No,Electronic check,79.78,1108.35,No
CUST-01728,Male,1,Yes,Yes,68,Yes,Yes,DSL,No internet service,No,Yes,No,No,No,Month-to-month,No,Bank transfer (automatic),40.19,2853.26,No
CUST-01729,Female,1,Yes,No,14,Yes,No phone service,Fiber optic,Yes,Yes,No,No internet service,Yes,No,Two year,Yes,Credit card (automatic),73.55,1032.44,Yes
CUST-01730,Female,0,No,No,51,Yes,Yes,No,No,No internet service,Yes,No internet service,No internet service,Yes,Two year,Yes,Mailed check,49.74,2670.6,No
CUST-01731,Male,0,Yes,No,1,Yes,Yes,Fiber optic,No,Yes,No,Yes,No,Yes,Month-to-month,Yes,Credit card (automatic),65.41,69.96,Yes
CUST-01732,Female,0,Yes,No,22,Yes,No,Fiber optic,No internet service,No internet service,Yes,No,No,No,Month-to-month,Yes,Credit card (automatic),53.58,1074.59,No
CUST-01733,Female,0,No,No,35,Yes,No,Fiber optic,No,No,No internet service,No,Yes,Yes,Month-to-month,Yes,Bank transfer (automatic),44.04,1569.83,No
CUST-01734,Male,0,No,Yes,51,Yes,Yes,Fiber optic,No internet service,No,Yes,No internet service,No internet service,No,Month-to-month,No,Mailed check,73.81,3420.45,No
CUST-01735,Male,0,Yes,Yes,29,Yes,No phone service,Fiber optic,Yes,No internet service,No,Yes,No,No,Month-to-month,Yes,Bank transfer (automatic),75.68,2110.49,No
CUST-01736,Male,0,Yes,No,21,Yes,No,Fiber optic,No,Yes,No,No,No internet service,No,Two year,Yes,Credit card (automatic),62.78,1387.57,No
CUST-01737,Male,0,Yes,Yes,11,Yes,Yes,DSL,No,No,No internet service,No internet service,No internet service,No,Month-to-month,No,Electronic check,32.94,383.45,No
CUST-01738,Male,1,Yes,No,39,No,Yes,Fiber optic,No,No,Yes,No,No,No,Month-to-month,No,Bank transfer (automatic),48.43,2033.76,No
CUST-01739,Female,0,No,Yes,5,Yes,Yes,Fiber optic,Yes,Yes,No,No,No internet service,No,One year,Yes,Credit card (automatic),77.77,388.71,Yes
CUST-01740,Female,0,No,No,38,Yes,Yes,DSL,No,Yes,No internet service,No,Yes,Yes,Two year,Yes,Electronic check,67.9,2365.6,No
CUST-01741,Male,0,Yes,No,19,Yes,No,Fiber optic,Yes,Yes,No,Yes,No internet service,Yes,Month-to-month,Yes,Mailed check,21.75,382.4,No
CUST-01742,Female,0,Yes,No,18,Yes,Yes,DSL,No,Yes,No internet service,No,Yes,No internet service,Two year,Yes,Credit card (automatic),59.75,1020.5,No
CUST-01743,Male,0,No,No,27,Yes,No phone service,DSL,No,No,Yes,No,Yes,No internet service,Month-to-month,Yes,Electronic check,39.39,1036.34,No
CUST-01744,Female,0,Yes,Yes,25,Yes,Yes,DSL,No internet service,No internet service,No,Yes,No,Yes,Month-to-month,Yes,Credit card (automatic),48.86,1227.99,No
CUST-01745,Male,0,Yes,Yes,15,Yes,Yes,DSL,Yes,No,No internet service,No internet service,Yes,No internet service,Month-to-month,Yes,Credit card (automatic),39.38,607.94,No
CUST-01746,Male,0,Yes,No,8,Yes,Yes,DSL,No,No,No,No,No,No internet service,Month-to-month,No,Electronic check,60.35,450.21,Yes
CUST-01747,Male,0,Yes,No,24,Yes,Yes,DSL,No internet service,No,Yes,No internet service,No,No internet service,Month-to-month,No,Mailed check,60.46,1360.78,No
CUST-01748,Male,0,No,No,18,Yes,Yes,Fiber optic,No,Yes,Yes,Yes,No,Yes,Two year,Yes,Electronic check,55.73,937.53,No
CUST-01749,Female,1,Yes,No,44,Yes,Yes,DSL,Yes,No,No internet service,No,Yes,Yes,Two year,Yes,Electronic check,34.65,1602.34,No
CUST-01750,Female,0,No,No,57,Yes,No,Fiber optic,No internet service,No internet service,Yes,No internet service,Yes,No,Month-to-month,No,Electronic check,22.62,1238.3,No
CUST-01751,Male,1,No,No,33,Yes,No,Fiber optic,No,No,Yes,No,No,Yes,One year,Yes,Mailed check,71.36,2197.91,No
CUST-01752,Male,0,No,No,48,Yes,Yes,Fiber optic,No,Yes,No,No,Yes,No,Month-to-month,No,Electronic check,49.54,2345.28,No
CUST-01753,Male,0,Yes,Yes,7,Yes,Yes,DSL,No,No,No internet service,No,No,No,Month-to-month,Yes,Electronic check,57.12,379.65,No
CUST-01754,Female,0,Yes,No,18,Yes,Yes,No,Yes,No,No,Yes,No,No,Month-to-month,No,Credit card (automatic),71.28,1249.5,Yes
CUST-01755,Female,0,No,Yes,5,Yes,No,DSL,No,Yes,No,No,No,No,One year,Yes,Bank transfer (automatic),57.14,304.21,No
CUST-01756,Male,1,No,Yes,10,Yes,No,Fiber optic,No,Yes,No internet service,Yes,No internet service,No,Month-to-month,No,Electronic check,57.62,557.06,No
CUST-01757,Male,0,Yes,Yes,43,Yes,Yes,No,No,No,Yes,Yes,No,Yes,Two year,No,Mailed check,20.9,840.26,No
CUST-01758,Female,0,Yes,Yes,15,No,Yes,Fiber optic,No,Yes,Yes,No internet service,Yes,Yes,Month-to-month,Yes,Mailed check,52.0,738.26,No
CUST-01759,Male,1,Yes,No,3,Yes,No,No,Yes,Yes,No,Yes,No,No,One year,Yes,Mailed check,50.13,136.38,No
CUST-01760,Female,1,No,Yes,13,Yes,No,Fiber optic,Yes,No,No,No internet service,Yes,Yes,Two year,Yes,Electronic check,25.75,361.61,No
CUST-01761,Male,0,No,No,55,Yes,No,DSL,Yes,No internet service,No internet service,No,Yes,No internet service,Month-to-month,Yes,Credit card (automatic),64.75,3701.54,No
CUST-01762,Male,0,Yes,No,42,No,No,DSL,Yes,No,No,Yes,Yes,No,Month-to-month,No,Credit card (automatic),34.15,1423.79,No
CUST-01763,Male,0,Yes,Yes,28,No,Yes,No,No,Yes,No,No,Yes,No internet service,One year,Yes,Credit card (automatic),23.27,659.49,No
CUST-01764,Female,0,No,Yes,19,Yes,No,No,Yes,Yes,No,Yes,No internet service,No internet service,Month-to-month,Yes,Mailed check,74.81,1351.48,Yes
CUST-01765,Male,0,No,No,28,Yes,No,Fiber optic,No internet service,No internet service,Yes,Yes,Yes,No,Two year,Yes,Bank transfer (automatic),71.91,1974.7,No
CUST-01766,Male,0,No,No,63,Yes,No phone service,DSL,Yes,Yes,No internet service,No,Yes,No internet service,Month-to-month,Yes,Electronic check,34.44,2091.54,No
CUST-01767,Female,0,Yes,No,25,Yes,Yes,Fiber optic,No internet service,No internet service,No,No,No,Yes,Month-to-month,Yes,Electronic check,82.52,2196.91,Yes
CUST-01768,Male,1,Yes,Yes,2,Yes,Yes,DSL,No,No,No,No,No,No,Month-to-month,No,Mailed check,20.3,42.58,No
CUST-01769,Male,0,No,Yes,8,No,Yes,Fiber optic,No,Yes,No,No,No internet service,No,Month-to-month,No,Mailed check,63.27,484.28,No
CUST-01770,Male,0,Yes,Yes,19,Yes,Yes,No,No,Yes,Yes,No,No internet service,No,Month-to-month,Yes,Bank transfer (automatic),95.95,1918.67,Yes
CUST-01771,Female,1,Yes,No,14,Yes,No,DSL,No internet service,No,No,No,No,No internet service,Two year,No,Electronic check,67.55,868.9,No
CUST-01772,Female,0,Yes,No,12,Yes,Yes,Fiber optic,Yes,Yes,Yes,No,Yes,Yes,Month-to-month,Yes,Bank transfer (automatic),43.58,491.85,No
CUST-01773,Female,0,Yes,No,28,Yes,No phone service,DSL,Yes,No internet service,No,No internet service,No,Yes,Month-to-month,Yes,Credit card (automatic),41.06,1059.17,No
CUST-01774,Female,1,Yes,No,70,Yes,No,Fiber optic,No internet service,Yes,No internet service,Yes,No,No,Two year,No,Bank transfer (automatic),70.45,4673.33,No
CUST-01775,Male,1,No,Yes,15,Yes,No phone service,Fiber optic,No,Yes,Yes,Yes,No,Yes,Month-to-month,Yes,Electronic check,22.32,316.47,No
CUST-01776,Male,0,No,No,17,Yes,Yes,Fiber optic,Yes,No,No,No,Yes,No,Month-to-month,No,Credit card (automatic),31.23,573.44,No
CUST-01777,Male,0,Yes,No,71,Yes,No,Fiber optic,No,No,No,No,Yes,Yes,Month-to-month,Yes,Electronic check,44.73,3066.19,No
CUST-01778,Male,0,No,No,14,Yes,No,No,Yes,No internet service,No,No,Yes,No,Month-to-month,Yes,Credit card (automatic),67.22,913.83,Yes
CUST-01779,Male,0,Yes,No,59,Yes,No,No,No,No internet service,Yes,Yes,No internet service,No internet service,Month-to-month,Yes,Electronic check,20.31,1102.37,No
CUST-01780,Female,0,Yes,No,45,Yes,Yes,Fiber optic,No,No,Yes,No internet service,No,No,One year,No,Credit card (automatic),54.51,2240.03,No
CUST-01781,Male,0,No,No,66,Yes,No,Fiber optic,Yes,No,Yes,Yes,No,No,Month-to-month,Yes,Credit card (automatic),42.71,2660.66,No
CUST-01782,Male,0,Yes,Yes,40,Yes,No,DSL,Yes,No internet service,No internet service,No,Yes,No,Month-to-month,Yes,Electronic check,57.8,2143.01,No
CUST-01783,Male,0,No,Yes,43,Yes,No phone service,Fiber optic,No,No,No internet service,No,Yes,No,One year,No,Mailed check,74.42,3100.61,No
CUST-01784,Female,1,Yes,No,17,Yes,No,Fiber optic,No,Yes,No,No,No,No,Month-to-month,Yes,Electronic check,46.45,740.07,No
CUST-01785,Male,0,Yes,Yes,11,Yes,Yes,DSL,No,No internet service,No internet service,No,No internet service,Yes,One year,Yes,Bank transfer (automatic),77.66,799.27,Yes
CUST-01786,Male,0,Yes,Yes,48,Yes,No,DSL,Yes,No,Yes,No internet service,No,Yes,Month-to-month,No,Electronic check,47.77,2360.62,No
CUST-01787,Male,0,Yes,Yes,71,Yes,No phone service,DSL,No,No,No,No,Yes,No internet service,Month-to-month,Yes,Bank transfer (automatic),27.11,2095.0,No
CUST-01788,Female,0,Yes,No,7,Yes,Yes,Fiber optic,No internet service,Yes,Yes,Yes,No,Yes,One year,No,Bank transfer (automatic),67.59,427.0,No
CUST-01789,Male,0,Yes,No,11,Yes,Yes,No,No internet service,No internet service,No,Yes,No,Yes,Two year,Yes,Electronic check,86.31,988.44,Yes
CUST-01790,Female,1,Yes,No,2,Yes,Yes,No,No internet service,No internet service,Yes,No internet service,No,Yes,Month-to-month,No,Electronic check,68.69,141.75,No
CUST-01791,Male,0,No,No,57,No,No phone service,No,Yes,No internet service,Yes,No internet service,Yes,No,One year,No,Mailed check,76.86,4455.55,No
CUST-01792,Female,0,Yes,Yes,6,Yes,No,Fiber optic,No internet service,Yes,No,No internet service,No internet service,No,One year,Yes,Mailed check,48.08,299.57,No
CUST-01793,Female,0,No,No,65,Yes,Yes,Fiber optic,No,Yes,No,Yes,Yes,Yes,Month-to-month,No,Credit card (automatic),59.14,3850.79,No
CUST-01794,Male,0,Yes,No,26,Yes,No,No,Yes,Yes,No,Yes,No internet service,No,Two year,Yes,Credit card (automatic),30.1,849.42,No
CUST-01795,Male,0,No,Yes,21,Yes,No,DSL,No,Yes,No internet service,No,Yes,No,Two year,Yes,Credit card (automatic),78.61,1537.97,No
CUST-01796,Female,0,No,No,70,Yes,Yes,Fiber optic,No,Yes,No internet service,No internet service,Yes,No,Two year,No,Credit card (automatic),54.83,3817.8,No
CUST-01797,Female,1,Yes,Yes,52,Yes,No phone service,No,No,No,Yes,No internet service,No,No,Month-to-month,Yes,Electronic check,35.7,1913.22,No
CUST-01798,Male,0,No,No,39,Yes,Yes,Fiber optic,No internet service,No internet service,Yes,No,Yes,No internet service,Month-to-month,Yes,Electronic check,68.32,2882.27,No
CUST-01799,Female,0,No,No,64,Yes,Yes,Fiber optic,No,No,No internet service,No internet service,No internet service,Yes,Month-to-month,No,Electronic check,55.19,3523.28,No
CUST-01800,Female,0,Yes,No,54,Yes,Yes,Fiber optic,No,Yes,No,No,No,Yes,One year,No,Credit card (automatic),76.98,4553.49,No
CUST-01801,Male,0,No,No,46,Yes,Yes,No,Yes,Yes,No internet service,Yes,No,Yes,Month-to-month,No,Credit card (automatic),66.2,3140.5,No
CUST-01802,Female,0,Yes,No,23,Yes,Yes,DSL,No,No,Yes,Yes,No,No internet service,Month-to-month,No,Electronic check,72.64,1737.29,No
CUST-01803,Female,0,Yes,Yes,71,Yes,Yes,Fiber optic,Yes,No,No internet service,No,No,Yes,One year,No,Credit card (automatic),52.8,3987.38,No
CUST-01804,Male,1,No,No,13,Yes,Yes,No,Yes,No,No,Yes,No,Yes,Month-to-month,Yes,Electronic check,77.9,1060.08,Yes
CUST-01805,Male,0,Yes,No,68,Yes,No phone service,No,No,No internet service,No,No,No internet service,No internet service,One year,No,Electronic check,65.44,4470.06,No
CUST-01806,Male,1,Yes,No,69,Yes,No,Fiber optic,No internet service,Yes,Yes,Yes,No,No internet service,Two year,Yes,Credit card (automatic),26.3,1913.64,No
CUST-01807,Female,0,Yes,No,39,Yes,Yes,DSL,Yes,No,No,Yes,No,No,Month-to-month,Yes,Electronic check,23.24,822.2,No
CUST-01808,Female,0,No,Yes,25,Yes,No,No,No internet service,No,No,No internet service,Yes,No,One year,Yes,Mailed check,75.23,2043.54,Yes
CUST-01809,Male,0,Yes,No,68,Yes,No,No,No,No internet service,Yes,No internet service,No,Yes,Month-to-month,No,Electronic check,74.98,5428.16,No
CUST-01810,Male,1,No,Yes,71,No,No,DSL,Yes,Yes,No internet service,No,No,Yes,One year,Yes,Bank transfer (automatic),77.34,5642.32,No
CUST-01811,Female,0,No,Yes,9,No,No,Fiber optic,No,No,No internet service,Yes,Yes,No,One year,Yes,Credit card (automatic),23.74,195.23,No
CUST-01812,Female,0,No,Yes,46,Yes,Yes,No,No,No,No,No internet service,No,No,One year,Yes,Electronic check,36.16,1595.14,No
CUST-01813,Female,0,No,Yes,43,Yes,Yes,Fiber optic,No internet service,No,No,Yes,No internet service,No,One year,Yes,Electronic check,74.09,3028.89,No
CUST-01814,Female,0,Yes,No,54,Yes,No,DSL,No,Yes,No internet service,Yes,No,No internet service,Two year,Yes,Electronic check,25.37,1303.41,No
CUST-01815,Female,0,Yes,No,70,Yes,No phone service,No,Yes,No,No,No,No internet service,No,Month-to-month,Yes,Electronic check,47.09,3409.76,No
CUST-01816,Male,0,Yes,No,18,Yes,Yes,Fiber optic,No,Yes,No,Yes,No,No,Two year,Yes,Bank transfer (automatic),40.48,783.45,No
CUST-01817,Female,0,Yes,No,70,Yes,No phone service,Fiber optic,Yes,No,No,No,Yes,Yes,Month-to-month,Yes,Mailed check,72.79,5280.39,No
CUST-01818,Female,0,Yes,No,46,Yes,No,Fiber optic,No,No internet service,Yes,No,No,Yes,One year,No,Electronic check,51.08,2297.4,No
CUST-01819,Male,0,Yes,Yes,6,Yes,No,Fiber optic,No,Yes,No internet service,No,Yes,No internet service,Month-to-month,Yes,Bank transfer (automatic),37.42,245.59,No
CUST-01820,Male,0,Yes,No,3,Yes,No,No,No,Yes,Yes,No internet service,No,No,One year,Yes,Electronic check,97.89,314.97,Yes
CUST-01821,Male,0,Yes,No,10,Yes,Yes,Fiber optic,No internet service,Yes,No,No,No internet service,No,One year,No,Credit card (automatic),26.75,277.42,No
CUST-01822,Female,0,No,No,68,Yes,No,Fiber optic,Yes,No,Yes,No,Yes,Yes,One year,Yes,Bank transfer (automatic),63.87,4254.1,No
CUST-01823,Male,0,No,No,55,Yes,Yes,Fiber optic,Yes,No,No,No,No,No internet service,One year,Yes,Credit card (automatic),57.1,3255.96,No
CUST-01824,Female,1,No,No,11,Yes,Yes,Fiber optic,No,Yes,No,No,Yes,No,Month-to-month,No,Credit card (automatic),99.81,1077.71,Yes
CUST-01825,Male,0,Yes,No,43,Yes,No phone service,Fiber optic,No,No,No,No,No,No,Month-to-month,No,Credit card (automatic),46.27,1852.4,No
CUST-01826,Male,0,No,No,29,Yes,No,DSL,No,Yes,No,Yes,Yes,Yes,One year,Yes,Mailed check,37.65,1117.8,No
CUST-01827,Male,0,Yes,No,24,Yes,No phone service,DSL,No,No,No,Yes,Yes,No,One year,Yes,Mailed check,72.91,1819.17,Yes
CUST-01828,Female,0,Yes,No,68,Yes,Yes,Fiber optic,Yes,Yes,No,No internet service,No internet service,No,Month-to-month,Yes,Credit card (automatic),76.82,5066.32,No
CUST-01829,Female,0,Yes,No,11,Yes,No phone service,DSL,No internet service,No,No,Yes,No,Yes,One year,Yes,Bank transfer (automatic),44.99,537.38,No
CUST-01830,Male,1,No,No,63,Yes,Yes,No,Yes,Yes,Yes,Yes,No internet service,No,One year,Yes,Mailed check,49.76,3356.99,No
CUST-01831,Female,0,No,Yes,30,Yes,Yes,Fiber optic,No,No,No,No,Yes,No,One year,No,Electronic check,42.55,1297.65,No
CUST-01832,Female,0,No,No,42,Yes,No,Fiber optic,No,No internet service,No,Yes,No,Yes,One year,Yes,Credit card (automatic),79.27,3036.52,No
CUST-01833,Female,0,Yes,No,48,No,Yes,Fiber optic,Yes,No,No,No internet service,No,No,Month-to-month,Yes,Credit card (automatic),67.77,2938.86,No
CUST-01834,Female,1,Yes,No,14,Yes,No,DSL,No,No,No,No,Yes,No internet service,One year,No,Credit card (automatic),76.48,1100.68,Yes
CUST-01835,Female,0,Yes,No,29,No,No,No,No,No,No,No internet service,Yes,No,Two year,No,Credit card (automatic),89.32,2752.85,Yes
CUST-01836,Male,0,No,No,6,Yes,No,Fiber optic,Yes,No,No,No internet service,No internet service,No,Two year,No,Electronic check,73.67,442.05,Yes
CUST-01837,Female,1,No,No,56,Yes,Yes,Fiber optic,No,Yes,No internet service,No,No,Yes,One year,Yes,Credit card (automatic),67.6,3424.82,No
CUST-01838,Female,0,No,No,6,Yes,No,DSL,No,Yes,Yes,No,No internet service,No,One year,No,Electronic check,79.84,445.01,No
CUST-01839,Female,0,No,No,7,Yes,Yes,No,No,No,No,No,Yes,Yes,Month-to-month,Yes,Electronic check,86.17,568.36,Yes
CUST-01840,Female,1,No,No,8,Yes,Yes,Fiber optic,No,Yes,No,Yes,Yes,No,One year,No,Electronic check,71.9,589.9,No
CUST-01841,Male,0,Yes,No,55,Yes,No,No,No internet service,No,No,No,Yes,No internet service,One year,Yes,Mailed check,50.16,2751.11,No
CUST-01842,Female,0,No,No,70,Yes,No,No,No internet service,Yes,No,No internet service,No internet service,No,Month-to-month,Yes,Bank transfer (automatic),42.42,2733.16,No
CUST-01843,Female,1,No,No,11,Yes,No,DSL,No,No,Yes,Yes,No internet service,Yes,One year,Yes,Mailed check,86.79,955.01,Yes
CUST-01844,Female,0,No,Yes,16,Yes,No,Fiber optic,No internet service,Yes,Yes,No internet service,No internet service,No internet service,Month-to-month,No,Mailed check,64.97,1116.34,No
CUST-01845,Male,0,No,No,32,Yes,No,Fiber optic,No,No,Yes,Yes,No internet service,Yes,Month-to-month,Yes,Credit card (automatic),33.65,1063.69,No
CUST-01846,Female,0,No,Yes,50,Yes,Yes,Fiber optic,No,No,No,Yes,Yes,Yes,One year,Yes,Electronic check,50.2,2334.18,No
CUST-01847,Male,0,No,No,52,Yes,No,Fiber optic,No,Yes,No,No internet service,No internet service,Yes,Two year,No,Electronic check,26.83,1416.93,No
CUST-01848,Male,0,Yes,No,27,Yes,Yes,DSL,No,No,Yes,Yes,No,No,Month-to-month,Yes,Electronic check,56.03,1642.73,Yes
CUST-01849,Female,0,Yes,No,15,Yes,Yes,Fiber optic,No,Yes,No,No internet service,Yes,Yes,Month-to-month,Yes,Credit card (automatic),97.65,1352.23,Yes
CUST-01850,Male,0,Yes,No,4,Yes,No,Fiber optic,No,No,No internet service,No,No,Yes,Month-to-month,No,Credit card (automatic),75.07,279.65,Yes
CUST-01851,Male,0,Yes,Yes,16,Yes,Yes,DSL,Yes,No internet service,Yes,No internet service,No,No,Two year,Yes,Electronic check,68.68,1113.57,No
CUST-01852,Female,0,No,No,15,Yes,No,Fiber optic,Yes,Yes,Yes,No,Yes,No,Month-to-month,Yes,Mailed check,42.36,615.07,No
CUST-01853,Female,0,Yes,No,67,Yes,Yes,DSL,No,Yes,Yes,Yes,Yes,No internet service,Two year,No,Electronic check,59.81,4324.29,No
CUST-01854,Male,1,Yes,Yes,18,Yes,Yes,No,No,No internet service,No,No,No internet service,No internet service,One year,Yes,Bank transfer (automatic),92.5,1735.85,Yes
CUST-01855,Female,0,No,Yes,62,Yes,Yes,DSL,No,Yes,No internet service,No,Yes,No,Two year,Yes,Electronic check,66.85,3852.16,No
CUST-01856,Female,1,Yes,No,45,Yes,Yes,Fiber optic,No,Yes,Yes,Yes,No,Yes,Month-to-month,Yes,Mailed check,69.56,3362.28,No
CUST-01857,Female,0,Yes,No,33,Yes,No,Fiber optic,No,Yes,No internet service,Yes,No internet service,Yes,Two year,No,Credit card (automatic),35.67,1210.61,No
CUST-01858,Male,0,Yes,No,41,Yes,No,No,No,Yes,No,No,No internet service,No,One year,No,Mailed check,41.7,1707.52,No
CUST-01859,Female,0,Yes,No,50,No,Yes,Fiber optic,No,No,No internet service,Yes,Yes,No,Month-to-month,Yes,Mailed check,63.97,3042.76,No
CUST-01860,Male,0,Yes,No,14,No,Yes,DSL,No,Yes,No internet service,Yes,Yes,Yes,Month-to-month,Yes,Electronic check,66.63,960.75,No
CUST-01861,Female,0,Yes,No,33,Yes,Yes,DSL,Yes,No internet service,No,No internet service,Yes,Yes,Month-to-month,Yes,Mailed check,67.4,2401.46,No
CUST-01862,Male,0,Yes,No,52,Yes,No,Fiber optic,No,No,Yes,No internet service,No,No,Two year,Yes,Mailed check,64.41,3040.16,No
CUST-01863,Male,0,No,No,7,Yes,No,No,No,No,Yes,No,Yes,No internet service,Two year,Yes,Bank transfer (automatic),33.9,231.37,No
CUST-01864,Male,1,Yes,No,16,No,No,Fiber optic,No,Yes,Yes,No,No,No,One year,Yes,Bank transfer (automatic),76.77,1335.35,Yes
CUST-01865,Male,0,Yes,No,28,Yes,Yes,No,Yes,No,Yes,No,Yes,Yes,Month-to-month,No,Electronic check,92.83,2538.37,Yes
CUST-01866,Male,1,No,No,42,Yes,No,Fiber optic,No,Yes,No,Yes,No,Yes,Month-to-month,No,Mailed check,53.23,2028.13,No
CUST-01867,Female,0,No,No,17,Yes,Yes,Fiber optic,No internet service,No internet service,No,No,Yes,No internet service,Month-to-month,No,Electronic check,65.27,1021.14,No
CUST-01868,Male,0,No,No,31,Yes,Yes,DSL,Yes,No internet service,No,No,Yes,No internet service,Month-to-month,Yes,Electronic check,55.95,1800.62,No
CUST-01869,Male,0,No,No,4,No,Yes,DSL,No internet service,Yes,Yes,No,Yes,No internet service,Month-to-month,No,Bank transfer (automatic),65.2,271.24,Yes
CUST-01870,Female,0,No,Yes,18,Yes,Yes,Fiber optic,Yes,No,Yes,Yes,No,No internet service,Month-to-month,Yes,Credit card (automatic),72.13,1198.38,No
CUST-01871,Male,0,Yes,No,2,Yes,No,Fiber optic,Yes,No,No internet service,No,No,No,One year,Yes,Mailed check,35.68,67.35,No
CUST-01872,Female,0,No,No,58,Yes,No,Fiber optic,No,No,No,No internet service,No,Yes,Two year,No,Mailed check,73.08,4292.79,No
CUST-01873,Female,0,Yes,No,34,Yes,Yes,Fiber optic,No,No internet service,No internet service,No internet service,Yes,Yes,One year,Yes,Mailed check,38.0,1340.2,No
CUST-01874,Female,0,Yes,No,14,Yes,No,DSL,No,No internet service,No,Yes,No,No internet service,Two year,No,Credit card (automatic),74.4,970.1,Yes
CUST-01875,Male,0,Yes,Yes,38,Yes,Yes,No,No,No,Yes,No,Yes,No,Month-to-month,Yes,Electronic check,71.07,2677.1,No
CUST-01876,Female,0,Yes,Yes,67,Yes,No,DSL,No internet service,No,No internet service,No,No,No,One year,Yes,Mailed check,39.44,2675.27,No
CUST-01877,Female,1,No,No,59,Yes,No,DSL,No internet service,Yes,No internet service,No,No,No,Month-to-month,No,Mailed check,37.45,2010.56,No
CUST-01878,Female,0,Yes,No,3,Yes,Yes,DSL,No,Yes,No,Yes,No internet service,Yes,Month-to-month,Yes,Mailed check,97.47,276.25,Yes
CUST-01879,Male,0,Yes,No,11,No,No,Fiber optic,No,Yes,Yes,No,No,No,Month-to-month,Yes,Mailed check,98.73,1177.02,Yes
CUST-01880,Female,0,No,No,23,Yes,No,Fiber optic,No,Yes,No,No,No,No,Month-to-month,Yes,Credit card (automatic),95.9,2373.33,Yes
CUST-01881,Male,0,No,No,23,No,Yes,Fiber optic,No,No,No,No internet service,No,No internet service,Two year,Yes,Electronic check,62.06,1376.7,No
CUST-01882,Female,0,No,Yes,22,Yes,Yes,Fiber optic,No internet service,Yes,No internet service,Yes,No internet service,No internet service,Month-to-month,Yes,Electronic check,51.62,1219.22,No
CUST-01883,Female,0,Yes,No,66,Yes,No,Fiber optic,No,No,No,No internet service,No internet service,Yes,Month-to-month,Yes,Mailed check,44.64,3024.35,No
CUST-01884,Male,0,No,No,10,Yes,No phone service,DSL,Yes,Yes,No internet service,No,No internet service,No internet service,Month-to-month,Yes,Electronic check,64.99,712.5,No
CUST-01885,Male,0,No,No,61,Yes,Yes,Fiber optic,No,No internet service,No,No,No internet service,No internet service,Month-to-month,Yes,Electronic check,53.29,3553.8,No
CUST-01886,Male,0,No,Yes,66,Yes,Yes,Fiber optic,Yes,No,No,No,No internet service,No,One year,Yes,Credit card (automatic),67.87,4584.18,No
CUST-01887,Female,1,No,Yes,24,Yes,No,DSL,No,No,No,No,No,Yes,Two year,Yes,Bank transfer (automatic),57.64,1374.46,Yes
CUST-01888,Female,0,Yes,No,45,Yes,Yes,DSL,No,No internet service,No,Yes,No,No internet service,Two year,Yes,Bank transfer (automatic),79.11,3305.26,No
CUST-01889,Male,0,Yes,No,61,Yes,No,DSL,No internet service,No,No internet service,No,No,No,Month-to-month,No,Electronic check,68.65,4213.07,No
CUST-01890,Male,0,No,No,3,Yes,No,Fiber optic,Yes,No internet service,Yes,No,No,Yes,One year,No,Electronic check,24.01,70.56,No
CUST-01891,Male,0,Yes,No,4,Yes,Yes,DSL,No,No,No,No,No,No internet service,Month-to-month,Yes,Electronic check,87.65,360.81,Yes
CUST-01892,Male,0,No,No,18,No,No,No,Yes,Yes,No,Yes,No internet service,No,One year,No,Electronic check,55.03,909.21,Yes
CUST-01893,Female,0,No,No,17,Yes,Yes,DSL,No,No,Yes,No internet service,No internet service,No internet service,One year,Yes,Electronic check,80.1,1452.91,Yes
CUST-01894,Female,0,Yes,Yes,7,Yes,Yes,No,Yes,No,Yes,No internet service,No,Yes,Month-to-month,Yes,Bank transfer (automatic),56.33,431.15,No
CUST-01895,Male,0,Yes,No,67,Yes,No,DSL,Yes,No internet service,Yes,No,No,No,Month-to-month,Yes,Bank transfer (automatic),65.05,4105.01,No
CUST-01896,Female,0,No,Yes,41,Yes,No,DSL,Yes,Yes,Yes,No,No,No internet service,Month-to-month,Yes,Electronic check,31.83,1339.69,No
CUST-01897,Female,0,Yes,Yes,8,Yes,Yes,Fiber optic,No,Yes,No,No,No,No,Month-to-month,No,Bank transfer (automatic),46.09,390.99,No
CUST-01898,Male,0,No,Yes,5,Yes,Yes,DSL,Yes,Yes,No,Yes,No,No,Two year,Yes,Electronic check,75.46,381.41,Yes
CUST-01899,Male,1,No,Yes,3,Yes,No phone service,No,No,No,No,Yes,No internet service,Yes,Two year,No,Bank transfer (automatic),44.79,146.07,No
CUST-01900,Female,0,Yes,Yes,18,Yes,Yes,Fiber optic,Yes,Yes,No internet service,Yes,Yes,No,Month-to-month,Yes,Mailed check,75.99,1371.07,Yes
CUST-01901,Female,0,Yes,No,38,Yes,No,No,No,No,Yes,Yes,No,No,Month-to-month,Yes,Mailed check,30.13,1092.4,No
CUST-01902,Male,0,Yes,No,58,Yes,No phone service,DSL,Yes,Yes,No,Yes,No internet service,No,One year,Yes,Credit card (automatic),66.29,3822.98,No
CUST-01903,Female,1,No,No,8,Yes,No,DSL,Yes,Yes,Yes,Yes,Yes,No,Month-to-month,Yes,Mailed check,66.69,532.23,No
CUST-01904,Male,0,No,Yes,19,Yes,No,No,No internet service,Yes,No,No,Yes,No,Month-to-month,Yes,Mailed check,46.88,846.85,No
CUST-01905,Female,0,Yes,No,28,Yes,No,DSL,Yes,No,No,No,No,Yes,Month-to-month,No,Electronic check,52.37,1550.52,No
CUST-01906,Female,1,No,No,39,Yes,Yes,Fiber optic,Yes,Yes,Yes,No internet service,No,No internet service,Month-to-month,Yes,Bank transfer (automatic),29.21,1166.02,No
CUST-01907,Male,0,No,No,1,No,No,Fiber optic,No,Yes,No internet service,No internet service,No,No,Two year,Yes,Bank transfer (automatic),31.71,30.89,No
CUST-01908,Female,1,Yes,No,12,Yes,No,DSL,Yes,Yes,Yes,Yes,Yes,No internet service,Two year,No,Electronic check,99.05,1169.98,Yes
CUST-01909,Female,0,Yes,No,36,Yes,Yes,Fiber optic,Yes,No,No,Yes,Yes,No,Month-to-month,No,Bank transfer (automatic),33.48,1174.35,No
CUST-01910,Male,0,Yes,No,69,Yes,Yes,No,Yes,Yes,No internet service,Yes,No internet service,No,Month-to-month,No,Electronic check,68.39,4669.74,No
CUST-01911,Female,0,No,No,21,Yes,No,Fiber optic,No,Yes,No internet service,Yes,No,Yes,Month-to-month,No,Credit card (automatic),95.24,2011.28,Yes
CUST-01912,Male,0,Yes,No,36,Yes,Yes,DSL,No,Yes,No,No,Yes,Yes,Two year,No,Electronic check,23.39,813.57,No
CUST-01913,Female,0,No,Yes,6,Yes,No,No,No internet service,Yes,Yes,No internet service,Yes,Yes,One year,No,Credit card (automatic),41.47,264.65,No
CUST-01914,Male,0,No,No,5,Yes,Yes,No,Yes,Yes,No,No,Yes,Yes,One year,Yes,Bank transfer (automatic),97.99,531.93,Yes
CUST-01915,Female,0,No,No,19,Yes,No phone service,Fiber optic,No internet service,No,No,No,Yes,Yes,Month-to-month,Yes,Credit card (automatic),90.83,1733.64,Yes
CUST-01916,Male,0,No,No,26,Yes,No phone service,Fiber optic,Yes,No,No,No internet service,Yes,No,Two year,No,Mailed check,63.18,1712.12,No
CUST-01917,Male,1,Yes,Yes,33,Yes,No phone service,Fiber optic,Yes,No,No,Yes,No,Yes,Two year,Yes,Electronic check,25.63,918.62,No
CUST-01918,Female,0,No,Yes,21,Yes,No,Fiber optic,Yes,Yes,Yes,No,Yes,No,Month-to-month,Yes,Credit card (automatic),68.12,1342.38,Yes
CUST-01919,Male,0,Yes,No,21,Yes,Yes,DSL,No,No,Yes,Yes,No,No internet service,One year,No,Bank transfer (automatic),46.96,924.96,No
CUST-01920,Female,0,Yes,No,17,Yes,Yes,DSL,Yes,Yes,No internet service,No,No,Yes,One year,Yes,Bank transfer (automatic),49.49,769.41,No
CUST-01921,Female,1,No,Yes,5,Yes,Yes,DSL,Yes,No,No,Yes,Yes,Yes,Two year,Yes,Electronic check,86.57,427.84,Yes
CUST-01922,Male,1,Yes,No,51,Yes,No,DSL,No,No,No,Yes,No,No,Month-to-month,Yes,Mailed check,41.81,2060.3,No
CUST-01923,Female,1,No,No,15,Yes,Yes,DSL,Yes,No,Yes,Yes,No internet service,Yes,Month-to-month,Yes,Electronic check,63.52,964.34,No
CUST-01924,Male,0,Yes,Yes,15,Yes,No,DSL,No,No,Yes,No,Yes,Yes,Month-to-month,Yes,Credit card (automatic),72.07,1070.47,Yes
CUST-01925,Female,0,Yes,Yes,22,Yes,Yes,DSL,No,Yes,No,No,No internet service,Yes,Month-to-month,Yes,Bank transfer (automatic),80.1,1653.01,Yes
CUST-01926,Female,0,No,Yes,71,Yes,No,Fiber optic,Yes,No,No,No internet service,Yes,No internet service,Two year,Yes,Mailed check,31.33,2176.02,No
CUST-01927,Female,0,Yes,No,62,Yes,No,DSL,No internet service,No,Yes,Yes,No,No,Month-to-month,No,Electronic check,58.12,3263.92,No
CUST-01928,Male,0,No,Yes,14,Yes,No,No,Yes,No,No internet service,Yes,No,No internet service,Month-to-month,Yes,Credit card (automatic),87.84,1238.95,Yes
CUST-01929,Male,0,No,Yes,29,Yes,Yes,Fiber optic,Yes,No,No internet service,Yes,No,Yes,One year,No,Bank transfer (automatic),87.9,2432.38,Yes
CUST-01930,Male,0,Yes,No,32,Yes,No,No,No,No internet service,Yes,No internet service,No,Yes,Two year,Yes,Bank transfer (automatic),71.15,2100.28,No
CUST-01931,Female,0,Yes,No,35,No,Yes,DSL,No internet service,No internet service,No,No,Yes,No,Month-to-month,No,Bank transfer (automatic),69.17,2210.74,No
CUST-01932,Female,0,Yes,No,22,Yes,No phone service,DSL,No,No internet service,Yes,Yes,No internet service,No internet service,Month-to-month,No,Electronic check,86.07,1974.75,Yes
CUST-01933,Male,0,No,No,4,Yes,No,No,No internet service,Yes,Yes,No internet service,No internet service,No,One year,No,Mailed check,65.74,249.67,Yes
CUST-01934,Male,0,Yes,No,43,Yes,Yes,Fiber optic,Yes,No,Yes,No internet service,No,Yes,Month-to-month,Yes,Bank transfer (automatic),41.0,1818.99,No
CUST-01935,Female,0,No,No,3,Yes,Yes,Fiber optic,Yes,No,Yes,Yes,No,No internet service,Month-to-month,Yes,Mailed check,26.88,85.73,No
CUST-01936,Male,0,No,Yes,20,Yes,No,No,No,Yes,No,Yes,Yes,No internet service,Month-to-month,Yes,Credit card (automatic),65.5,1310.0,No
CUST-01937,Male,0,Yes,Yes,21,Yes,Yes,Fiber optic,No,No internet service,Yes,No,Yes,No,Two year,Yes,Mailed check,50.24,977.61,No
CUST-01938,Male,0,Yes,No,4,No,Yes,No,Yes,No,Yes,Yes,No,No internet service,Two year,Yes,Credit card (automatic),68.71,281.14,Yes
CUST-01939,Male,0,No,No,64,Yes,No,Fiber optic,No,No,Yes,Yes,Yes,No internet service,Month-to-month,Yes,Electronic check,63.5,3715.8,No
CUST-01940,Male,0,No,Yes,50,Yes,No phone service,Fiber optic,No,No internet service,No,No,No,No,Month-to-month,No,Credit card (automatic),37.57,1997.65,No
CUST-01941,Female,0,Yes,Yes,31,Yes,No,DSL,Yes,No,No internet service,No,No internet service,Yes,Month-to-month,Yes,Credit card (automatic),72.29,2358.21,No
CUST-01942,Female,0,Yes,No,22,Yes,No,DSL,Yes,No internet service,Yes,Yes,No,No internet service,One year,No,Electronic check,92.26,1989.97,Yes
CUST-01943,Male,0,Yes,No,37,Yes,No phone service,DSL,No,No,Yes,Yes,No,No internet service,One year,Yes,Mailed check,40.79,1439.53,No
CUST-01944,Female,0,Yes,Yes,11,Yes,Yes,DSL,No,Yes,Yes,Yes,Yes,Yes,Two year,No,Mailed check,52.39,600.44,No
CUST-01945,Male,0,Yes,No,27,Yes,Yes,No,No,Yes,No internet service,No,No,Yes,Two year,Yes,Mailed check,91.67,2508.36,Yes
CUST-01946,Female,0,No,Yes,6,Yes,No,DSL,No internet service,No internet service,No internet service,No,No,No,Month-to-month,No,Electronic check,67.44,375.92,Yes
CUST-01947,Female,0,No,Yes,6,Yes,No,No,Yes,No,No,No,No,No,Two year,Yes,Credit card (automatic),99.68,629.08,Yes
CUST-01948,Male,0,Yes,Yes,9,Yes,No,No,No,Yes,Yes,No,No,No,Month-to-month,Yes,Bank transfer (automatic),73.81,642.23,No
CUST-01949,Male,0,Yes,Yes,11,No,No,Fiber optic,No internet service,No,No,Yes,No,No internet service,Two year,No,Mailed check,74.36,882.39,Yes
CUST-01950,Female,0,Yes,No,45,Yes,Yes,Fiber optic,No,No,Yes,No,Yes,No internet service,Month-to-month,Yes,Mailed check,52.15,2501.39,No
CUST-01951,Female,0,Yes,No,3,No,No phone service,No,No,Yes,Yes,Yes,No,No internet service,Month-to-month,No,Electronic check,63.8,182.82,No
CUST-01952,Female,0,Yes,Yes,8,Yes,No phone service,Fiber optic,No,No,No,No,No,Yes,Two year,Yes,Credit card (automatic),54.33,413.36,No
CUST-01953,Male,1,No,No,47,Yes,Yes,No,Yes,No,No,Yes,No,Yes,Month-to-month,No,Electronic check,25.49,1173.56,No
CUST-01954,Male,1,No,No,11,Yes,No,Fiber optic,No,No,No internet service,Yes,Yes,Yes,Two year,No,Electronic check,77.15,900.33,No
CUST-01955,Male,0,No,No,5,Yes,Yes,Fiber optic,Yes,No internet service,Yes,No,No internet service,No,Two year,No,Electronic check,47.4,219.49,No
CUST-01956,Male,0,No,Yes,2,Yes,No,Fiber optic,No internet service,No internet service,No,No internet service,No internet service,No,Two year,No,Mailed check,73.64,141.86,No
CUST-01957,Male,0,No,Yes,51,Yes,Yes,DSL,Yes,No,No,Yes,No,No,Month-to-month,Yes,Electronic check,59.34,3122.64,No
CUST-01958,Male,0,Yes,No,26,Yes,No,Fiber optic,No,No internet service,No internet service,Yes,Yes,No,One year,Yes,Electronic check,26.31,620.24,No
CUST-01959,Male,0,No,Yes,21,No,Yes,DSL,No,Yes,No internet service,No,No,No,Two year,Yes,Mailed check,45.02,861.45,No
CUST-01960,Female,0,No,Yes,46,Yes,No,Fiber optic,No,No internet service,Yes,No,No,Yes,Month-to-month,No,Electronic check,31.75,1537.08,No
CUST-01961,Male,1,Yes,No,13,Yes,No,No,No,No internet service,No,No,No,No,Month-to-month,Yes,Bank transfer (automatic),30.19,394.22,No
CUST-01962,Female,0,Yes,No,38,Yes,No,DSL,No,Yes,No internet service,No,No,No internet service,Two year,Yes,Electronic check,62.91,2418.12,No
CUST-01963,Male,1,No,No,35,Yes,No,Fiber optic,No internet service,No internet service,No,No,No,No,One year,No,Mailed check,21.8,724.68,No
CUST-01964,Male,1,No,No,48,Yes,No,Fiber optic,No,No,Yes,Yes,No,Yes,Month-to-month,No,Credit card (automatic),77.97,3766.35,No
CUST-01965,Male,0,Yes,Yes,45,Yes,No phone service,DSL,No,No,No,No,No,No,One year,Yes,Credit card (automatic),47.0,2134.04,No
CUST-01966,Male,0,No,Yes,48,Yes,No phone service,DSL,Yes,Yes,No,Yes,No,Yes,Month-to-month,No,Electronic check,49.39,2329.84,No
CUST-01967,Male,0,No,No,13,Yes,Yes,DSL,No internet service,No internet service,No,No,No,Yes,Two year,Yes,Bank transfer (automatic),98.21,1395.32,Yes
CUST-01968,Male,0,Yes,Yes,10,Yes,Yes,DSL,No,No internet service,No internet service,Yes,No,No,One year,Yes,Mailed check,25.14,228.74,No
CUST-01969,Female,1,No,No,38,Yes,Yes,DSL,No,No internet service,No,No,Yes,No,Month-to-month,No,Electronic check,55.29,2065.27,No
CUST-01970,Male,1,No,No,5,Yes,Yes,Fiber optic,No internet service,Yes,No,No internet service,No,Yes,Month-to-month,No,Bank transfer (automatic),40.69,218.0,No
CUST-01971,Male,0,Yes,No,33,No,No,No,No,Yes,No,No internet service,No,Yes,One year,No,Credit card (automatic),57.44,1784.17,No
CUST-01972,Male,0,Yes,No,45,Yes,No,Fiber optic,No,No,No,No internet service,No internet service,No,Two year,Yes,Credit card (automatic),53.35,2609.61,No
CUST-01973,Male,0,Yes,No,59,Yes,Yes,DSL,No,No internet service,No,Yes,No,No internet service,Month-to-month,No,Electronic check,33.01,1918.57,No
CUST-01974,Male,0,Yes,Yes,47,Yes,No,DSL,Yes,Yes,No,No,Yes,Yes,Month-to-month,Yes,Electronic check,47.7,2087.93,No
CUST-01975,Male,0,Yes,Yes,29,Yes,Yes,DSL,No,Yes,Yes,Yes,Yes,No,Month-to-month,No,Electronic check,75.77,2018.51,Yes
CUST-01976,Female,0,No,Yes,23,Yes,No phone service,Fiber optic,No,No,No internet service,No,No,No internet service,Two year,Yes,Bank transfer (automatic),72.77,1615.82,Yes
CUST-01977,Female,0,Yes,Yes,32,Yes,Yes,Fiber optic,No,No internet service,No internet service,No,No,No,Month-to-month,No,Electronic check,66.18,2295.53,No
CUST-01978,Female,0,No,No,18,Yes,Yes,DSL,Yes,No internet service,Yes,No,No,No,Month-to-month,Yes,Electronic check,20.71,405.52,No
CUST-01979,Male,0,No,No,48,Yes,No,Fiber optic,No,No internet service,Yes,Yes,No,Yes,Two year,Yes,Credit card (automatic),36.13,1756.18,No
CUST-01980,Female,0,Yes,Yes,24,Yes,Yes,DSL,No,No,No,No,Yes,No,One year,No,Credit card (automatic),81.07,1797.1,Yes
CUST-01981,Female,0,No,No,12,Yes,No phone service,Fiber optic,No,No internet service,No internet service,No internet service,No internet service,No,Two year,Yes,Bank transfer (automatic),77.49,921.81,Yes
CUST-01982,Female,0,Yes,Yes,6,Yes,No,DSL,Yes,No internet service,Yes,No,Yes,No,Two year,No,Bank transfer (automatic),76.41,450.92,No
CUST-01983,Male,0,No,No,1,Yes,Yes,No,No,No internet service,No internet service,No,Yes,Yes,Month-to-month,Yes,Electronic check,70.62,66.82,No
CUST-01984,Male,0,No,Yes,10,Yes,Yes,Fiber optic,Yes,No,No internet service,No,No,No,Two year,Yes,Electronic check,71.93,658.31,Yes
CUST-01985,Female,1,No,No,48,Yes,No,Fiber optic,No,Yes,No internet service,No,Yes,Yes,Two year,Yes,Electronic check,50.84,2382.52,No
CUST-01986,Female,0,No,Yes,9,Yes,No phone service,DSL,No internet service,No,No,No,Yes,No,Month-to-month,Yes,Electronic check,45.73,401.02,No
CUST-01987,Male,0,No,Yes,15,Yes,No,DSL,No,Yes,No internet service,Yes,Yes,No internet service,One year,No,Electronic check,55.36,864.28,Yes
CUST-01988,Male,0,No,No,47,Yes,No,Fiber optic,No,No,Yes,No,Yes,No,One year,No,Mailed check,69.3,3188.2,No
CUST-01989,Female,1,Yes,No,29,Yes,Yes,Fiber optic,No internet service,No,No internet service,No internet service,No,Yes,Month-to-month,No,Electronic check,45.84,1199.92,No
CUST-01990,Female,0,Yes,No,30,Yes,Yes,Fiber optic,No internet service,No internet service,No,No internet service,No,No,Month-to-month,No,Bank transfer (automatic),39.26,1064.74,No
CUST-01991,Male,0,Yes,No,16,Yes,No,DSL,Yes,No,No,Yes,Yes,No,Month-to-month,No,Electronic check,77.26,1282.52,Yes
CUST-01992,Female,1,No,Yes,51,Yes,No phone service,DSL,No,Yes,No internet service,Yes,No internet service,No,Two year,No,Credit card (automatic),65.25,3434.76,No
CUST-01993,Female,0,Yes,No,53,Yes,Yes,Fiber optic,No,No,No,No,No,No,Month-to-month,No,Bank transfer (automatic),51.38,2538.16,No
CUST-01994,Male,0,Yes,Yes,4,Yes,Yes,No,Yes,Yes,No internet service,No,No,No internet service,Two year,Yes,Mailed check,28.97,124.37,No
CUST-01995,Male,0,Yes,Yes,7,Yes,No,Fiber optic,No,Yes,Yes,No internet service,No internet service,Yes,Month-to-month,No,Electronic check,75.3,544.24,No
CUST-01996,Male,0,Yes,No,40,Yes,Yes,No,No,Yes,No,No,Yes,No,Two year,Yes,Mailed check,26.77,996.71,No
CUST-01997,Female,0,No,No,43,Yes,Yes,No,No internet service,No,No,No,Yes,No,Two year,No,Mailed check,78.17,3218.53,No
CUST-01998,Male,0,Yes,No,11,Yes,No,DSL,No internet service,Yes,No,No internet service,No,Yes,Two year,No,Electronic check,66.73,803.57,Yes
CUST-01999,Male,1,Yes,No,12,Yes,Yes,No,Yes,No,No,No,Yes,Yes,Month-to-month,Yes,Credit card (automatic),76.8,904.6,No
CUST-02000,Female,0,No,No,28,Yes,Yes,Fiber optic,No,No,No,Yes,No internet service,No internet service,Month-to-month,Yes,Electronic check,78.81,2090.51,Yes
CUST-02001,Female,1,Yes,No,33,Yes,Yes,DSL,No internet service,No,No internet service,No,Yes,No internet service,Two year,No,Electronic check,44.38,1471.61,No
CUST-02002,Male,0,Yes,No,20,Yes,Yes,Fiber optic,No,Yes,Yes,Yes,Yes,No,Month-to-month,Yes,Credit card (automatic),65.88,1240.01,Yes
CUST-02003,Female,0,No,Yes,44,Yes,Yes,Fiber optic,No internet service,Yes,No,Yes,No,No internet service,Two year,Yes,Electronic check,25.39,1182.34,No
CUST-02004,Female,0,Yes,No,7,Yes,Yes,DSL,No,No,No,No,Yes,Yes,Month-to-month,Yes,Mailed check,99.62,738.39,Yes
CUST-02005,Male,0,No,No,17,Yes,No,DSL,No,Yes,No,No,No,Yes,Month-to-month,Yes,Credit card (automatic),41.36,745.43,No
CUST-02006,Male,0,Yes,No,51,Yes,Yes,Fiber optic,No,No,No,No,No,No internet service,One year,Yes,Electronic check,56.59,2953.78,No
CUST-02007,Female,1,Yes,No,16,Yes,Yes,DSL,No internet service,No,Yes,No internet service,Yes,Yes,Month-to-month,Yes,Credit card (automatic),20.56,341.73,No
CUST-02008,Female,0,No,No,5,Yes,Yes,No,No,No,Yes,No,Yes,No,One year,No,Mailed check,50.91,245.46,No
CUST-02009,Female,0,No,No,19,Yes,No,No,No,No,Yes,No,No,Yes,One year,No,Electronic check,72.3,1477.8,Yes
CUST-02010,Male,0,No,No,16,Yes,No phone service,Fiber optic,No,No internet service,No,No internet service,No,Yes,Month-to-month,Yes,Mailed check,71.51,1062.73,No
CUST-02011,Female,0,No,No,37,Yes,No,Fiber optic,No,No,No,Yes,No,No internet service,Two year,Yes,Mailed check,33.95,1194.47,No
CUST-02012,Male,0,Yes,Yes,59,Yes,No,No,No,Yes,No,No internet service,No,No,One year,No,Mailed check,51.68,3349.57,No
CUST-02013,Male,0,Yes,No,5,Yes,Yes,DSL,No internet service,Yes,Yes,No,No internet service,Yes,Month-to-month,No,Mailed check,77.31,422.14,Yes
CUST-02014,Female,0,No,Yes,58,Yes,No,No,No,No internet service,Yes,No,Yes,No,Two year,No,Electronic check,35.8,2079.56,No
CUST-02015,Male,0,Yes,Yes,12,Yes,No,Fiber optic,No,No internet service,No,Yes,No,No internet service,Month-to-month,Yes,Electronic check,73.15,877.64,Yes
CUST-02016,Male,0,Yes,No,25,Yes,Yes,No,Yes,No,Yes,No internet service,No,Yes,Two year,Yes,Mailed check,57.84,1335.18,Yes
CUST-02017,Female,0,Yes,No,10,Yes,Yes,DSL,No internet service,No internet service,Yes,No,Yes,No,Month-to-month,No,Electronic check,93.64,966.3,Yes
CUST-02018,Female,1,Yes,No,28,Yes,Yes,Fiber optic,No,No,Yes,No,Yes,No,Month-to-month,Yes,Credit card (automatic),56.05,1422.2,Yes
CUST-02019,Male,0,No,Yes,15,No,Yes,No,No internet service,Yes,Yes,Yes,No,Yes,Month-to-month,Yes,Electronic check,43.03,621.48,No
CUST-02020,Male,0,Yes,Yes,9,Yes,Yes,Fiber optic,No internet service,No,No internet service,No internet service,Yes,No internet service,Month-to-month,Yes,Electronic check,67.29,595.73,Yes
CUST-02021,Female,1,No,No,64,Yes,Yes,DSL,No,No,Yes,No,No,Yes,Month-to-month,Yes,Credit card (automatic),25.35,1750.24,No
CUST-02022,Female,0,Yes,No,55,Yes,No,DSL,Yes,No,Yes,Yes,No internet service,No internet service,Month-to-month,Yes,Mailed check,28.86,1736.01,No
CUST-02023,Male,0,Yes,No,7,Yes,Yes,Fiber optic,No,No internet service,Yes,Yes,No,Yes,Month-to-month,No,Mailed check,73.0,559.44,Yes
CUST-02024,Male,0,No,Yes,1,Yes,No,DSL,Yes,No,No internet service,No internet service,Yes,No,Month-to-month,Yes,Mailed check,79.61,84.37,Yes
CUST-02025,Female,1,No,Yes,54,No,Yes,No,No,No,No internet service,Yes,Yes,Yes,Month-to-month,Yes,Credit card (automatic),70.7,3657.45,No
CUST-02026,Female,0,No,No,52,Yes,Yes,Fiber optic,No internet service,No internet service,No,No internet service,No,No internet service,One year,Yes,Mailed check,65.09,3076.91,No
CUST-02027,Female,1,Yes,Yes,33,Yes,Yes,Fiber optic,No,No internet service,No,Yes,Yes,No,Month-to-month,Yes,Electronic check,52.18,1696.32,No
CUST-02028,Male,1,Yes,No,7,Yes,Yes,DSL,No,No,No internet service,No,Yes,Yes,Two year,No,Electronic check,45.96,308.68,No
CUST-02029,Male,1,No,No,8,Yes,Yes,DSL,Yes,Yes,Yes,Yes,Yes,No,Two year,No,Electronic check,69.86,576.23,No
CUST-02030,Male,0,No,Yes,3,Yes,Yes,No,No,No internet service,No,No,No internet service,No,Two year,No,Credit card (automatic),68.06,198.91,Yes
CUST-02031,Female,0,Yes,No,21,Yes,No phone service,Fiber optic,No internet service,No,Yes,Yes,No internet service,No,Month-to-month,No,Credit card (automatic),73.24,1658.24,No
CUST-02032,Female,1,No,No,13,Yes,No,Fiber optic,No,No,Yes,No internet service,Yes,No internet service,Two year,No,Electronic check,98.09,1243.04,Yes
CUST-02033,Female,0,No,No,68,Yes,Yes,No,No,No internet service,No,Yes,Yes,No internet service,Month-to-month,No,Electronic check,75.4,5002.09,No
CUST-02034,Female,0,Yes,No,36,Yes,Yes,DSL,No,No,Yes,No,No internet service,No,Month-to-month,No,Mailed check,28.33,1072.73,No
CUST-02035,Male,0,Yes,Yes,15,Yes,No,DSL,No,Yes,Yes,No internet service,No,Yes,Month-to-month,No,Bank transfer (automatic),68.73,1049.51,No
CUST-02036,Female,0,No,No,35,Yes,No,Fiber optic,Yes,Yes,Yes,No,No,No,One year,Yes,Electronic check,21.08,701.69,No
CUST-02037,Male,0,Yes,Yes,24,Yes,No,Fiber optic,Yes,No internet service,No internet service,No internet service,No,No,Month-to-month,Yes,Credit card (automatic),81.88,2034.56,Yes
CUST-02038,Male,1,No,No,13,Yes,Yes,DSL,No internet service,No internet service,No,No,No,No,Two year,No,Electronic check,55.04,724.53,No
CUST-02039,Male,0,Yes,Yes,58,Yes,Yes,Fiber optic,No,No,No internet service,Yes,Yes,No,Month-to-month,No,Bank transfer (automatic),21.14,1129.03,No
CUST-02040,Male,0,No,No,25,Yes,No phone service,Fiber optic,Yes,No internet service,No,No,No internet service,No,Month-to-month,Yes,Bank transfer (automatic),66.45,1650.37,No
CUST-02041,Male,0,No,Yes,49,Yes,No,DSL,No,No internet service,Yes,Yes,No internet service,No,One year,Yes,Bank transfer (automatic),26.09,1385.47,No
CUST-02042,Female,0,Yes,Yes,52,Yes,No phone service,Fiber optic,No,No internet service,No,No,Yes,Yes,Month-to-month,No,Credit card (automatic),52.39,2567.25,No
CUST-02043,Male,0,Yes,Yes,40,Yes,No,Fiber optic,No internet service,No internet service,No,No internet service,Yes,Yes,Month-to-month,No,Electronic check,39.92,1569.53,No
CUST-02044,Female,0,Yes,No,39,Yes,No,Fiber optic,Yes,No internet service,Yes,Yes,No,Yes,Month-to-month,No,Bank transfer (automatic),65.55,2441.9,No
CUST-02045,Male,0,Yes,Yes,13,Yes,Yes,Fiber optic,Yes,No,Yes,Yes,No internet service,Yes,Month-to-month,Yes,Bank transfer (automatic),71.19,932.3,No
CUST-02046,Male,1,No,No,4,Yes,Yes,Fiber optic,Yes,No,Yes,Yes,No,Yes,Month-to-month,Yes,Credit card (automatic),92.68,405.95,Yes
CUST-02047,Male,1,Yes,No,54,Yes,No phone service,Fiber optic,Yes,No internet service,No internet service,No,No internet service,No internet service,Month-to-month,No,Mailed check,65.48,3401.45,No
CUST-02048,Female,0,No,No,2,Yes,No,Fiber optic,Yes,No internet service,No,No,No,No,Month-to-month,Yes,Mailed check,96.12,205.04,Yes
CUST-02049,Male,0,Yes,No,17,Yes,Yes,DSL,No internet service,No,No,Yes,No,No,One year,No,Credit card (automatic),61.35,1113.52,No
CUST-02050,Female,0,No,Yes,50,Yes,No,DSL,No internet service,Yes,No internet service,No,No,Yes,One year,Yes,Credit card (automatic),39.32,1871.4,No
CUST-02051,Male,0,No,Yes,70,Yes,No,DSL,No,Yes,No,No,No internet service,No internet service,Month-to-month,No,Credit card (automatic),47.8,3528.43,No
CUST-02052,Female,0,No,No,28,Yes,No,No,No,Yes,No,No,No,Yes,Month-to-month,Yes,Credit card (automatic),33.8,1038.79,No
CUST-02053,Male,1,No,No,59,Yes,Yes,Fiber optic,No,Yes,No,No internet service,No internet service,No internet service,Month-to-month,Yes,Credit card (automatic),47.5,3056.98,No
CUST-02054,Male,0,No,No,13,Yes,No,Fiber optic,No,No,Yes,Yes,No,No,Two year,Yes,Electronic check,34.75,461.3,No
CUST-02055,Female,1,No,Yes,3,Yes,Yes,Fiber optic,No internet service,No,Yes,No,Yes,Yes,Month-to-month,Yes,Electronic check,73.18,204.25,Yes
CUST-02056,Female,0,Yes,No,28,Yes,Yes,Fiber optic,No internet service,No,Yes,No,Yes,Yes,Two year,No,Credit card (automatic),90.11,2330.99,Yes
CUST-02057,Male,1,No,No,32,Yes,No,Fiber optic,No,Yes,Yes,No,Yes,No,Two year,No,Bank transfer (automatic),57.99,1769.14,No
CUST-02058,Female,0,Yes,No,36,Yes,Yes,Fiber optic,No internet service,No,Yes,No,No,Yes,Month-to-month,No,Credit card (automatic),26.62,977.74,No
CUST-02059,Male,1,No,No,12,Yes,Yes,DSL,Yes,Yes,Yes,No internet service,Yes,Yes,Month-to-month,Yes,Mailed check,20.09,235.59,No
CUST-02060,Male,0,Yes,No,38,Yes,Yes,DSL,Yes,No,No,Yes,Yes,No internet service,One year,No,Bank transfer (automatic),67.35,2661.17,No
CUST-02061,Female,0,No,No,42,No,No,Fiber optic,No,No internet service,Yes,No,No internet service,Yes,One year,Yes,Bank transfer (automatic),52.54,2333.69,No
CUST-02062,Male,0,Yes,No,70,Yes,No,Fiber optic,No,No internet service,Yes,No internet service,No internet service,Yes,Month-to-month,Yes,Mailed check,75.89,4972.76,No
CUST-02063,Female,0,No,No,15,Yes,Yes,DSL,Yes,Yes,No,No internet service,Yes,No,One year,Yes,Mailed check,52.23,846.96,No
CUST-02064,Male,1,Yes,No,25,Yes,No,DSL,No internet service,No,Yes,No,No,Yes,Month-to-month,No,Mailed check,86.58,1974.27,Yes
CUST-02065,Female,1,No,Yes,11,Yes,Yes,Fiber optic,No,Yes,No,No,No,No,Two year,Yes,Bank transfer (automatic),59.59,624.67,Yes
CUST-02066,Male,0,Yes,Yes,1,Yes,Yes,DSL,No,No,No,Yes,Yes,No internet service,Two year,No,Electronic check,71.51,76.01,Yes
CUST-02067,Female,0,Yes,No,22,Yes,Yes,Fiber optic,No internet service,No,Yes,No,No,No,Month-to-month,Yes,Electronic check,79.87,1645.99,Yes
CUST-02068,Male,1,Yes,No,20,Yes,Yes,Fiber optic,No,Yes,Yes,No,No,No,Month-to-month,Yes,Mailed check,88.96,1679.61,Yes
CUST-02069,Female,0,No,No,63,Yes,Yes,Fiber optic,No,No,Yes,No,No internet service,No,Month-to-month,Yes,Credit card (automatic),32.75,2259.53,No
CUST-02070,Male,0,No,No,2,Yes,Yes,No,No,No,No,No,No,No,Two year,No,Credit card (automatic),89.99,194.82,Yes
CUST-02071,Female,0,Yes,Yes,31,Yes,No,No,No,No,No,Yes,No internet service,No internet service,Two year,Yes,Bank transfer (automatic),21.88,720.71,No
CUST-02072,Female,0,Yes,No,2,Yes,No,DSL,No,Yes,No,Yes,Yes,Yes,One year,Yes,Electronic check,66.93,125.13,Yes
CUST-02073,Male,0,No,No,21,Yes,No,DSL,No internet service,Yes,No internet service,No,Yes,No internet service,Two year,Yes,Electronic check,63.9,1276.18,No
CUST-02074,Male,0,Yes,No,4,Yes,No,Fiber optic,No,No internet service,No internet service,Yes,No internet service,No,Month-to-month,Yes,Electronic check,33.83,128.15,No
CUST-02075,Female,0,Yes,No,11,Yes,No,Fiber optic,Yes,No,No internet service,No,Yes,No,Month-to-month,No,Electronic check,67.55,696.85,No
CUST-02076,Female,0,No,Yes,32,Yes,Yes,Fiber optic,No,No,Yes,No,Yes,No internet service,Month-to-month,No,Mailed check,65.72,2300.91,No
CUST-02077,Female,0,Yes,No,10,Yes,Yes,No,Yes,No,No,No,No internet service,Yes,Month-to-month,Yes,Mailed check,44.59,416.12,No
CUST-02078,Male,1,Yes,No,22,Yes,No,Fiber optic,No,No internet service,Yes,No,Yes,Yes,Month-to-month,No,Electronic check,91.78,2118.79,Yes
CUST-02079,Female,0,No,No,50,Yes,Yes,Fiber optic,No,No,No,No internet service,No,No internet service,Month-to-month,Yes,Electronic check,36.81,1675.23,No
CUST-02080,Female,1,No,Yes,6,Yes,Yes,DSL,Yes,No,No,No,Yes,No internet service,Month-to-month,No,Bank transfer (automatic),29.93,181.15,No
CUST-02081,Male,0,Yes,No,11,Yes,Yes,No,No internet service,No,No internet service,Yes,Yes,No internet service,Two year,Yes,Electronic check,77.53,779.63,No
CUST-02082,Female,0,No,No,43,Yes,Yes,Fiber optic,No,No,No,No,No internet service,No,One year,Yes,Mailed check,69.06,2709.3,No
CUST-02083,Female,0,Yes,No,66,Yes,Yes,DSL,No,No,No internet service,No,No,Yes,Month-to-month,No,Electronic check,24.7,1542.25,No
CUST-02084,Male,1,Yes,No,1,Yes,Yes,Fiber optic,No,No,Yes,Yes,No internet service,No internet service,Month-to-month,Yes,Electronic check,69.35,75.25,Yes
CUST-02085,Male,0,No,No,3,Yes,Yes,DSL,No,Yes,Yes,Yes,No,No,Month-to-month,Yes,Bank transfer (automatic),36.01,111.03,No
CUST-02086,Female,0,Yes,No,12,Yes,No,Fiber optic,Yes,Yes,No,Yes,No internet service,No internet service,Month-to-month,Yes,Credit card (automatic),21.93,271.13,No
CUST-02087,Female,0,No,No,53,Yes,No,DSL,No,Yes,No,No internet service,Yes,No,Month-to-month,No,Electronic check,39.34,2000.64,No
CUST-02088,Female,0,Yes,No,53,No,Yes,Fiber optic,No internet service,Yes,Yes,Yes,No,No internet service,Two year,No,Mailed check,27.66,1531.54,No
CUST-02089,Female,1,Yes,No,28,Yes,Yes,DSL,No internet service,Yes,Yes,No,Yes,Yes,Two year,Yes,Credit card (automatic),33.36,968.0,No
CUST-02090,Female,0,No,No,68,Yes,Yes,DSL,Yes,No internet service,No internet service,No internet service,Yes,Yes,Month-to-month,No,Credit card (automatic),39.59,2671.49,No
CUST-02091,Female,0,No,No,64,Yes,Yes,Fiber optic,No,No,No,No,No,Yes,Two year,No,Electronic check,44.53,2954.0,No
CUST-02092,Female,0,No,No,53,Yes,No,Fiber optic,Yes,No,No,No,Yes,No,Month-to-month,Yes,Bank transfer (automatic),48.11,2737.06,No
CUST-02093,Male,0,No,No,54,Yes,No,Fiber optic,No internet service,Yes,Yes,No,No,Yes,Two year,Yes,Electronic check,51.21,3019.96,No
CUST-02094,Female,1,Yes,No,56,Yes,Yes,DSL,No internet service,No,Yes,No internet service,Yes,Yes,Two year,Yes,Electronic check,42.2,2597.91,No
CUST-02095,Male,0,Yes,No,25,Yes,Yes,Fiber optic,No,No internet service,No,Yes,Yes,Yes,Two year,No,Credit card (automatic),95.52,2382.42,Yes
CUST-02096,Female,1,Yes,Yes,50,Yes,No,Fiber optic,No,No,Yes,No,No,Yes,Month-to-month,No,Credit card (automatic),45.07,2042.91,No
CUST-02097,Female,0,No,No,67,Yes,No phone service,Fiber optic,Yes,No,No,No,No internet service,No internet service,One year,Yes,Credit card (automatic),77.87,4934.7,No
CUST-02098,Male,0,No,No,16,No,Yes,DSL,No,No internet service,Yes,No,No internet service,Yes,Two year,Yes,Electronic check,24.06,361.62,No
CUST-02099,Female,0,No,Yes,2,Yes,No phone service,Fiber optic,Yes,No,Yes,Yes,Yes,No,Two year,Yes,Mailed check,55.16,105.92,No
CUST-02100,Male,0,No,No,26,Yes,Yes,DSL,Yes,No internet service,No,No,No internet service,No,Two year,Yes,Electronic check,31.62,799.18,No
CUST-02101,Male,0,No,No,20,Yes,No,DSL,No,Yes,No,Yes,Yes,Yes,Two year,No,Mailed check,42.53,879.3,No
CUST-02102,Female,0,Yes,No,68,No,Yes,No,No internet service,No internet service,No internet service,No,Yes,No,Month-to-month,Yes,Credit card (automatic),52.79,3608.16,No
CUST-02103,Female,0,No,No,32,No,No,DSL,Yes,Yes,Yes,No internet service,Yes,Yes,Month-to-month,Yes,Bank transfer (automatic),65.59,2161.74,No
CUST-02104,Male,0,No,No,47,Yes,Yes,Fiber optic,No,No,No,Yes,Yes,Yes,Month-to-month,Yes,Credit card (automatic),78.66,4045.9,No
CUST-02105,Female,0,Yes,Yes,70,Yes,No,Fiber optic,No,Yes,No internet service,No,No internet service,Yes,Month-to-month,Yes,Credit card (automatic),49.62,3160.15,No
CUST-02106,Female,0,No,No,57,Yes,No,DSL,No,No internet service,No,No,No internet service,No internet service,One year,No,Mailed check,35.42,1822.86,No
CUST-02107,Male,0,No,Yes,54,Yes,No,Fiber optic,Yes,Yes,No,No,No,No internet service,Month-to-month,No,Bank transfer (automatic),67.49,3765.1,No
CUST-02108,Male,0,Yes,No,69,Yes,No,DSL,No,No,No internet service,No internet service,No,Yes,Month-to-month,Yes,Credit card (automatic),33.29,2318.26,No
CUST-02109,Male,0,Yes,Yes,3,Yes,Yes,No,Yes,No,Yes,No,Yes,No internet service,Month-to-month,No,Electronic check,57.2,171.01,Yes
CUST-02110,Male,1,No,No,17,Yes,Yes,DSL,No,Yes,No internet service,No,Yes,Yes,Month-to-month,No,Mailed check,70.8,1288.65,No
CUST-02111,Female,0,Yes,Yes,52,Yes,Yes,Fiber optic,No internet service,No,No internet service,Yes,No,No,Month-to-month,Yes,Electronic check,44.23,2143.05,No
CUST-02112,Female,0,No,Yes,23,No,Yes,No,No,No internet service,Yes,No,Yes,Yes,Two year,Yes,Bank transfer (automatic),53.42,1246.75,No
CUST-02113,Female,0,Yes,No,8,Yes,No,DSL,No,No,Yes,No,No,No,Two year,Yes,Electronic check,58.9,511.9,Yes
CUST-02114,Male,0,Yes,No,6,Yes,No phone service,Fiber optic,Yes,Yes,No internet service,Yes,No internet service,Yes,Month-to-month,Yes,Electronic check,67.06,398.0,Yes
CUST-02115,Female,0,No,No,23,Yes,No,Fiber optic,No,No internet service,Yes,No internet service,Yes,Yes,Month-to-month,No,Bank transfer (automatic),79.18,1850.25,No
CUST-02116,Female,0,No,No,2,Yes,No,No,Yes,No,Yes,No,No,No internet service,Month-to-month,Yes,Credit card (automatic),30.73,56.17,No
CUST-02117,Female,0,Yes,Yes,71,Yes,No,Fiber optic,No internet service,Yes,No,No internet service,No,No internet service,Month-to-month,No,Mailed check,40.13,2763.29,No
CUST-02118,Female,0,No,Yes,3,Yes,No,DSL,No,No internet service,No,No,No,Yes,Month-to-month,No,Credit card (automatic),84.79,231.04,Yes
CUST-02119,Male,0,No,Yes,23,Yes,No phone service,No,No,No,No internet service,No,Yes,No,Month-to-month,Yes,Mailed check,88.07,2054.93,Yes
CUST-02120,Male,1,No,Yes,14,Yes,No,Fiber optic,Yes,No,No,No,No,Yes,Month-to-month,Yes,Electronic check,55.61,792.63,Yes
CUST-02121,Female,0,Yes,Yes,46,Yes,No,Fiber optic,No,Yes,No internet service,No,No,Yes,Two year,Yes,Mailed check,31.81,1595.2,No
CUST-02122,Female,0,No,No,44,Yes,No,Fiber optic,Yes,No internet service,Yes,Yes,Yes,Yes,Month-to-month,Yes,Mailed check,49.61,2243.26,No
CUST-02123,Female,0,Yes,No,57,Yes,No,Fiber optic,No,Yes,No,No,No,Yes,Two year,No,Mailed check,46.33,2378.3,No
CUST-02124,Female,0,No,No,21,Yes,No,No,Yes,No,Yes,Yes,No internet service,Yes,Two year,Yes,Mailed check,67.89,1520.71,No
CUST-02125,Male,0,No,No,26,Yes,No phone service,Fiber optic,Yes,No,No internet service,Yes,No,No,One year,No,Electronic check,74.05,1859.71,Yes
CUST-02126,Female,0,No,Yes,52,Yes,Yes,Fiber optic,Yes,No,No,No,No internet service,No internet service,Month-to-month,Yes,Bank transfer (automatic),76.42,4144.14,No
CUST-02127,Male,1,No,No,1,Yes,Yes,No,No,Yes,No,No,No internet service,No,Month-to-month,No,Electronic check,55.65,53.02,Yes
CUST-02128,Male,0,Yes,Yes,11,No,No,Fiber optic,Yes,No,No,No internet service,No internet service,No,Month-to-month,Yes,Bank transfer (automatic),39.88,461.51,No
CUST-02129,Female,0,No,No,63,Yes,No,Fiber optic,No internet service,Yes,No,Yes,Yes,No internet service,Month-to-month,Yes,Mailed check,76.96,5263.02,No
CUST-02130,Male,0,Yes,No,64,Yes,No,DSL,No,Yes,No,No,No internet service,No internet service,Two year,No,Electronic check,70.43,4128.27,No
CUST-02131,Male,1,No,No,71,Yes,No,DSL,No,No,Yes,No internet service,No,No,Month-to-month,No,Electronic check,39.02,2795.0,No
CUST-02132,Male,0,Yes,No,8,Yes,No phone service,No,No,No,Yes,Yes,Yes,No,Month-to-month,No,Bank transfer (automatic),43.72,352.59,No
CUST-02133,Female,0,Yes,No,64,Yes,No,No,No,No,Yes,No,No,Yes,Two year,No,Bank transfer (automatic),70.54,4321.73,No
CUST-02134,Male,1,Yes,Yes,62,Yes,No,Fiber optic,Yes,No,No,Yes,No,Yes,Month-to-month,Yes,Bank transfer (automatic),25.17,1511.13,No
CUST-02135,Male,1,No,No,55,Yes,No,Fiber optic,No,Yes,Yes,No,No,No,One year,Yes,Electronic check,37.68,2145.42,No
CUST-02136,Female,0,No,No,36,Yes,Yes,DSL,Yes,Yes,No internet service,No internet service,No,No internet service,One year,Yes,Bank transfer (automatic),51.89,1790.56,No
CUST-02137,Male,0,No,No,37,Yes,No,DSL,No,No,Yes,No,No internet service,No internet service,One year,Yes,Credit card (automatic),69.73,2337.81,No
CUST-02138,Male,0,No,No,8,Yes,No,DSL,No,No internet service,No,No internet service,No,No,Month-to-month,Yes,Mailed check,81.35,685.84,Yes
CUST-02139,Female,0,Yes,No,3,Yes,Yes,DSL,Yes,No,Yes,No,No,Yes,Month-to-month,No,Credit card (automatic),49.39,151.88,No
CUST-02140,Female,0,Yes,No,15,Yes,No,DSL,No,Yes,No,No,No,No internet service,Month-to-month,No,Electronic check,55.44,790.1,Yes
CUST-02141,Male,0,Yes,No,17,Yes,No phone service,DSL,No,Yes,No internet service,No,Yes,No,Two year,Yes,Electronic check,26.98,501.0,No
CUST-02142,Female,1,No,No,29,Yes,No,Fiber optic,Yes,Yes,No,No,No internet service,Yes,One year,No,Electronic check,58.01,1816.34,Yes
CUST-02143,Male,0,No,No,1,Yes,Yes,Fiber optic,No,No,No,Yes,Yes,Yes,One year,No,Bank transfer (automatic),91.88,100.41,Yes
CUST-02144,Female,0,No,Yes,33,Yes,Yes,Fiber optic,No internet service,Yes,No,Yes,No,No,Two year,Yes,Bank transfer (automatic),63.97,2116.18,No
CUST-02145,Male,1,No,No,4,Yes,Yes,Fiber optic,No internet service,Yes,No,No,Yes,Yes,Month-to-month,No,Electronic check,52.59,199.22,No
CUST-02146,Male,0,Yes,No,2,Yes,Yes,Fiber optic,Yes,No internet service,Yes,No internet service,No internet service,No,Two year,No,Mailed check,82.45,154.14,Yes
CUST-02147,Female,1,No,Yes,64,Yes,Yes,DSL,Yes,No,Yes,No,No internet service,No,Month-to-month,Yes,Electronic check,52.6,3668.38,No
CUST-02148,Male,0,No,No,57,Yes,No,Fiber optic,Yes,Yes,No,Yes,Yes,Yes,Month-to-month,Yes,Electronic check,72.76,4471.5,No
CUST-02149,Female,0,Yes,No,22,Yes,Yes,DSL,No,Yes,No,No internet service,No,Yes,Month-to-month,No,Bank transfer (automatic),48.33,1114.5,No
CUST-02150,Male,0,Yes,Yes,12,Yes,Yes,No,No internet service,No internet service,Yes,No,Yes,No,One year,No,Mailed check,20.39,245.19,No
CUST-02151,Male,0,Yes,No,19,No,No phone service,DSL,Yes,No internet service,No,Yes,No internet service,No,One year,No,Mailed check,88.25,1637.99,Yes
CUST-02152,Female,0,Yes,Yes,10,Yes,No,DSL,No,Yes,Yes,No,No internet service,No,Two year,Yes,Bank transfer (automatic),65.59,682.59,Yes
CUST-02153,Female,0,Yes,No,2,Yes,No phone service,DSL,No,Yes,No,Yes,No,Yes,Month-to-month,No,Bank transfer (automatic),60.68,109.46,No
CUST-02154,Male,0,Yes,No,61,Yes,No,DSL,Yes,No,Yes,Yes,Yes,No,Month-to-month,Yes,Electronic check,44.11,2703.77,No
CUST-02155,Female,0,No,No,8,Yes,Yes,DSL,Yes,No,No,No,No,No internet service,Month-to-month,Yes,Mailed check,95.86,794.28,Yes
CUST-02156,Male,0,No,Yes,8,Yes,Yes,No,Yes,No,No,No internet service,No,No,Month-to-month,No,Mailed check,97.75,821.69,Yes
CUST-02157,Male,0,No,No,6,Yes,No,DSL,No,No,No,No,No internet service,Yes,Month-to-month,No,Mailed check,38.25,227.25,No
CUST-02158,Male,0,No,No,31,Yes,No,Fiber optic,Yes,No internet service,No,Yes,No,No,Month-to-month,No,Electronic check,24.44,794.79,No
CUST-02159,Male,0,No,No,8,Yes,No,Fiber optic,No,No,Yes,Yes,No,Yes,Month-to-month,No,Electronic check,73.62,541.35,Yes
CUST-02160,Male,0,No,No,4,Yes,No,Fiber optic,No internet service,No,No internet service,No,No,Yes,Two year,No,Electronic check,52.35,198.23,No
CUST-02161,Female,0,No,No,51,Yes,No phone service,Fiber optic,No,Yes,No,Yes,Yes,Yes,Month-to-month,Yes,Electronic check,77.94,3692.41,No
CUST-02162,Female,1,No,No,19,No,Yes,DSL,No,Yes,No,No,Yes,No,One year,No,Electronic check,82.51,1517.47,Yes
CUST-02163,Male,0,No,No,39,Yes,Yes,DSL,No,No,Yes,No,No internet service,Yes,Month-to-month,Yes,Bank transfer (automatic),32.5,1228.0,No
CUST-02164,Female,0,No,No,29,Yes,Yes,Fiber optic,No internet service,Yes,Yes,No,No,No internet service,One year,Yes,Bank transfer (automatic),69.93,1976.84,No
CUST-02165,Female,0,Yes,No,6,Yes,No,Fiber optic,No,Yes,No,No,No,No internet service,Month-to-month,No,Mailed check,86.15,513.37,Yes
CUST-02166,Male,0,Yes,Yes,26,Yes,Yes,Fiber optic,No,No,No,Yes,No,Yes,One year,Yes,Mailed check,77.56,1990.88,No
CUST-02167,Male,0,No,Yes,26,Yes,Yes,Fiber optic,Yes,No,No,No internet service,No,No internet service,Month-to-month,No,Credit card (automatic),39.52,1025.56,No
CUST-02168,Female,0,Yes,No,54,Yes,Yes,No,Yes,No,No,No internet service,No,No internet service,Month-to-month,No,Mailed check,74.57,4230.21,No
CUST-02169,Female,0,No,No,42,Yes,No phone service,Fiber optic,No internet service,No,No,No,No internet service,No internet service,Month-to-month,No,Credit card (automatic),72.74,2836.35,No
CUST-02170,Male,0,Yes,No,19,Yes,No phone service,DSL,No internet service,No internet service,No,Yes,No internet service,No,Month-to-month,No,Credit card (automatic),71.84,1324.2,No
CUST-02171,Male,0,No,No,29,Yes,No,No,No,Yes,No,No internet service,No,Yes,Month-to-month,Yes,Electronic check,22.36,583.61,No
CUST-02172,Male,1,Yes,No,60,Yes,No,DSL,No internet service,No,No internet service,No,Yes,Yes,One year,No,Credit card (automatic),70.99,3857.51,No
CUST-02173,Male,0,Yes,No,38,Yes,No,No,Yes,No internet service,No,No internet service,Yes,No,One year,Yes,Electronic check,63.28,2455.82,No
CUST-02174,Female,1,No,No,14,Yes,Yes,Fiber optic,Yes,No,Yes,Yes,No internet service,Yes,One year,Yes,Mailed check,99.81,1502.42,Yes
CUST-02175,Male,0,No,Yes,61,Yes,Yes,Fiber optic,No,Yes,Yes,Yes,No,Yes,Month-to-month,Yes,Credit card (automatic),49.41,2897.01,No
CUST-02176,Male,0,No,Yes,53,Yes,Yes,No,No,No,No,No,Yes,Yes,Month-to-month,Yes,Mailed check,58.39,3033.95,No
CUST-02177,Female,0,No,Yes,19,Yes,No phone service,Fiber optic,Yes,No,Yes,No,No internet service,No,One year,No,Mailed check,76.61,1371.13,No
CUST-02178,Male,0,No,Yes,20,Yes,No phone service,DSL,No,No internet service,Yes,No internet service,Yes,Yes,Two year,Yes,Bank transfer (automatic),62.84,1167.01,Yes
CUST-02179,Male,0,Yes,No,68,Yes,No,Fiber optic,No,No,No,No internet service,Yes,No internet service,Month-to-month,Yes,Bank transfer (automatic),45.71,3347.06,No
CUST-02180,Female,0,No,No,71,Yes,No phone service,Fiber optic,No,No,No,Yes,Yes,No internet service,Month-to-month,Yes,Mailed check,58.73,4229.98,No
CUST-02181,Male,0,Yes,No,23,Yes,No,Fiber optic,Yes,No internet service,No internet service,No internet service,Yes,No internet service,Month-to-month,No,Electronic check,75.28,1802.39,Yes
CUST-02182,Male,0,No,No,66,Yes,No phone service,DSL,No internet service,No,Yes,No,No,No,One year,Yes,Credit card (automatic),45.44,3228.1,No
CUST-02183,Male,0,No,No,58,Yes,No,DSL,No internet service,No,No,No,Yes,No,Month-to-month,Yes,Mailed check,67.48,3983.03,No
CUST-02184,Male,0,No,No,62,Yes,No phone service,Fiber optic,No internet service,Yes,No,Yes,Yes,Yes,Two year,Yes,Credit card (automatic),56.4,3273.2,No
CUST-02185,Male,1,Yes,No,39,Yes,Yes,Fiber optic,No,Yes,No internet service,Yes,No,Yes,Two year,No,Mailed check,66.99,2724.07,No
CUST-02186,Female,0,No,No,20,Yes,Yes,DSL,No internet service,No,No internet service,No,No internet service,No,Month-to-month,No,Electronic check,50.59,1061.95,No
CUST-02187,Female,0,No,No,22,Yes,Yes,DSL,No internet service,Yes,No internet service,No,Yes,Yes,One year,Yes,Bank transfer (automatic),80.06,1731.01,Yes
CUST-02188,Male,0,Yes,Yes,23,Yes,Yes,Fiber optic,No,No,Yes,No internet service,No internet service,No,Month-to-month,No,Mailed check,59.51,1400.71,Yes
CUST-02189,Male,1,No,Yes,36,Yes,No,Fiber optic,No,No internet service,Yes,No internet service,No internet service,Yes,Month-to-month,Yes,Bank transfer (automatic),25.63,919.83,No
CUST-02190,Female,1,Yes,Yes,9,Yes,No,DSL,No,No,No internet service,No internet service,Yes,No,Month-to-month,No,Credit card (automatic),71.76,624.27,Yes
CUST-02191,Female,0,Yes,No,40,No,Yes,DSL,Yes,No internet service,No internet service,No internet service,Yes,No internet service,Two year,Yes,Electronic check,76.9,3182.07,No
CUST-02192,Female,0,No,Yes,38,No,No,Fiber optic,Yes,No internet service,No internet service,Yes,Yes,Yes,One year,Yes,Credit card (automatic),72.82,2627.39,No
CUST-02193,Female,0,No,No,6,Yes,Yes,No,No internet service,No,No,No,No,No,Two year,No,Electronic check,73.06,423.23,No
CUST-02194,Male,0,Yes,No,29,Yes,No,DSL,No,Yes,No internet service,No,No internet service,No,Month-to-month,Yes,Credit card (automatic),50.66,1441.43,No
CUST-02195,Female,0,Yes,No,40,Yes,Yes,No,Yes,Yes,No,No,No internet service,No,Month-to-month,No,Mailed check,49.88,2040.94,No
CUST-02196,Male,0,No,No,8,Yes,No,No,No internet service,No,No,Yes,No,No,Two year,Yes,Electronic check,69.2,592.6,No
CUST-02197,Female,0,Yes,No,12,Yes,No,Fiber optic,No internet service,Yes,No internet service,Yes,No internet service,Yes,Month-to-month,Yes,Credit card (automatic),37.0,454.2,No
CUST-02198,Female,0,No,No,42,Yes,Yes,No,No,No,No,No,No,No,Two year,Yes,Mailed check,70.99,3116.4,No
CUST-02199,Male,0,Yes,Yes,3,No,No phone service,Fiber optic,No internet service,No internet service,No internet service,No internet service,No internet service,No,One year,No,Bank transfer (automatic),59.26,170.41,Yes
CUST-02200,Female,0,No,No,50,Yes,Yes,Fiber optic,No internet service,No internet service,No,Yes,Yes,No,Month-to-month,Yes,Mailed check,72.75,3701.09,No
CUST-02201,Female,0,No,Yes,33,Yes,Yes,Fiber optic,Yes,No,No,Yes,No internet service,No,Two year,Yes,Mailed check,52.47,1594.32,No
CUST-02202,Male,0,Yes,No,15,Yes,Yes,DSL,No,No,No,No internet service,Yes,Yes,Month-to-month,Yes,Mailed check,84.56,1259.08,Yes
CUST-02203,Female,1,No,No,9,Yes,No phone service,Fiber optic,Yes,No internet service,No,Yes,Yes,Yes,Month-to-month,No,Bank transfer (automatic),49.59,463.26,No
CUST-02204,Female,0,Yes,No,29,Yes,Yes,No,No,No internet service,No internet service,Yes,No,Yes,Month-to-month,Yes,Electronic check,56.51,1533.82,No
CUST-02205,Female,0,Yes,No,39,Yes,No phone service,Fiber optic,Yes,No internet service,No,No,No internet service,No internet service,Month-to-month,Yes,Mailed check,75.61,3185.93,No
CUST-02206,Female,0,No,Yes,41,Yes,No,DSL,No,No,No internet service,No,Yes,No internet service,Month-to-month,Yes,Mailed check,45.09,1818.07,No
CUST-02207,Female,1,No,No,20,Yes,Yes,DSL,No internet service,No,No,No internet service,No internet service,No internet service,Month-to-month,Yes,Credit card (automatic),33.22,687.14,No
CUST-02208,Male,0,No,Yes,2,Yes,No,DSL,Yes,No,Yes,No,No internet service,No,Two year,Yes,Credit card (automatic),25.46,50.61,No
CUST-02209,Female,0,Yes,No,67,Yes,Yes,DSL,No internet service,No,No internet service,Yes,Yes,No internet service,Month-to-month,No,Electronic check,55.4,3884.22,No
CUST-02210,Female,0,Yes,Yes,1,Yes,Yes,No,Yes,Yes,No internet service,No,Yes,Yes,Month-to-month,No,Mailed check,71.72,72.93,Yes
CUST-02211,Male,0,Yes,No,65,Yes,Yes,DSL,Yes,Yes,Yes,No,No internet service,Yes,Two year,Yes,Bank transfer (automatic),57.24,3439.75,No
CUST-02212,Male,0,No,No,21,Yes,No,No,Yes,No,No internet service,Yes,Yes,No,Month-to-month,Yes,Electronic check,22.23,506.48,No
CUST-02213,Male,0,No,No,10,Yes,No,Fiber optic,No internet service,No,No,No,Yes,No internet service,Month-to-month,No,Electronic check,91.41,943.36,Yes
CUST-02214,Female,0,No,No,11,Yes,Yes,Fiber optic,No,Yes,No,Yes,No,No internet service,One year,Yes,Mailed check,73.73,806.5,No
CUST-02215,Female,0,Yes,No,65,Yes,No,Fiber optic,No,No,Yes,No internet service,No,Yes,Month-to-month,No,Electronic check,61.73,4154.17,No
CUST-02216,Female,0,Yes,No,1,Yes,No,DSL,No internet service,No,No internet service,Yes,Yes,No internet service,Two year,Yes,Electronic check,26.8,25.52,No
CUST-02217,Female,0,No,No,34,Yes,No,Fiber optic,No,Yes,No internet service,No,No,Yes,Two year,Yes,Mailed check,24.48,877.09,No
CUST-02218,Female,0,Yes,Yes,61,Yes,No,Fiber optic,No internet service,Yes,Yes,No,Yes,No internet service,Month-to-month,Yes,Credit card (automatic),29.71,1780.13,No
CUST-02219,Male,0,Yes,Yes,52,Yes,No,DSL,Yes,No,Yes,No,Yes,No,Two year,No,Electronic check,68.42,3774.89,No
CUST-02220,Female,0,No,Yes,62,Yes,Yes,No,Yes,No,Yes,Yes,Yes,No,Month-to-month,No,Bank transfer (automatic),63.39,3752.58,No
CUST-02221,Female,1,No,No,36,No,Yes,DSL,No,Yes,No internet service,No,No,Yes,Month-to-month,No,Electronic check,58.32,2221.41,No
CUST-02222,Male,0,No,No,7,Yes,No,Fiber optic,No internet service,Yes,No internet service,No,Yes,No internet service,Month-to-month,No,Bank transfer (automatic),58.45,442.43,No
CUST-02223,Male,0,No,No,14,Yes,No phone service,DSL,No,Yes,No,No,No,Yes,Month-to-month,Yes,Electronic check,93.85,1440.25,Yes
CUST-02224,Male,0,No,No,11,No,No,DSL,No,No,No internet service,No,No,No,Month-to-month,Yes,Bank transfer (automatic),40.01,464.47,No
CUST-02225,Male,0,No,Yes,5,Yes,No,Fiber optic,No internet service,No,Yes,No,No,No,Month-to-month,No,Electronic check,39.33,204.67,No
CUST-02226,Male,0,No,No,32,Yes,No,DSL,Yes,No,No,No,Yes,Yes,One year,Yes,Credit card (automatic),45.53,1462.77,No
CUST-02227,Male,0,Yes,No,21,Yes,No,Fiber optic,No,No internet service,No,No internet service,No internet service,No,Month-to-month,Yes,Mailed check,69.14,1337.45,Yes
CUST-02228,Female,0,No,No,14,Yes,Yes,DSL,No,No,Yes,No internet service,No internet service,No,Month-to-month,No,Electronic check,53.29,754.99,No
CUST-02229,Male,0,Yes,No,30,No,Yes,Fiber optic,No,No,Yes,Yes,Yes,No,One year,Yes,Electronic check,52.81,1604.34,No
CUST-02230,Female,0,Yes,No,12,Yes,No,Fiber optic,No internet service,No,Yes,No internet service,No,No,One year,Yes,Electronic check,63.76,698.51,Yes
CUST-02231,Female,0,Yes,No,48,Yes,Yes,DSL,No,No internet service,No internet service,No,No,No,Month-to-month,Yes,Bank transfer (automatic),30.68,1528.78,No
CUST-02232,Male,0,Yes,Yes,17,Yes,No,Fiber optic,No internet service,Yes,No,No internet service,No,No,Two year,Yes,Electronic check,82.84,1309.4,Yes
CUST-02233,Male,1,Yes,No,65,Yes,Yes,Fiber optic,Yes,Yes,Yes,No,No,Yes,Month-to-month,Yes,Credit card (automatic),58.48,3874.65,No
CUST-02234,Male,0,No,No,40,Yes,Yes,DSL,No,No,No,No internet service,No,No internet service,One year,No,Mailed check,79.28,3153.84,No
CUST-02235,Female,0,Yes,Yes,13,Yes,No,Fiber optic,No,No,No internet service,Yes,No,Yes,Month-to-month,Yes,Mailed check,57.88,808.88,Yes
CUST-02236,Male,1,Yes,No,28,Yes,Yes,Fiber optic,No,No internet service,Yes,No,No,No internet service,Two year,No,Bank transfer (automatic),47.12,1248.71,No
CUST-02237,Female,1,No,Yes,61,Yes,Yes,Fiber optic,No,No,No internet service,No,Yes,No internet service,Two year,Yes,Credit card (automatic),74.33,4235.97,No
CUST-02238,Female,0,Yes,No,7,Yes,Yes,Fiber optic,No internet service,Yes,No,Yes,No,Yes,One year,No,Mailed check,92.32,652.85,Yes
CUST-02239,Female,0,Yes,No,18,No,No,DSL,Yes,No,No,No,Yes,Yes,Month-to-month,No,Bank transfer (automatic),56.83,1014.81,No
CUST-02240,Female,0,No,Yes,31,No,Yes,DSL,Yes,No internet service,No,No,Yes,No internet service,Month-to-month,No,Credit card (automatic),35.43,1023.93,No
CUST-02241,Male,0,No,No,5,No,No,No,No,Yes,Yes,No internet service,No,Yes,Month-to-month,Yes,Bank transfer (automatic),31.23,159.7,No
CUST-02242,Female,0,No,No,18,Yes,No,DSL,No internet service,No internet service,No internet service,No,No,Yes,One year,Yes,Electronic check,68.6,1335.02,Yes
CUST-02243,Male,0,Yes,Yes,23,Yes,Yes,Fiber optic,No internet service,Yes,No,Yes,Yes,No,Month-to-month,No,Electronic check,35.31,851.15,No
CUST-02244,Male,0,Yes,No,29,Yes,Yes,No,No internet service,No,Yes,No,No internet service,No,Two year,No,Electronic check,72.38,1977.09,Yes
CUST-02245,Female,0,Yes,No,25,Yes,Yes,No,No,No,No,Yes,No internet service,No,Month-to-month,No,Bank transfer (automatic),63.24,1498.28,No
CUST-02246,Female,1,Yes,Yes,5,Yes,No,DSL,Yes,No,No,Yes,Yes,Yes,Month-to-month,Yes,Electronic check,70.11,354.59,No
CUST-02247,Female,0,Yes,No,44,Yes,No,DSL,No,No,No,No,No internet service,No internet service,Two year,Yes,Electronic check,30.26,1378.71,No
CUST-02248,Male,0,No,No,9,Yes,No,DSL,No,No internet service,Yes,No,Yes,No internet service,Month-to-month,Yes,Electronic check,38.6,380.68,No
CUST-02249,Male,0,Yes,No,2,Yes,Yes,DSL,No,Yes,No,No,No internet service,Yes,Two year,No,Mailed check,98.98,182.31,Yes
CUST-02250,Male,0,Yes,No,70,Yes,Yes,Fiber optic,No internet service,Yes,No,No,Yes,No internet service,Month-to-month,No,Bank transfer (automatic),29.81,2106.04,No
CUST-02251,Male,0,Yes,No,1,Yes,No,Fiber optic,No internet service,No,No internet service,Yes,Yes,Yes,Month-to-month,No,Electronic check,28.74,31.54,No
CUST-02252,Female,0,Yes,No,20,Yes,No phone service,Fiber optic,No internet service,No internet service,Yes,Yes,No internet service,No internet service,Two year,No,Mailed check,42.98,792.71,No
CUST-02253,Female,0,No,No,36,Yes,Yes,No,Yes,No,No internet service,No,No,No,Two year,No,Bank transfer (automatic),31.19,1228.96,No
CUST-02254,Male,0,No,No,22,Yes,No,DSL,Yes,No,No,No,Yes,No,Month-to-month,Yes,Bank transfer (automatic),24.73,539.94,No
CUST-02255,Male,0,Yes,No,23,Yes,No,Fiber optic,Yes,Yes,Yes,Yes,No internet service,Yes,Month-to-month,Yes,Electronic check,38.77,930.48,No
CUST-02256,Female,0,No,Yes,20,Yes,Yes,Fiber optic,No,No,No,Yes,No,Yes,One year,No,Credit card (automatic),89.93,1771.72,Yes
CUST-02257,Male,0,Yes,No,31,Yes,No,Fiber optic,No,Yes,No,No,No,Yes,One year,No,Mailed check,23.39,774.55,No
CUST-02258,Male,0,Yes,Yes,54,No,Yes,Fiber optic,No,No,Yes,No,No internet service,No,Two year,Yes,Credit card (automatic),53.97,3152.5,No
CUST-02259,Female,0,No,No,42,Yes,Yes,DSL,No,No internet service,Yes,No,No,No,Month-to-month,No,Credit card (automatic),53.78,2108.18,No
CUST-02260,Female,0,No,Yes,66,Yes,No,No,No,No internet service,No internet service,No,Yes,No,Month-to-month,Yes,Bank transfer (automatic),51.85,3591.32,No
CUST-02261,Female,0,No,No,21,Yes,Yes,DSL,Yes,No,No,Yes,No internet service,No,Two year,No,Mailed check,62.15,1180.05,Yes
CUST-02262,Female,0,Yes,No,57,Yes,Yes,Fiber optic,No internet service,No,No internet service,No internet service,Yes,No,Two year,Yes,Credit card (automatic),21.03,1145.21,No
CUST-02263,Male,0,No,No,31,Yes,Yes,DSL,Yes,No,No,No,No,No,One year,Yes,Bank transfer (automatic),22.85,715.77,No
CUST-02264,Male,0,Yes,No,44,Yes,Yes,Fiber optic,No,No internet service,No,Yes,No,Yes,Month-to-month,No,Mailed check,50.67,2275.5,No
CUST-02265,Female,0,No,Yes,42,No,No phone service,No,No internet service,No,Yes,No,Yes,No internet service,One year,Yes,Mailed check,78.1,3191.81,No
CUST-02266,Male,0,No,Yes,58,Yes,Yes,Fiber optic,No,No,No,Yes,Yes,No,Two year,No,Credit card (automatic),44.48,2461.39,No
CUST-02267,Male,0,Yes,No,36,Yes,Yes,Fiber optic,Yes,No internet service,Yes,Yes,No internet service,Yes,Month-to-month,Yes,Credit card (automatic),48.34,1625.96,No
CUST-02268,Male,0,No,No,2,Yes,No,Fiber optic,Yes,No internet service,Yes,No,No,Yes,Month-to-month,No,Bank transfer (automatic),96.29,182.55,Yes
CUST-02269,Female,0,Yes,No,5,Yes,Yes,Fiber optic,No,No,No,Yes,No,No internet service,Two year,No,Bank transfer (automatic),66.75,309.07,No
CUST-02270,Male,1,No,No,62,Yes,Yes,Fiber optic,No,No internet service,Yes,Yes,No internet service,Yes,Month-to-month,Yes,Bank transfer (automatic),66.21,3908.94,No
CUST-02271,Female,0,Yes,No,31,Yes,No phone service,DSL,No internet service,No internet service,No internet service,No,No,No,Month-to-month,No,Bank transfer (automatic),50.28,1658.83,No
CUST-02272,Female,1,Yes,No,26,Yes,Yes,No,Yes,No,Yes,No,No internet service,No,One year,Yes,Bank transfer (automatic),70.41,1752.87,Yes
CUST-02273,Male,1,Yes,No,49,Yes,No phone service,Fiber optic,No internet service,Yes,Yes,No,Yes,No,Two year,No,Mailed check,54.87,2907.85,No
CUST-02274,Female,0,No,Yes,1,Yes,No,No,No,No,No,No internet service,No internet service,Yes,Month-to-month,No,Mailed check,59.4,56.37,No
CUST-02275,Female,0,Yes,No,47,Yes,Yes,Fiber optic,No,Yes,Yes,Yes,No internet service,No internet service,One year,Yes,Electronic check,67.25,3155.67,No
CUST-02276,Male,0,Yes,No,23,Yes,Yes,Fiber optic,No,Yes,No,No,No internet service,Yes,One year,Yes,Bank transfer (automatic),74.52,1600.01,Yes
CUST-02277,Female,0,Yes,No,18,Yes,Yes,Fiber optic,No internet service,No,No internet service,No,Yes,No,Month-to-month,Yes,Credit card (automatic),77.2,1255.39,No
CUST-02278,Female,1,Yes,No,19,Yes,Yes,No,No,No internet service,Yes,Yes,Yes,No,Month-to-month,Yes,Electronic check,79.28,1544.14,No
CUST-02279,Male,1,No,No,46,Yes,No,No,Yes,No,Yes,Yes,No,Yes,One year,Yes,Bank transfer (automatic),55.23,2458.15,No
CUST-02280,Female,0,No,No,7,Yes,No,Fiber optic,No,No,No internet service,Yes,No,No internet service,Two year,Yes,Mailed check,33.32,226.01,No
CUST-02281,Female,0,Yes,No,44,Yes,No,DSL,No,No internet service,No internet service,No,No internet service,Yes,Month-to-month,No,Mailed check,66.49,2871.58,No
CUST-02282,Female,0,No,Yes,18,Yes,No,Fiber optic,No internet service,Yes,Yes,No,No,No,Month-to-month,Yes,Electronic check,74.04,1406.76,Yes
CUST-02283,Female,0,Yes,No,7,Yes,No,DSL,No,No,No,No,Yes,No internet service,Two year,No,Credit card (automatic),54.63,374.74,No
CUST-02284,Female,1,No,No,1,Yes,Yes,DSL,No,No,Yes,Yes,Yes,Yes,Two year,No,Electronic check,25.2,23.12,No
CUST-02285,Female,0,No,Yes,5,Yes,No,DSL,No internet service,No,No internet service,No,No internet service,No internet service,Month-to-month,Yes,Electronic check,68.44,327.06,No
CUST-02286,Male,0,Yes,No,52,No,Yes,DSL,Yes,No internet service,Yes,No,Yes,Yes,Two year,Yes,Credit card (automatic),77.55,4094.0,No
CUST-02287,Male,0,Yes,No,29,Yes,Yes,Fiber optic,Yes,No,No internet service,No internet service,No,Yes,One year,Yes,Bank transfer (automatic),79.07,2519.35,Yes
CUST-02288,Male,0,No,No,71,Yes,No,Fiber optic,No,Yes,Yes,Yes,No internet service,No internet service,Two year,Yes,Electronic check,63.9,4213.1,No
CUST-02289,Male,0,No,No,3,Yes,No,DSL,No,No,Yes,No internet service,No internet service,No,Month-to-month,Yes,Electronic check,71.65,207.36,No
CUST-02290,Female,0,Yes,No,35,Yes,No,Fiber optic,No internet service,No,Yes,No internet service,Yes,No,Two year,Yes,Electronic check,26.57,927.27,No
CUST-02291,Female,0,No,No,4,Yes,No,No,Yes,No internet service,No,No internet service,Yes,No,Month-to-month,Yes,Mailed check,34.81,151.62,No
CUST-02292,Female,0,No,No,27,Yes,No,Fiber optic,No,No internet service,No internet service,No internet service,Yes,No internet service,Month-to-month,Yes,Bank transfer (automatic),43.51,1082.77,No
CUST-02293,Male,0,No,Yes,22,Yes,No,DSL,Yes,Yes,Yes,No,No internet service,No internet service,Two year,Yes,Mailed check,70.21,1635.39,No
CUST-02294,Male,0,No,No,15,Yes,Yes,Fiber optic,No,No,Yes,No internet service,No,Yes,Two year,Yes,Bank transfer (automatic),95.21,1491.83,Yes
CUST-02295,Female,0,No,No,65,Yes,No,Fiber optic,Yes,Yes,No,Yes,Yes,Yes,Month-to-month,Yes,Bank transfer (automatic),28.22,1763.29,No
CUST-02296,Male,0,No,Yes,9,Yes,No,DSL,No,No internet service,Yes,No,No,Yes,Two year,Yes,Credit card (automatic),64.87,615.8,Yes
CUST-02297,Female,0,No,No,5,Yes,No,Fiber optic,No,Yes,No,No internet service,No,No,Two year,Yes,Electronic check,48.04,243.8,No
CUST-02298,Female,1,Yes,Yes,18,Yes,No,No,No,No,No,Yes,Yes,No internet service,Month-to-month,Yes,Credit card (automatic),22.36,376.03,No
CUST-02299,Male,0,No,No,20,Yes,No,Fiber optic,Yes,Yes,No,No,No,No,Month-to-month,Yes,Credit card (automatic),57.86,1107.61,No
CUST-02300,Male,0,No,No,12,Yes,No phone service,No,No,No,No,No,No,No,One year,No,Credit card (automatic),87.14,1009.78,Yes
CUST-02301,Male,0,No,No,26,Yes,Yes,Fiber optic,No,No internet service,Yes,No internet service,Yes,No,Month-to-month,Yes,Mailed check,66.85,1676.58,No
CUST-02302,Female,0,Yes,Yes,44,Yes,Yes,DSL,Yes,Yes,Yes,No,No,No,One year,Yes,Mailed check,64.03,2956.14,No
CUST-02303,Male,0,Yes,No,53,Yes,Yes,No,No,Yes,No,No internet service,No,No,Month-to-month,Yes,Electronic check,71.93,3934.51,No
CUST-02304,Female,0,Yes,No,67,Yes,Yes,No,No internet service,No internet service,No,No,No,No,Month-to-month,No,Credit card (automatic),29.46,2100.09,No
CUST-02305,Male,0,Yes,No,50,Yes,No phone service,DSL,No internet service,Yes,No,No,No,No internet service,Two year,No,Bank transfer (automatic),56.16,2814.06,No
CUST-02306,Male,0,Yes,Yes,22,Yes,Yes,DSL,No internet service,Yes,Yes,No internet service,Yes,No,One year,No,Bank transfer (automatic),66.86,1426.95,No
CUST-02307,Female,0,No,No,14,Yes,No,Fiber optic,No,Yes,Yes,No,Yes,Yes,Month-to-month,Yes,Electronic check,50.94,651.51,No
CUST-02308,Female,0,Yes,No,27,Yes,No phone service,No,No internet service,No,Yes,Yes,No,No internet service,Two year,No,Credit card (automatic),27.85,796.22,No
CUST-02309,Male,0,No,No,57,Yes,No phone service,No,No,No internet service,No,No internet service,Yes,No internet service,Month-to-month,No,Bank transfer (automatic),25.94,1352.83,No
CUST-02310,Female,0,No,No,71,Yes,Yes,Fiber optic,No,No,Yes,No,No internet service,No internet service,Month-to-month,Yes,Credit card (automatic),56.35,3841.99,No
CUST-02311,Male,0,Yes,No,22,Yes,Yes,Fiber optic,Yes,No internet service,Yes,No internet service,No,Yes,Two year,Yes,Credit card (automatic),70.68,1607.48,Yes
CUST-02312,Female,0,Yes,Yes,13,No,Yes,DSL,No,Yes,No internet service,No,No,No internet service,Month-to-month,No,Electronic check,75.77,1037.05,No
CUST-02313,Female,0,No,No,1,Yes,Yes,Fiber optic,No,No internet service,No internet service,Yes,No internet service,No,Month-to-month,Yes,Credit card (automatic),70.03,63.99,No
CUST-02314,Female,0,No,No,6,Yes,No,No,No internet service,No,Yes,No,No internet service,Yes,Two year,Yes,Electronic check,63.42,388.71,No
CUST-02315,Female,0,Yes,No,18,Yes,Yes,DSL,No internet service,Yes,Yes,No internet service,No,No internet service,Two year,No,Bank transfer (automatic),58.78,981.26,Yes
CUST-02316,Male,0,Yes,No,42,Yes,No,DSL,No,No,No,No,No,Yes,Month-to-month,Yes,Bank transfer (automatic),61.68,2723.84,No
CUST-02317,Male,0,No,No,46,Yes,No phone service,Fiber optic,No internet service,Yes,No internet service,No internet service,Yes,Yes,Two year,Yes,Credit card (automatic),25.54,1228.85,No
CUST-02318,Male,0,No,No,2,Yes,No,No,Yes,Yes,No,No internet service,No,No internet service,Month-to-month,No,Mailed check,24.65,51.75,No
CUST-02319,Male,0,No,No,32,Yes,No phone service,No,Yes,No,No,No,No,No internet service,Two year,No,Electronic check,68.95,2013.89,No
CUST-02320,Male,0,Yes,No,13,Yes,Yes,Fiber optic,No,Yes,No internet service,No internet service,Yes,No internet service,Month-to-month,Yes,Mailed check,41.64,547.75,No
CUST-02321,Female,0,Yes,No,16,Yes,Yes,Fiber optic,No internet service,No,No,Yes,No internet service,Yes,Month-to-month,No,Electronic check,96.51,1464.13,Yes
CUST-02322,Female,0,Yes,Yes,45,No,Yes,Fiber optic,No internet service,No internet service,No internet service,No,Yes,No,Month-to-month,No,Bank transfer (automatic),27.09,1218.03,No
CUST-02323,Female,0,Yes,No,21,No,Yes,DSL,No,Yes,Yes,No,No internet service,Yes,One year,Yes,Electronic check,73.24,1688.59,Yes
CUST-02324,Female,0,No,Yes,47,Yes,No,Fiber optic,No,No,No,Yes,Yes,No,Two year,Yes,Bank transfer (automatic),66.39,2864.76,No
CUST-02325,Female,0,No,No,21,Yes,Yes,Fiber optic,No,No,Yes,No,No internet service,No,Two year,No,Electronic check,70.85,1515.84,No
CUST-02326,Female,0,Yes,No,37,Yes,No,DSL,No internet service,No,No,No,No internet service,No internet service,Month-to-month,No,Electronic check,72.03,2486.55,No
CUST-02327,Male,0,Yes,No,33,Yes,No,No,No internet service,No,No internet service,No internet service,Yes,No,Month-to-month,Yes,Bank transfer (automatic),25.95,858.07,No
CUST-02328,Female,1,Yes,Yes,28,Yes,Yes,Fiber optic,Yes,Yes,No internet service,No,No internet service,Yes,Two year,Yes,Mailed check,42.91,1206.5,No
CUST-02329,Female,0,No,No,9,Yes,Yes,No,Yes,No,No,No,Yes,Yes,One year,Yes,Bank transfer (automatic),58.78,524.39,No
CUST-02330,Male,0,No,Yes,41,Yes,Yes,Fiber optic,Yes,No,No,No,No,No,One year,No,Electronic check,75.13,3166.34,No
CUST-02331,Female,0,Yes,No,71,No,No,DSL,No internet service,No,Yes,No,No,No internet service,Month-to-month,No,Mailed check,34.34,2669.37,No
CUST-02332,Male,0,Yes,No,46,Yes,Yes,Fiber optic,No,Yes,No internet service,Yes,No internet service,Yes,Month-to-month,No,Bank transfer (automatic),56.02,2734.22,No
CUST-02333,Female,0,No,No,53,Yes,No,No,Yes,Yes,No internet service,No,No,No,One year,No,Electronic check,28.61,1655.38,No
CUST-02334,Female,0,No,No,58,Yes,No phone service,Fiber optic,No,No,No,No,Yes,No,Two year,No,Credit card (automatic),64.84,3527.14,No
CUST-02335,Female,0,No,Yes,3,Yes,No,Fiber optic,No,Yes,Yes,No,No internet service,Yes,One year,No,Credit card (automatic),27.65,91.13,No
CUST-02336,Male,1,Yes,No,57,Yes,No,Fiber optic,No,Yes,Yes,Yes,Yes,Yes,Month-to-month,No,Electronic check,80.0,4382.31,No
CUST-02337,Female,0,No,No,18,Yes,No,No,No,No,Yes,No,No internet service,No,Two year,Yes,Electronic check,25.54,416.89,No
CUST-02338,Female,0,No,No,19,Yes,No,No,No,No,No,No,No internet service,No internet service,Month-to-month,Yes,Mailed check,86.42,1621.04,Yes
CUST-02339,Male,0,No,No,4,Yes,No,Fiber optic,Yes,Yes,Yes,Yes,No internet service,No internet service,Month-to-month,Yes,Mailed check,71.72,272.32,Yes
CUST-02340,Female,0,Yes,No,64,Yes,No phone service,DSL,No internet service,No,Yes,No,Yes,No,Month-to-month,No,Mailed check,35.48,2389.76,No
CUST-02341,Female,0,Yes,Yes,30,Yes,No,DSL,No internet service,No,No,No,Yes,No,Month-to-month,No,Credit card (automatic),35.29,971.24,No
CUST-02342,Female,0,No,No,60,Yes,Yes,Fiber optic,Yes,Yes,No,No,No internet service,Yes,Month-to-month,Yes,Electronic check,55.77,3378.33,No
CUST-02343,Female,1,No,No,44,Yes,Yes,DSL,No,No,No,No,No internet service,No,Month-to-month,Yes,Mailed check,57.83,2437.34,No
CUST-02344,Female,0,Yes,No,10,Yes,No,No,No,No,No,No internet service,Yes,No,Month-to-month,Yes,Electronic check,63.23,595.21,No
CUST-02345,Male,0,Yes,No,18,Yes,Yes,No,No,No internet service,Yes,No,No,Yes,Month-to-month,Yes,Bank transfer (automatic),54.82,1060.89,No
CUST-02346,Male,0,No,No,68,Yes,No phone service,Fiber optic,Yes,No internet service,No internet service,No internet service,Yes,Yes,Month-to-month,No,Bank transfer (automatic),30.47,2078.39,No
CUST-02347,Male,0,No,No,65,Yes,Yes,DSL,No,No,No,No,No,No,Month-to-month,Yes,Electronic check,75.45,4733.04,No
CUST-02348,Female,1,Yes,No,14,Yes,Yes,DSL,No,Yes,No internet service,No,No,No internet service,One year,Yes,Bank transfer (automatic),85.83,1260.77,Yes
CUST-02349,Male,0,No,No,28,No,Yes,Fiber optic,Yes,No internet service,No,Yes,Yes,No internet service,Month-to-month,Yes,Bank transfer (automatic),53.91,1616.11,No
CUST-02350,Male,1,No,No,23,Yes,No,Fiber optic,No,Yes,No,No internet service,Yes,Yes,One year,No,Electronic check,75.2,1709.57,No
CUST-02351,Female,1,Yes,No,58,No,No,Fiber optic,No,Yes,No internet service,Yes,Yes,Yes,Month-to-month,Yes,Electronic check,74.78,4061.5,No
CUST-02352,Male,0,Yes,No,2,Yes,No,No,Yes,Yes,Yes,No,No internet service,No,One year,Yes,Bank transfer (automatic),30.07,66.09,No
CUST-02353,Female,0,No,Yes,64,No,No,DSL,No internet service,Yes,No,No,Yes,No internet service,Month-to-month,No,Bank transfer (automatic),34.32,2134.53,No
CUST-02354,Male,1,Yes,No,43,Yes,No,No,No,No,Yes,No,Yes,No,Month-to-month,Yes,Credit card (automatic),56.11,2270.62,No
CUST-02355,Female,0,Yes,Yes,7,Yes,No,No,No,No internet service,No internet service,No,Yes,Yes,One year,Yes,Mailed check,88.69,571.57,Yes
CUST-02356,Female,0,Yes,No,32,No,No,No,No,Yes,No internet service,No,No,Yes,Month-to-month,No,Mailed check,63.85,1889.49,No
CUST-02357,Female,0,No,No,11,Yes,No,Fiber optic,Yes,Yes,No internet service,No internet service,No internet service,No,Month-to-month,No,Mailed check,66.86,800.63,Yes
CUST-02358,Male,0,Yes,Yes,54,Yes,No,Fiber optic,No internet service,Yes,No internet service,No,No internet service,No,Month-to-month,Yes,Credit card (automatic),35.97,2115.9,No
CUST-02359,Female,0,No,No,4,Yes,Yes,Fiber optic,Yes,Yes,No,Yes,No,Yes,Month-to-month,Yes,Mailed check,44.66,178.92,No
CUST-02360,Female,0,Yes,No,38,Yes,Yes,Fiber optic,No,No,No,Yes,Yes,No,Month-to-month,No,Electronic check,61.47,2425.62,No
CUST-02361,Female,1,Yes,Yes,62,Yes,Yes,DSL,Yes,Yes,No,Yes,Yes,Yes,One year,Yes,Electronic check,67.11,4437.63,No
CUST-02362,Male,0,No,Yes,24,Yes,Yes,Fiber optic,No,No,No,No internet service,Yes,No internet service,Month-to-month,No,Electronic check,82.46,2001.78,Yes
CUST-02363,Male,0,Yes,No,53,Yes,No phone service,No,No,No,Yes,No,No internet service,Yes,Two year,No,Electronic check,26.3,1440.45,No
CUST-02364,Male,0,Yes,No,18,Yes,No,DSL,No,Yes,No,No,No,Yes,Month-to-month,No,Electronic check,41.2,810.86,No
CUST-02365,Male,1,No,Yes,25,Yes,Yes,DSL,No internet service,Yes,No internet service,No,No,Yes,Two year,No,Mailed check,89.53,2091.66,Yes
CUST-02366,Female,0,No,No,15,Yes,No,DSL,No internet service,No internet service,No,No,No internet service,Yes,Two year,No,Credit card (automatic),84.88,1181.22,Yes
CUST-02367,Female,0,Yes,No,35,Yes,Yes,Fiber optic,Yes,Yes,No internet service,No internet service,Yes,No internet service,Two year,No,Mailed check,72.78,2676.21,No
CUST-02368,Male,0,Yes,No,3,Yes,Yes,Fiber optic,No internet service,No internet service,No,Yes,No,No internet service,Two year,No,Mailed check,77.72,242.64,No
CUST-02369,Female,0,No,No,2,Yes,No,DSL,Yes,No internet service,No,No,No,No,One year,No,Electronic check,51.76,97.02,No
CUST-02370,Male,0,No,Yes,53,Yes,No,Fiber optic,No,No internet service,Yes,No internet service,No internet service,No internet service,Month-to-month,Yes,Mailed check,72.81,3706.44,No
CUST-02371,Female,1,Yes,No,67,Yes,No phone service,DSL,No internet service,No,No,Yes,No,Yes,Month-to-month,Yes,Mailed check,35.72,2481.91,No
CUST-02372,Female,0,No,No,21,No,Yes,Fiber optic,No,No,Yes,Yes,No internet service,No internet service,Two year,Yes,Bank transfer (automatic),53.58,1123.91,No
CUST-02373,Female,0,Yes,No,67,Yes,No,No,No,Yes,No internet service,No internet service,No,No,Month-to-month,No,Bank transfer (automatic),52.36,3784.19,No
CUST-02374,Female,1,Yes,Yes,5,Yes,No,DSL,No,Yes,Yes,Yes,Yes,Yes,Month-to-month,Yes,Bank transfer (automatic),56.45,301.28,Yes
CUST-02375,Female,0,Yes,No,5,Yes,No,Fiber optic,No,No,Yes,No internet service,Yes,No internet service,Month-to-month,Yes,Bank transfer (automatic),66.39,331.09,No
CUST-02376,Male,0,No,No,38,Yes,Yes,Fiber optic,No internet service,Yes,No internet service,No,Yes,Yes,Two year,Yes,Electronic check,37.12,1457.63,No
CUST-02377,Male,0,No,Yes,5,Yes,Yes,Fiber optic,No,No,No,No,Yes,Yes,Month-to-month,Yes,Electronic check,75.27,387.15,Yes
CUST-02378,Female,0,Yes,Yes,18,Yes,No,Fiber optic,No internet service,No,Yes,No,No,No,Two year,No,Electronic check,73.49,1214.9,No
CUST-02379,Male,0,No,No,69,No,No,Fiber optic,Yes,Yes,Yes,No,No,No,One year,Yes,Bank transfer (automatic),76.89,5226.46,No
CUST-02380,Male,1,Yes,No,47,Yes,No,Fiber optic,Yes,No,No,No,Yes,Yes,Month-to-month,No,Electronic check,47.46,2203.8,No
CUST-02381,Male,0,No,No,28,Yes,No,Fiber optic,No,No,No internet service,Yes,No internet service,Yes,Month-to-month,Yes,Mailed check,90.42,2732.97,Yes
CUST-02382,Male,0,No,Yes,19,Yes,No,DSL,No internet service,No,No,No,Yes,No,Month-to-month,No,Bank transfer (automatic),85.36,1746.81,Yes
CUST-02383,Female,0,Yes,No,29,Yes,Yes,Fiber optic,No,No,Yes,No,No internet service,No,Month-to-month,Yes,Mailed check,59.19,1564.65,No
CUST-02384,Female,1,No,No,7,Yes,Yes,No,No,No internet service,No,No internet service,Yes,No,Month-to-month,No,Mailed check,45.94,343.78,No
CUST-02385,Female,0,Yes,No,18,Yes,Yes,DSL,No internet service,Yes,No,No internet service,Yes,No,Month-to-month,Yes,Mailed check,77.54,1426.9,Yes
CUST-02386,Female,0,No,Yes,27,Yes,No phone service,No,No internet service,Yes,Yes,No,No,Yes,Month-to-month,Yes,Mailed check,65.85,1605.92,No
CUST-02387,Male,0,Yes,Yes,41,Yes,No,DSL,No,Yes,No,No,Yes,No,Month-to-month,Yes,Mailed check,55.13,2206.83,No
CUST-02388,Female,1,Yes,No,53,Yes,No,Fiber optic,Yes,Yes,Yes,No,No,Yes,One year,Yes,Credit card (automatic),79.83,4559.39,No
CUST-02389,Male,0,Yes,No,6,Yes,Yes,Fiber optic,No,No,No,No,No internet service,No internet service,Month-to-month,Yes,Mailed check,34.97,203.87,No
CUST-02390,Female,0,No,No,52,Yes,No,DSL,No,No,Yes,No internet service,No,No internet service,Month-to-month,Yes,Bank transfer (automatic),58.51,3149.89,No
CUST-02391,Female,0,No,No,26,No,No,Fiber optic,No,Yes,Yes,No,No internet service,Yes,Month-to-month,Yes,Mailed check,39.27,1034.43,No
CUST-02392,Male,0,No,No,14,Yes,Yes,DSL,No internet service,No internet service,Yes,No internet service,Yes,No,One year,Yes,Electronic check,86.73,1236.04,Yes
CUST-02393,Male,1,No,No,33,No,Yes,DSL,No internet service,Yes,No internet service,No,No,Yes,One year,No,Electronic check,40.34,1326.11,No
CUST-02394,Female,0,No,No,56,Yes,No,Fiber optic,No,Yes,No internet service,Yes,No,No internet service,One year,No,Mailed check,40.07,2236.0,No
CUST-02395,Female,0,Yes,No,14,Yes,Yes,DSL,No,No internet service,Yes,No,Yes,No,One year,Yes,Bank transfer (automatic),42.61,644.58,No
CUST-02396,Male,0,No,Yes,8,Yes,Yes,Fiber optic,Yes,No,No,Yes,No internet service,Yes,Month-to-month,Yes,Credit card (automatic),23.4,183.97,No
CUST-02397,Male,0,Yes,No,30,Yes,Yes,Fiber optic,Yes,No,No internet service,No internet service,No,No,Two year,Yes,Mailed check,22.39,630.24,No
CUST-02398,Female,0,Yes,Yes,9,Yes,Yes,Fiber optic,Yes,Yes,No internet service,Yes,Yes,Yes,Month-to-month,No,Mailed check,63.5,562.33,No
CUST-02399,Female,0,Yes,No,27,Yes,No phone service,DSL,Yes,Yes,Yes,Yes,No internet service,No,Month-to-month,Yes,Electronic check,76.28,2155.5,Yes
CUST-02400,Female,0,Yes,No,47,Yes,Yes,DSL,No,Yes,No,No,Yes,No internet service,One year,Yes,Credit card (automatic),21.27,994.74,No
CUST-02401,Female,0,Yes,Yes,59,Yes,No,No,Yes,No internet service,No,No,No internet service,No internet service,One year,No,Mailed check,24.89,1536.68,No
CUST-02402,Male,0,No,Yes,50,Yes,No,No,Yes,No,No,Yes,No,No,Month-to-month,Yes,Bank transfer (automatic),31.75,1504.88,No
CUST-02403,Male,1,No,No,23,Yes,Yes,No,No internet service,No,No internet service,No internet service,No,No,Month-to-month,No,Bank transfer (automatic),22.89,535.18,No
CUST-02404,Female,0,No,No,58,No,Yes,Fiber optic,No,No,Yes,No,No internet service,No,Two year,No,Electronic check,76.77,4777.1,No
CUST-02405,Female,0,No,No,29,Yes,Yes,Fiber optic,No,Yes,No internet service,No,No internet service,Yes,Month-to-month,Yes,Bank transfer (automatic),54.1,1578.09,No
CUST-02406,Female,0,Yes,Yes,13,No,No phone service,Fiber optic,No,No,Yes,No,Yes,Yes,One year,Yes,Credit card (automatic),43.64,582.84,No
CUST-02407,Female,0,No,No,54,Yes,Yes,Fiber optic,No internet service,No internet service,Yes,No,Yes,No,Month-to-month,Yes,Bank transfer (automatic),51.96,2906.18,No
CUST-02408,Male,0,No,No,37,Yes,Yes,DSL,No,Yes,No,Yes,No,No,Month-to-month,Yes,Bank transfer (automatic),26.77,1037.97,No
CUST-02409,Male,0,Yes,No,27,Yes,No,DSL,Yes,No internet service,No internet service,Yes,No,Yes,Month-to-month,Yes,Credit card (automatic),62.11,1626.76,No
CUST-02410,Female,0,No,No,47,Yes,Yes,DSL,No,Yes,No,No,No,No,Month-to-month,No,Credit card (automatic),78.18,3767.68,No
CUST-02411,Female,0,Yes,No,52,Yes,Yes,Fiber optic,No,No internet service,No internet service,No,No,Yes,Month-to-month,No,Electronic check,27.84,1423.41,No
CUST-02412,Female,1,Yes,No,16,Yes,Yes,DSL,No internet service,Yes,No,No,No,Yes,One year,Yes,Mailed check,29.16,456.39,No
CUST-02413,Female,1,No,No,9,Yes,Yes,DSL,No,Yes,No,No internet service,Yes,No,Two year,Yes,Mailed check,57.72,516.9,No
CUST-02414,Female,0,Yes,No,14,Yes,Yes,DSL,No,No,Yes,No,No,No,One year,Yes,Credit card (automatic),83.5,1147.45,Yes
CUST-02415,Female,0,Yes,No,4,Yes,No,No,No internet service,Yes,Yes,No internet service,No,No,Two year,Yes,Credit card (automatic),27.56,99.79,No
CUST-02416,Male,0,No,No,46,Yes,No phone service,Fiber optic,Yes,Yes,No,Yes,No internet service,Yes,Month-to-month,No,Credit card (automatic),60.23,2904.67,No
CUST-02417,Male,0,Yes,Yes,32,Yes,Yes,Fiber optic,No internet service,Yes,Yes,Yes,No,No,Month-to-month,No,Mailed check,57.12,1858.67,No
CUST-02418,Male,0,No,No,11,Yes,No,DSL,No,No,No internet service,Yes,Yes,No internet service,Month-to-month,No,Electronic check,56.91,580.63,Yes
CUST-02419,Male,0,Yes,No,43,Yes,Yes,Fiber optic,No internet service,Yes,Yes,No,No internet service,Yes,One year,No,Mailed check,69.39,2841.33,No
CUST-02420,Male,1,Yes,No,27,Yes,No phone service,Fiber optic,No,No internet service,No,No internet service,Yes,Yes,Month-to-month,No,Electronic check,26.32,726.42,No
CUST-02421,Male,0,Yes,No,28,Yes,Yes,DSL,No,Yes,Yes,Yes,No,No,Month-to-month,No,Mailed check,39.95,1122.63,No
CUST-02422,Female,0,Yes,No,16,No,Yes,DSL,Yes,Yes,No,No internet service,No,No,Two year,Yes,Mailed check,64.33,1075.27,No
CUST-02423,Male,0,No,No,49,Yes,Yes,Fiber optic,Yes,No,Yes,Yes,No,No,Two year,Yes,Mailed check,56.83,2778.67,No
CUST-02424,Male,0,Yes,Yes,65,No,Yes,No,No,No internet service,No internet service,No,No internet service,Yes,One year,Yes,Mailed check,56.0,3890.89,No
CUST-02425,Female,0,Yes,No,44,Yes,No,DSL,Yes,No,Yes,Yes,No,No,Month-to-month,Yes,Bank transfer (automatic),61.18,2464.43,No
CUST-02426,Female,0,Yes,No,17,No,No,Fiber optic,Yes,No,No,No,No internet service,No,Month-to-month,No,Mailed check,58.79,1022.05,No
CUST-02427,Female,0,Yes,No,60,Yes,Yes,Fiber optic,No,No,No,No,Yes,No internet service,Month-to-month,No,Bank transfer (automatic),72.46,4235.91,No
CUST-02428,Female,0,No,No,9,Yes,Yes,Fiber optic,Yes,Yes,No internet service,No,No,Yes,One year,Yes,Electronic check,54.13,468.35,No
CUST-02429,Male,0,Yes,Yes,21,Yes,No,Fiber optic,No,Yes,No internet service,No,No,No internet service,Month-to-month,No,Mailed check,44.08,1007.81,No
CUST-02430,Male,0,Yes,No,3,No,No,No,No,No,Yes,No,Yes,No,Two year,Yes,Bank transfer (automatic),65.97,212.31,No
CUST-02431,Female,0,Yes,No,61,Yes,Yes,Fiber optic,Yes,No internet service,Yes,Yes,No,No,Two year,Yes,Bank transfer (automatic),35.55,2031.37,No
CUST-02432,Female,0,No,No,4,Yes,No phone service,Fiber optic,No,No,Yes,No,No,No,Month-to-month,Yes,Bank transfer (automatic),65.58,239.1,No
CUST-02433,Female,0,No,Yes,39,Yes,No phone service,Fiber optic,Yes,Yes,No internet service,No,Yes,Yes,Month-to-month,No,Mailed check,36.8,1540.62,No
CUST-02434,Female,0,Yes,Yes,14,Yes,No,DSL,Yes,Yes,No internet service,Yes,No,No,Month-to-month,No,Electronic check,48.82,638.27,No
CUST-02435,Female,0,No,No,1,No,Yes,Fiber optic,Yes,No internet service,No,No,No,No,One year,No,Mailed check,96.08,104.31,Yes
CUST-02436,Male,0,No,No,44,Yes,No,DSL,Yes,No internet service,No,No internet service,Yes,No internet service,Month-to-month,No,Electronic check,57.66,2424.05,No
CUST-02437,Female,0,No,No,58,Yes,Yes,DSL,Yes,No,No,No,No,No internet service,Two year,Yes,Credit card (automatic),25.14,1432.36,No
CUST-02438,Female,0,No,No,12,Yes,Yes,DSL,No,No,No internet service,Yes,No internet service,Yes,One year,Yes,Mailed check,99.31,1083.27,Yes
CUST-02439,Male,0,Yes,No,12,Yes,No,No,No,No,Yes,Yes,No internet service,Yes,Two year,No,Bank transfer (automatic),68.71,830.71,No
CUST-02440,Female,0,Yes,No,21,Yes,No,No,Yes,No internet service,No internet service,No,Yes,No,Two year,Yes,Electronic check,79.81,1571.67,No
CUST-02441,Female,1,No,No,67,No,Yes,DSL,No,No,No,No,No internet service,No,Month-to-month,Yes,Mailed check,48.01,3172.33,No
CUST-02442,Male,0,No,Yes,5,Yes,Yes,Fiber optic,No internet service,No internet service,No,No,Yes,No internet service,Two year,Yes,Electronic check,25.16,136.35,No
CUST-02443,Male,0,Yes,No,20,Yes,No,Fiber optic,No,No internet service,No,No internet service,No,Yes,Month-to-month,Yes,Mailed check,82.02,1559.22,Yes
CUST-02444,Male,0,No,No,29,Yes,Yes,Fiber optic,No internet service,Yes,No,Yes,No,No internet service,Two year,Yes,Electronic check,49.4,1471.26,No
CUST-02445,Male,0,No,No,24,Yes,No,DSL,Yes,No,No internet service,No internet service,No internet service,No,Month-to-month,Yes,Mailed check,24.41,550.92,No
CUST-02446,Female,0,No,No,13,Yes,Yes,No,No,No,Yes,No,Yes,Yes,Two year,No,Bank transfer (automatic),79.93,1061.92,Yes
CUST-02447,Female,0,Yes,Yes,39,No,Yes,Fiber optic,No,Yes,Yes,No internet service,No internet service,Yes,One year,Yes,Electronic check,52.33,1954.81,No
CUST-02448,Female,1,Yes,No,44,No,No,Fiber optic,No,Yes,No,No,No,No,Month-to-month,No,Credit card (automatic),44.97,2050.53,No
CUST-02449,Male,0,No,Yes,23,Yes,No,No,No,No,No,No internet service,No,Yes,Month-to-month,Yes,Mailed check,58.91,1428.26,Yes
CUST-02450,Female,0,No,Yes,49,Yes,No,No,No,No internet service,No,No,No,Yes,Two year,No,Electronic check,21.7,1144.25,No
CUST-02451,Male,0,No,No,5,Yes,No,DSL,No internet service,No,No,Yes,Yes,No internet service,Two year,No,Electronic check,51.13,277.05,No
CUST-02452,Male,0,Yes,Yes,52,Yes,No,Fiber optic,No,No,No,No internet service,No internet service,No,Month-to-month,Yes,Mailed check,48.53,2392.99,No
CUST-02453,Male,0,Yes,No,12,Yes,No,Fiber optic,No,No,No internet service,No,Yes,Yes,Two year,No,Mailed check,74.04,822.55,Yes
CUST-02454,Male,0,Yes,No,16,No,No,Fiber optic,Yes,No,No,No,No,Yes,One year,No,Electronic check,59.52,866.33,No
CUST-02455,Male,0,Yes,Yes,14,Yes,Yes,No,No,No internet service,No internet service,No internet service,No,No,Two year,Yes,Mailed check,44.66,652.8,No
CUST-02456,Male,0,No,No,62,Yes,Yes,Fiber optic,No,Yes,No,No,No,No,Two year,Yes,Credit card (automatic),54.31,3156.36,No
CUST-02457,Male,0,Yes,No,36,Yes,No,Fiber optic,No,No,No,No,No,No,Two year,Yes,Electronic check,73.1,2789.58,No
CUST-02458,Male,0,No,Yes,50,Yes,Yes,Fiber optic,No internet service,Yes,No,No,No,Yes,Month-to-month,Yes,Bank transfer (automatic),41.83,2285.93,No
CUST-02459,Male,1,Yes,Yes,15,No,Yes,Fiber optic,No,No,No,No,No,Yes,Month-to-month,No,Credit card (automatic),43.88,611.86,No
CUST-02460,Male,0,Yes,No,5,Yes,Yes,DSL,No,No,Yes,No,No internet service,No,Two year,Yes,Credit card (automatic),71.95,344.16,No
CUST-02461,Male,0,No,Yes,3,Yes,Yes,DSL,No,No,No,No internet service,No,Yes,One year,Yes,Credit card (automatic),41.49,125.07,No
CUST-02462,Female,1,Yes,No,7,No,Yes,Fiber optic,Yes,Yes,Yes,No,No,No internet service,Month-to-month,No,Mailed check,96.85,668.53,Yes
CUST-02463,Female,1,No,No,24,Yes,No,DSL,No,No internet service,No internet service,Yes,Yes,Yes,One year,Yes,Electronic check,68.05,1609.01,No
CUST-02464,Male,1,No,No,55,Yes,Yes,DSL,No,Yes,No internet service,Yes,No internet service,No,Two year,Yes,Mailed check,55.51,2880.31,No
CUST-02465,Female,0,Yes,No,56,Yes,No,Fiber optic,No internet service,No internet service,No,No,No internet service,No,Month-to-month,No,Bank transfer (automatic),76.03,4589.11,No
CUST-02466,Female,1,No,Yes,23,No,Yes,DSL,No internet service,Yes,Yes,No,Yes,Yes,Two year,Yes,Electronic check,48.24,1149.82,No
CUST-02467,Female,0,Yes,No,31,No,Yes,Fiber optic,Yes,No,No,Yes,Yes,No internet service,Month-to-month,No,Mailed check,48.74,1406.34,No
CUST-02468,Male,0,Yes,Yes,28,No,Yes,Fiber optic,Yes,Yes,No internet service,No internet service,Yes,No,One year,Yes,Credit card (automatic),22.58,569.58,No
CUST-02469,Female,0,Yes,No,21,Yes,Yes,DSL,No,Yes,Yes,Yes,No,No internet service,Two year,No,Electronic check,67.11,1483.35,Yes
CUST-02470,Male,1,Yes,No,45,Yes,Yes,DSL,Yes,No,No internet service,Yes,Yes,No,Month-to-month,Yes,Credit card (automatic),52.4,2129.68,No
CUST-02471,Female,1,No,Yes,47,Yes,Yes,Fiber optic,Yes,No internet service,Yes,Yes,Yes,Yes,Month-to-month,No,Electronic check,31.23,1579.49,No
CUST-02472,Male,0,Yes,No,4,Yes,No phone service,Fiber optic,No,No,No,Yes,No internet service,Yes,Month-to-month,Yes,Electronic check,47.22,189.99,No
CUST-02473,Female,0,No,No,24,Yes,No phone service,Fiber optic,No,No,No internet service,No,Yes,Yes,Month-to-month,Yes,Bank transfer (automatic),37.0,964.38,No
CUST-02474,Female,0,Yes,Yes,69,Yes,Yes,Fiber optic,Yes,Yes,No,Yes,Yes,Yes,One year,Yes,Electronic check,21.25,1545.97,No
CUST-02475,Male,0,No,No,25,Yes,Yes,Fiber optic,No internet service,No internet service,Yes,No,No,No,Two year,Yes,Mailed check,48.51,1308.4,No
CUST-02476,Female,0,No,Yes,13,Yes,Yes,Fiber optic,No,Yes,No internet service,No,Yes,No,Two year,No,Electronic check,58.78,801.4,No
CUST-02477,Male,0,Yes,Yes,4,No,No phone service,DSL,No,No,No internet service,Yes,Yes,No internet service,Two year,Yes,Electronic check,84.18,341.88,Yes
CUST-02478,Female,0,Yes,Yes,2,Yes,No,DSL,Yes,No internet service,Yes,No internet service,No,No internet service,Two year,Yes,Mailed check,66.59,124.47,No
CUST-02479,Female,0,No,No,24,Yes,Yes,DSL,Yes,Yes,No,No,Yes,No,Month-to-month,No,Bank transfer (automatic),59.67,1497.28,Yes
CUST-02480,Male,1,No,No,10,Yes,No,Fiber optic,No,Yes,No,No,Yes,Yes,Two year,Yes,Electronic check,67.46,687.05,Yes
CUST-02481,Female,1,Yes,No,43,Yes,No,Fiber optic,No internet service,No internet service,No,No,No,No,Two year,No,Electronic check,76.09,3242.2,No
CUST-02482,Female,0,Yes,No,29,Yes,Yes,DSL,No internet service,Yes,No,Yes,No internet service,No internet service,One year,No,Mailed check,75.3,2209.29,No
CUST-02483,Female,0,No,No,7,Yes,No,Fiber optic,Yes,No,No internet service,No,No internet service,No,Month-to-month,Yes,Bank transfer (automatic),44.39,294.09,No
CUST-02484,Male,0,No,No,23,Yes,No,No,No,No internet service,Yes,No,Yes,No,Month-to-month,Yes,Mailed check,84.55,1907.48,Yes
CUST-02485,Female,0,Yes,No,53,No,No phone service,DSL,No,Yes,Yes,No,Yes,Yes,Month-to-month,No,Mailed check,71.06,3483.11,No
CUST-02486,Female,0,Yes,No,13,Yes,No,Fiber optic,No,No,No,Yes,Yes,Yes,One year,No,Electronic check,68.82,878.51,Yes
CUST-02487,Male,0,Yes,Yes,67,Yes,Yes,Fiber optic,No internet service,No,Yes,Yes,No,No internet service,Month-to-month,Yes,Mailed check,27.03,1799.03,No
CUST-02488,Female,0,No,No,65,Yes,No,Fiber optic,No,Yes,Yes,No internet service,Yes,No,Month-to-month,No,Bank transfer (automatic),26.89,1872.92,No
CUST-02489,Male,1,No,Yes,50,Yes,Yes,DSL,No,Yes,No internet service,Yes,No,Yes,Month-to-month,Yes,Electronic check,27.87,1401.08,No
CUST-02490,Female,0,No,No,38,Yes,Yes,No,Yes,No,No,No internet service,No,Yes,Month-to-month,Yes,Credit card (automatic),66.85,2748.03,No
CUST-02491,Female,0,No,No,50,Yes,Yes,Fiber optic,Yes,Yes,No,No,No internet service,No,Month-to-month,No,Mailed check,56.11,3068.05,No
CUST-02492,Female,0,No,No,25,Yes,No,Fiber optic,No,No,No internet service,No,No,Yes,One year,Yes,Electronic check,99.19,2256.07,Yes
CUST-02493,Male,0,Yes,No,16,Yes,Yes,Fiber optic,No,No internet service,No internet service,No,No,Yes,Two year,Yes,Credit card (automatic),89.84,1465.37,Yes
CUST-02494,Male,0,Yes,No,28,Yes,No,Fiber optic,No,Yes,No,Yes,Yes,Yes,Two year,Yes,Electronic check,27.41,736.66,No
CUST-02495,Male,0,Yes,No,5,Yes,No phone service,Fiber optic,No internet service,Yes,No,No,No internet service,Yes,Two year,Yes,Mailed check,61.14,327.18,Yes
CUST-02496,Female,0,No,No,4,Yes,No phone service,Fiber optic,No,No,Yes,No,Yes,Yes,Month-to-month,No,Credit card (automatic),73.15,292.25,No
CUST-02497,Female,0,No,Yes,61,Yes,Yes,Fiber optic,No internet service,No,Yes,No,Yes,Yes,Two year,No,Credit card (automatic),51.86,2896.52,No
CUST-02498,Female,1,Yes,Yes,25,Yes,No phone service,Fiber optic,No,No,Yes,No internet service,Yes,Yes,One year,Yes,Credit card (automatic),67.46,1590.37,Yes
CUST-02499,Female,0,Yes,No,30,Yes,Yes,Fiber optic,No internet service,No,No,Yes,No,Yes,Month-to-month,No,Mailed check,36.99,1148.29,No
CUST-02500,Female,0,Yes,No,3,Yes,Yes,Fiber optic,No,No internet service,Yes,No,No,No,Month-to-month,No,Electronic check,88.39,242.88,Yes
CUST-02501,Female,1,No,No,60,Yes,Yes,No,Yes,No,No internet service,No,Yes,Yes,Two year,Yes,Bank transfer (automatic),46.28,2709.64,No
CUST-02502,Male,0,No,Yes,33,Yes,No,No,No internet service,No,No internet service,No,Yes,Yes,Month-to-month,Yes,Credit card (automatic),25.26,895.54,No
CUST-02503,Male,1,No,No,49,Yes,No,DSL,No,Yes,No,Yes,No internet service,No internet service,One year,Yes,Credit card (automatic),49.24,2185.58,No
CUST-02504,Male,0,Yes,No,37,Yes,No,No,Yes,Yes,No,No,No,Yes,Month-to-month,No,Mailed check,70.81,2722.78,No
CUST-02505,Male,0,No,No,20,Yes,No,No,No,No,No,No,No,No,Month-to-month,No,Mailed check,23.11,478.42,No
CUST-02506,Male,0,Yes,Yes,2,Yes,No,Fiber optic,No,Yes,Yes,No internet service,Yes,No,Month-to-month,No,Credit card (automatic),93.21,179.74,Yes
CUST-02507,Female,1,No,Yes,14,Yes,No,Fiber optic,Yes,Yes,No internet service,No,Yes,No,One year,Yes,Mailed check,72.4,935.09,No
CUST-02508,Female,0,No,No,16,No,Yes,Fiber optic,No,Yes,Yes,No,Yes,Yes,Month-to-month,Yes,Credit card (automatic),67.4,992.65,No
CUST-02509,Female,1,No,No,50,Yes,Yes,Fiber optic,Yes,No internet service,No,Yes,No internet service,No internet service,Month-to-month,Yes,Mailed check,49.61,2713.28,No
CUST-02510,Female,0,Yes,Yes,51,Yes,No,Fiber optic,Yes,No,Yes,Yes,No,No,Two year,Yes,Credit card (automatic),30.28,1598.92,No
CUST-02511,Female,0,Yes,No,68,Yes,No,No,No internet service,No internet service,No internet service,No,Yes,Yes,One year,No,Electronic check,70.91,4702.29,No
CUST-02512,Male,1,No,No,51,No,Yes,Fiber optic,No,Yes,No,No,No,Yes,Month-to-month,Yes,Electronic check,29.19,1588.0,No
CUST-02513,Male,0,No,Yes,2,No,Yes,DSL,No,No,Yes,Yes,Yes,No,One year,No,Electronic check,36.61,67.41,No
CUST-02514,Male,0,No,No,26,Yes,Yes,Fiber optic,Yes,No,No,No internet service,Yes,Yes,One year,Yes,Bank transfer (automatic),67.98,1635.6,Yes
CUST-02515,Male,0,Yes,No,30,Yes,Yes,Fiber optic,No internet service,No internet service,No internet service,No internet service,No internet service,No,Month-to-month,Yes,Mailed check,47.54,1339.93,No
CUST-02516,Female,0,Yes,No,1,Yes,Yes,Fiber optic,Yes,No,No,Yes,No,Yes,One year,No,Electronic check,57.75,60.79,No
CUST-02517,Male,0,No,No,42,Yes,Yes,DSL,Yes,Yes,No,No internet service,Yes,Yes,Month-to-month,No,Electronic check,69.63,2871.17,No
CUST-02518,Male,0,Yes,No,13,No,Yes,Fiber optic,No,No,Yes,No internet service,Yes,No,One year,Yes,Mailed check,47.68,637.51,No
CUST-02519,Female,0,No,No,30,Yes,Yes,No,Yes,No,No,No,No internet service,No,Two year,No,Mailed check,78.24,2221.6,No
CUST-02520,Male,0,Yes,Yes,2,Yes,Yes,DSL,Yes,Yes,No,No,No,Yes,Month-to-month,No,Credit card (automatic),61.48,129.78,Yes
CUST-02521,Male,0,No,No,6,Yes,No,Fiber optic,Yes,No internet service,Yes,Yes,Yes,No,Two year,Yes,Mailed check,56.26,357.93,No
CUST-02522,Female,0,No,No,61,No,Yes,DSL,No,No,No,No,Yes,Yes,Month-to-month,Yes,Bank transfer (automatic),30.52,1829.42,No
CUST-02523,Male,0,No,Yes,37,Yes,Yes,Fiber optic,No internet service,No,No,No,No internet service,Yes,Month-to-month,Yes,Mailed check,31.41,1094.6,No
CUST-02524,Female,0,No,No,26,Yes,Yes,Fiber optic,No,No internet service,No,No,Yes,No internet service,Month-to-month,Yes,Credit card (automatic),88.68,2365.65,Yes
CUST-02525,Male,0,Yes,Yes,34,Yes,No,No,No,No internet service,No,No,No,No,Month-to-month,Yes,Credit card (automatic),63.25,2045.61,No
CUST-02526,Male,0,Yes,No,19,Yes,No,Fiber optic,No internet service,No,No internet service,Yes,Yes,No internet service,Month-to-month,Yes,Credit card (automatic),63.39,1119.69,Yes
CUST-02527,Male,0,Yes,Yes,58,No,No phone service,No,No internet service,No internet service,No internet service,Yes,No internet service,Yes,Month-to-month,Yes,Electronic check,49.04,2910.19,No
CUST-02528,Male,0,No,No,16,Yes,Yes,No,No internet service,No,No,No,No internet service,No,Two year,Yes,Mailed check,41.37,663.63,No
CUST-02529,Female,0,Yes,No,65,Yes,Yes,No,No internet service,No internet service,No,Yes,No,No,One year,No,Credit card (automatic),46.33,3182.17,No
CUST-02530,Female,0,No,No,14,Yes,Yes,Fiber optic,Yes,No,Yes,Yes,Yes,No,Month-to-month,Yes,Mailed check,33.33,447.24,No
CUST-02531,Male,0,No,No,71,Yes,No,DSL,Yes,No internet service,No,No,No,No internet service,Month-to-month,Yes,Mailed check,28.44,1908.3,No
CUST-02532,Male,0,No,No,46,Yes,No phone service,Fiber optic,Yes,No internet service,No,No internet service,No,Yes,One year,Yes,Mailed check,39.23,1855.3,No
CUST-02533,Female,0,No,No,37,Yes,Yes,Fiber optic,No,No,Yes,No,No,No,Two year,No,Bank transfer (automatic),72.14,2776.51,No
CUST-02534,Female,0,Yes,No,15,Yes,No,Fiber optic,No,No internet service,No internet service,No,Yes,No,Month-to-month,No,Bank transfer (automatic),68.31,1006.9,No
CUST-02535,Female,0,No,No,41,Yes,No,No,No,No,No,No,Yes,No,Two year,Yes,Electronic check,26.1,1057.76,No
CUST-02536,Female,0,Yes,No,40,No,Yes,DSL,No internet service,No internet service,No,No internet service,Yes,Yes,Month-to-month,Yes,Electronic check,25.27,934.7,No
CUST-02537,Male,0,No,No,70,Yes,No,No,Yes,No,Yes,No,No,No internet service,Month-to-month,Yes,Credit card (automatic),49.58,3449.37,No
CUST-02538,Female,1,Yes,No,11,Yes,No,No,No internet service,No internet service,No internet service,No internet service,Yes,No,Two year,Yes,Bank transfer (automatic),80.09,962.28,Yes
CUST-02539,Male,1,No,No,35,Yes,No,Fiber optic,No,No,Yes,No internet service,No,Yes,Two year,Yes,Mailed check,69.41,2241.66,No
CUST-02540,Female,1,No,No,28,Yes,No,No,No,No,Yes,No internet service,Yes,No,Month-to-month,Yes,Bank transfer (automatic),49.17,1395.48,No
CUST-02541,Male,0,Yes,Yes,28,Yes,Yes,DSL,Yes,No internet service,Yes,No internet service,No internet service,Yes,Two year,Yes,Bank transfer (automatic),71.16,1800.56,No
CUST-02542,Male,0,Yes,No,27,Yes,Yes,Fiber optic,Yes,No internet service,No internet service,No internet service,Yes,Yes,Month-to-month,No,Bank transfer (automatic),26.49,690.25,No
CUST-02543,Male,0,Yes,No,1,Yes,No,DSL,No,No,Yes,No internet service,Yes,Yes,Two year,Yes,Credit card (automatic),78.2,82.28,No
CUST-02544,Male,0,No,No,3,Yes,No,DSL,No internet service,No,No,No,No,No,Two year,No,Mailed check,66.03,200.75,No
CUST-02545,Female,0,No,Yes,12,Yes,No,DSL,No,Yes,No internet service,Yes,No,No,Month-to-month,Yes,Bank transfer (automatic),61.53,676.5,Yes
CUST-02546,Female,0,No,No,2,Yes,No,DSL,No internet service,No,Yes,No,Yes,No,Two year,Yes,Credit card (automatic),96.52,191.18,Yes
CUST-02547,Female,1,Yes,No,30,Yes,Yes,DSL,No,No internet service,No,No,Yes,No internet service,Month-to-month,Yes,Electronic check,48.22,1324.82,No
CUST-02548,Female,1,Yes,No,50,Yes,No phone service,Fiber optic,No,Yes,No,Yes,Yes,No internet service,Month-to-month,Yes,Electronic check,28.93,1409.91,No
CUST-02549,Male,0,Yes,Yes,44,Yes,No,DSL,No,No internet service,Yes,No internet service,No,No internet service,Month-to-month,No,Mailed check,49.81,2309.53,No
CUST-02550,Female,1,No,No,26,No,No,Fiber optic,Yes,No,No,Yes,Yes,Yes,Month-to-month,No,Electronic check,68.91,1705.03,No
CUST-02551,Male,1,Yes,Yes,54,Yes,No phone service,Fiber optic,No,Yes,Yes,No,Yes,No,One year,No,Bank transfer (automatic),71.57,3828.75,No
CUST-02552,Female,0,Yes,No,12,Yes,No phone service,Fiber optic,Yes,No internet service,Yes,Yes,No internet service,Yes,Month-to-month,Yes,Bank transfer (automatic),49.31,591.76,No
CUST-02553,Female,0,Yes,No,34,Yes,No,No,No,No,No internet service,No,Yes,Yes,Month-to-month,Yes,Mailed check,63.94,2327.56,No
CUST-02554,Female,0,No,No,8,No,Yes,Fiber optic,No internet service,No,Yes,Yes,Yes,No,Two year,No,Mailed check,34.82,257.47,No
CUST-02555,Female,0,Yes,No,38,No,Yes,Fiber optic,No internet service,No,Yes,No,No,No internet service,One year,No,Bank transfer (automatic),33.83,1298.5,No
CUST-02556,Female,0,Yes,No,7,Yes,No,DSL,No,Yes,No internet service,No,Yes,No,Month-to-month,Yes,Electronic check,55.18,350.01,No
CUST-02557,Male,0,Yes,Yes,67,Yes,No,DSL,No,No,No internet service,Yes,Yes,Yes,Month-to-month,Yes,Bank transfer (automatic),45.31,2788.86,No
CUST-02558,Male,0,No,No,47,Yes,Yes,Fiber optic,No,No,No,Yes,No,No,One year,No,Mailed check,29.66,1316.16,No
CUST-02559,Male,0,No,No,18,Yes,No,No,No,No internet service,No,Yes,Yes,Yes,One year,Yes,Electronic check,65.68,1234.19,No
CUST-02560,Male,0,Yes,No,44,Yes,No,Fiber optic,Yes,No,No internet service,No internet service,No,No,Month-to-month,Yes,Electronic check,51.93,2075.21,No
CUST-02561,Male,0,No,Yes,25,Yes,Yes,No,No,No,Yes,No,No,Yes,Month-to-month,No,Credit card (automatic),51.22,1394.48,No
CUST-02562,Male,1,No,No,37,Yes,Yes,No,No,No internet service,No,No,No,Yes,One year,Yes,Electronic check,31.36,1143.53,No
CUST-02563,Male,0,Yes,Yes,12,Yes,No,No,No internet service,No internet service,Yes,No internet service,No internet service,Yes,Two year,Yes,Mailed check,34.47,441.66,No
CUST-02564,Female,0,Yes,No,36,Yes,No phone service,Fiber optic,No internet service,No,No internet service,Yes,Yes,No internet service,Month-to-month,Yes,Electronic check,61.56,2092.89,No
CUST-02565,Female,0,Yes,No,8,Yes,No,No,No,No internet service,No,Yes,No,Yes,Month-to-month,No,Bank transfer (automatic),71.11,550.43,No
CUST-02566,Female,0,No,Yes,11,Yes,Yes,Fiber optic,Yes,No,No internet service,No internet service,No,No,Month-to-month,No,Mailed check,30.63,352.23,No
CUST-02567,Female,0,Yes,Yes,21,No,No phone service,Fiber optic,No,Yes,No internet service,Yes,No,No,One year,Yes,Mailed check,57.48,1177.92,Yes
CUST-02568,Female,0,Yes,Yes,36,Yes,No,DSL,No internet service,No,No internet service,No,Yes,No,Two year,Yes,Mailed check,67.29,2426.07,No
CUST-02569,Male,0,No,No,21,Yes,No,No,Yes,No,Yes,No,Yes,Yes,One year,Yes,Credit card (automatic),68.89,1536.17,No
CUST-02570,Female,0,Yes,Yes,5,Yes,No,Fiber optic,No internet service,No,No,No,Yes,Yes,Month-to-month,Yes,Electronic check,54.9,282.8,No
CUST-02571,Female,0,Yes,No,31,Yes,Yes,DSL,Yes,Yes,No internet service,Yes,Yes,Yes,One year,Yes,Bank transfer (automatic),41.11,1360.02,No
CUST-02572,Male,0,No,No,3,Yes,Yes,Fiber optic,No internet service,Yes,Yes,Yes,No internet service,Yes,Two year,No,Electronic check,63.78,175.52,Yes
CUST-02573,Male,1,No,No,51,Yes,Yes,DSL,No internet service,No,Yes,No,No,No internet service,Month-to-month,No,Electronic check,48.8,2542.59,No
CUST-02574,Male,0,Yes,No,5,Yes,Yes,Fiber optic,No internet service,No,No,No,Yes,No,Month-to-month,No,Credit card (automatic),33.31,169.92,No
CUST-02575,Male,0,Yes,Yes,14,Yes,No,No,No,Yes,No,Yes,No,Yes,Month-to-month,Yes,Credit card (automatic),97.86,1399.39,Yes
CUST-02576,Male,0,No,Yes,31,Yes,Yes,Fiber optic,No internet service,Yes,No,No internet service,No,No,Month-to-month,Yes,Bank transfer (automatic),47.46,1497.39,No
CUST-02577,Female,0,Yes,No,9,Yes,Yes,DSL,No,Yes,Yes,No internet service,No,No,One year,Yes,Bank transfer (automatic),80.95,761.17,Yes
CUST-02578,Male,0,No,No,26,Yes,No,DSL,Yes,No,No,No,Yes,No internet service,One year,Yes,Credit card (automatic),87.42,2429.31,Yes
CUST-02579,Female,1,No,No,23,Yes,Yes,Fiber optic,No,Yes,Yes,No,No,No,Two year,Yes,Credit card (automatic),44.67,971.85,No
CUST-02580,Female,0,Yes,Yes,56,Yes,No,DSL,No internet service,No,No internet service,No,No internet service,No,Month-to-month,Yes,Electronic check,37.09,1912.77,No
CUST-02581,Female,0,Yes,No,24,Yes,No,DSL,Yes,No,No,No,No,No internet service,Two year,Yes,Bank transfer (automatic),77.74,1706.79,No
CUST-02582,Male,0,Yes,Yes,13,No,Yes,DSL,No,No internet service,No,No,Yes,Yes,Two year,Yes,Credit card (automatic),90.44,1095.4,Yes
CUST-02583,Male,1,No,No,7,Yes,No,DSL,No,No,Yes,Yes,No internet service,No,Month-to-month,No,Mailed check,20.67,149.2,No
CUST-02584,Male,0,No,No,66,Yes,Yes,No,No internet service,No,No,Yes,Yes,No,Month-to-month,Yes,Mailed check,70.99,4607.09,No
CUST-02585,Male,0,No,No,15,Yes,Yes,Fiber optic,Yes,No,No internet service,No internet service,Yes,No internet service,Two year,No,Electronic check,72.73,1058.11,Yes
CUST-02586,Female,0,No,No,22,Yes,No,Fiber optic,Yes,No,Yes,No internet service,Yes,Yes,Month-to-month,No,Bank transfer (automatic),96.42,2295.16,Yes
CUST-02587,Female,0,No,No,66,Yes,Yes,Fiber optic,Yes,No,No,No,No internet service,No internet service,Month-to-month,Yes,Bank transfer (automatic),44.46,3169.21,No
CUST-02588,Male,0,No,Yes,27,Yes,No,DSL,No,Yes,No,No,Yes,No internet service,Month-to-month,No,Electronic check,81.27,2211.36,Yes
CUST-02589,Male,1,Yes,Yes,26,Yes,No,DSL,No,Yes,Yes,No,No,Yes,Two year,Yes,Bank transfer (automatic),69.92,1802.83,No
CUST-02590,Female,0,No,Yes,47,Yes,No phone service,DSL,No,No,No internet service,No,No,No,Month-to-month,No,Electronic check,73.12,3278.86,No
CUST-02591,Female,0,Yes,No,27,Yes,No,No,No,Yes,No,Yes,Yes,No internet service,Month-to-month,Yes,Credit card (automatic),96.24,2577.64,Yes
CUST-02592,Female,1,No,No,18,Yes,No,DSL,No,No,No,Yes,Yes,Yes,Month-to-month,Yes,Electronic check,72.08,1274.32,No
CUST-02593,Female,0,Yes,Yes,51,Yes,No phone service,Fiber optic,Yes,No,No internet service,Yes,Yes,No,Two year,No,Mailed check,57.04,2622.18,No
CUST-02594,Male,0,No,No,15,No,Yes,Fiber optic,Yes,No,Yes,Yes,No,Yes,Month-to-month,No,Electronic check,21.94,346.12,No
CUST-02595,Male,0,Yes,No,26,Yes,Yes,Fiber optic,No,Yes,No,Yes,Yes,No,Month-to-month,Yes,Mailed check,26.51,680.79,No
CUST-02596,Male,0,Yes,No,26,Yes,No phone service,Fiber optic,No internet service,Yes,Yes,No,Yes,Yes,Month-to-month,Yes,Bank transfer (automatic),22.73,558.22,No
CUST-02597,Female,0,No,No,11,Yes,No phone service,DSL,No,No internet service,No internet service,No,Yes,No internet service,Month-to-month,No,Electronic check,76.91,874.14,No
CUST-02598,Female,0,No,No,59,Yes,Yes,DSL,No,No,No internet service,Yes,Yes,No,One year,Yes,Mailed check,45.59,2661.66,No
CUST-02599,Female,0,Yes,No,48,Yes,No phone service,Fiber optic,No internet service,Yes,No,No,Yes,No,Month-to-month,Yes,Credit card (automatic),62.94,2908.57,No
CUST-02600,Female,0,No,No,11,Yes,Yes,DSL,No,No,No,No internet service,Yes,Yes,One year,Yes,Mailed check,79.47,827.11,Yes
CUST-02601,Female,0,No,No,38,Yes,Yes,No,Yes,No internet service,No,No internet service,No,No,Month-to-month,Yes,Mailed check,67.59,2341.96,No
CUST-02602,Male,0,No,Yes,13,Yes,Yes,Fiber optic,No,No,No,No internet service,Yes,Yes,Month-to-month,No,Electronic check,84.55,1099.81,Yes
CUST-02603,Male,0,Yes,No,20,Yes,No phone service,DSL,Yes,No,No,No,Yes,No internet service,One year,Yes,Electronic check,75.42,1470.82,No
CUST-02604,Male,1,No,No,3,Yes,No,DSL,No internet service,No internet service,Yes,Yes,No,No,Month-to-month,No,Electronic check,55.75,151.87,Yes
CUST-02605,Female,0,No,Yes,67,Yes,Yes,Fiber optic,No internet service,Yes,No internet service,No,Yes,Yes,Two year,No,Credit card (automatic),67.33,4792.97,No
CUST-02606,Male,0,Yes,No,25,Yes,No,No,Yes,No,No,No,No internet service,No internet service,One year,Yes,Mailed check,56.2,1491.63,Yes
CUST-02607,Male,1,No,No,50,Yes,Yes,Fiber optic,No,Yes,Yes,No,Yes,No internet service,One year,No,Electronic check,51.23,2556.39,No
CUST-02608,Male,0,Yes,No,9,Yes,No,DSL,Yes,No,No,No internet service,No internet service,Yes,Month-to-month,Yes,Bank transfer (automatic),76.89,738.91,No
CUST-02609,Male,1,Yes,Yes,68,No,Yes,Fiber optic,Yes,No,No,Yes,No,Yes,Two year,No,Credit card (automatic),49.74,3369.47,No
CUST-02610,Male,0,Yes,No,4,Yes,Yes,Fiber optic,Yes,No internet service,No,No internet service,No,No,Two year,Yes,Electronic check,86.04,321.37,Yes
CUST-02611,Female,0,Yes,No,31,Yes,No,Fiber optic,Yes,No,No internet service,No,Yes,No,Month-to-month,Yes,Bank transfer (automatic),22.16,689.38,No
CUST-02612,Male,1,No,Yes,25,Yes,Yes,Fiber optic,No,No,Yes,No,Yes,No,One year,No,Electronic check,59.45,1430.54,No
CUST-02613,Female,0,No,No,26,Yes,Yes,Fiber optic,No,No,No,No internet service,No internet service,No,Two year,Yes,Electronic check,74.7,1923.7,No
CUST-02614,Male,1,Yes,Yes,17,No,Yes,Fiber optic,No,Yes,No,Yes,Yes,Yes,Two year,No,Bank transfer (automatic),73.96,1375.68,No
CUST-02615,Male,0,No,Yes,43,Yes,No phone service,No,No internet service,No,Yes,Yes,No,No,Month-to-month,No,Bank transfer (automatic),49.1,2050.3,No
CUST-02616,Male,0,Yes,No,28,Yes,Yes,Fiber optic,No internet service,Yes,No internet service,No internet service,No,No internet service,Month-to-month,No,Bank transfer (automatic),57.05,1506.63,Yes
CUST-02617,Female,0,Yes,No,18,No,Yes,Fiber optic,Yes,No,No,No,Yes,Yes,Month-to-month,Yes,Mailed check,68.63,1143.57,No
CUST-02618,Male,0,No,No,54,Yes,Yes,DSL,No,Yes,No,Yes,Yes,No,Two year,Yes,Electronic check,40.1,2331.67,No
CUST-02619,Female,0,Yes,Yes,41,Yes,Yes,DSL,No internet service,Yes,Yes,Yes,Yes,Yes,Month-to-month,No,Mailed check,76.23,2822.22,No
CUST-02620,Male,0,Yes,No,55,Yes,No phone service,DSL,No internet service,No,No,Yes,No,No,Two year,Yes,Electronic check,35.04,2084.25,No
CUST-02621,Female,0,Yes,No,55,Yes,Yes,No,No,Yes,No,No,No internet service,Yes,Two year,Yes,Bank transfer (automatic),24.46,1227.39,No
CUST-02622,Male,0,Yes,No,3,Yes,No,No,Yes,No,No,Yes,Yes,No internet service,One year,Yes,Electronic check,66.32,209.01,No
CUST-02623,Male,0,Yes,Yes,6,Yes,Yes,Fiber optic,No,No,No,Yes,No internet service,No internet service,Month-to-month,Yes,Electronic check,87.53,503.51,Yes
CUST-02624,Female,0,Yes,No,65,Yes,No,Fiber optic,Yes,No,No,No internet service,Yes,Yes,Month-to-month,Yes,Credit card (automatic),41.35,2553.31,No
CUST-02625,Male,0,Yes,Yes,12,Yes,No,Fiber optic,Yes,Yes,No internet service,No,No,No,Two year,Yes,Bank transfer (automatic),39.25,440.85,No
CUST-02626,Female,0,Yes,No,4,Yes,Yes,DSL,Yes,No internet service,Yes,Yes,Yes,Yes,Two year,No,Electronic check,88.38,327.68,Yes
CUST-02627,Female,1,No,No,54,Yes,No,DSL,No,No,No internet service,No internet service,No internet service,Yes,One year,Yes,Electronic check,54.3,2677.82,No
CUST-02628,Male,0,Yes,No,36,Yes,No,DSL,No,Yes,No,No internet service,No,Yes,Month-to-month,No,Bank transfer (automatic),79.51,2664.88,No
CUST-02629,Female,0,No,No,1,Yes,No phone service,Fiber optic,No,No,Yes,No,No,No internet service,One year,No,Credit card (automatic),40.61,41.33,No
CUST-02630,Male,0,Yes,No,1,Yes,No,Fiber optic,No internet service,No internet service,No,No,No internet service,No,One year,Yes,Bank transfer (automatic),44.84,45.46,No
CUST-02631,Male,0,Yes,Yes,48,Yes,Yes,DSL,No,No internet service,No,No,No internet service,No internet service,Month-to-month,Yes,Electronic check,32.71,1501.33,No
CUST-02632,Female,0,Yes,No,64,Yes,No,Fiber optic,No,No,No internet service,No,No,Yes,Month-to-month,Yes,Credit card (automatic),45.82,3037.98,No
CUST-02633,Male,0,Yes,Yes,25,Yes,No phone service,No,No internet service,Yes,No,Yes,No,No,One year,Yes,Electronic check,23.72,624.98,No
CUST-02634,Male,0,Yes,Yes,39,Yes,No,Fiber optic,Yes,No,Yes,No internet service,No internet service,No,One year,Yes,Electronic check,20.03,856.19,No
CUST-02635,Female,1,No,No,67,Yes,No,Fiber optic,No,Yes,No,Yes,No internet service,No,Month-to-month,No,Mailed check,47.18,3122.98,No
CUST-02636,Female,0,No,Yes,59,Yes,No,Fiber optic,Yes,Yes,No,Yes,Yes,No internet service,Month-to-month,No,Credit card (automatic),64.76,3725.0,No
CUST-02637,Female,0,Yes,Yes,39,No,No,DSL,No internet service,Yes,No,No internet service,No,Yes,Month-to-month,Yes,Mailed check,46.22,1973.17,No
CUST-02638,Male,0,Yes,Yes,19,Yes,No phone service,DSL,Yes,Yes,Yes,No,Yes,No,One year,Yes,Credit card (automatic),77.72,1607.26,Yes
CUST-02639,Female,0,Yes,No,6,Yes,Yes,DSL,Yes,No,Yes,No,Yes,No internet service,Two year,Yes,Bank transfer (automatic),70.69,460.36,Yes
CUST-02640,Male,0,Yes,Yes,57,Yes,Yes,Fiber optic,No,No,No,Yes,No,Yes,Month-to-month,Yes,Bank transfer (automatic),51.61,3005.77,No
CUST-02641,Female,0,Yes,No,9,No,No,No,No internet service,No,No,No,No,No,Month-to-month,Yes,Electronic check,82.76,762.38,Yes
CUST-02642,Male,0,No,Yes,50,Yes,No,DSL,No internet service,Yes,No internet service,No,Yes,No internet service,Month-to-month,Yes,Mailed check,68.23,3703.51,No
CUST-02643,Female,0,No,No,24,Yes,Yes,DSL,No,No,No,Yes,No,Yes,Two year,Yes,Electronic check,70.28,1679.91,No
CUST-02644,Female,0,Yes,Yes,66,No,Yes,DSL,No internet service,No,No,No internet service,Yes,Yes,One year,No,Mailed check,32.75,2037.64,No
CUST-02645,Female,1,Yes,No,7,Yes,Yes,DSL,Yes,No,No internet service,Yes,No,No internet service,One year,Yes,Electronic check,47.47,364.54,No
CUST-02646,Female,0,Yes,No,17,Yes,No,Fiber optic,Yes,Yes,Yes,No internet service,No,Yes,Month-to-month,No,Electronic check,69.86,1268.87,No
CUST-02647,Female,1,Yes,No,14,Yes,Yes,Fiber optic,Yes,Yes,No internet service,No,No,No,One year,Yes,Bank transfer (automatic),71.12,907.27,Yes
CUST-02648,Male,1,No,No,15,Yes,No phone service,Fiber optic,Yes,Yes,Yes,Yes,No,No,Month-to-month,No,Bank transfer (automatic),52.58,727.57,No
CUST-02649,Female,0,No,Yes,43,Yes,No,DSL,No,No,No internet service,No,No,No internet service,One year,Yes,Credit card (automatic),49.58,2294.87,No
CUST-02650,Male,1,Yes,Yes,4,Yes,Yes,Fiber optic,No,Yes,No,No,No,No,Month-to-month,Yes,Electronic check,95.28,365.96,Yes
CUST-02651,Male,1,Yes,No,26,Yes,No,Fiber optic,No,No internet service,No internet service,Yes,No internet service,Yes,One year,Yes,Electronic check,63.6,1718.55,Yes
CUST-02652,Female,0,No,No,36,Yes,Yes,DSL,No,No,No,No,No internet service,Yes,Month-to-month,Yes,Electronic check,45.56,1514.79,No
CUST-02653,Male,0,Yes,No,45,Yes,Yes,No,No,Yes,No internet service,No,No,No,Two year,Yes,Mailed check,29.91,1257.26,No
CUST-02654,Female,0,Yes,Yes,43,Yes,Yes,No,No internet service,Yes,No internet service,Yes,No,No,Month-to-month,Yes,Mailed check,70.06,3161.62,No
CUST-02655,Male,0,No,No,1,Yes,No,Fiber optic,No,Yes,Yes,No,No,Yes,Month-to-month,Yes,Credit card (automatic),62.63,68.63,No
CUST-02656,Male,0,No,Yes,18,Yes,No,Fiber optic,No,No internet service,No,No,No,Yes,Month-to-month,Yes,Mailed check,91.11,1640.7,Yes
CUST-02657,Female,0,No,Yes,2,No,Yes,Fiber optic,No internet service,Yes,Yes,Yes,Yes,No,Month-to-month,No,Electronic check,39.41,71.61,No
CUST-02658,Female,0,No,No,39,Yes,No,No,Yes,No internet service,No,No,No,No internet service,Two year,Yes,Bank transfer (automatic),53.19,1964.18,No
CUST-02659,Male,0,No,No,71,Yes,Yes,DSL,Yes,No internet service,No internet service,No internet service,Yes,No internet service,Two year,Yes,Electronic check,63.89,4275.54,No
CUST-02660,Female,0,No,Yes,56,Yes,No,DSL,No,Yes,No,No internet service,No,No internet service,Month-to-month,Yes,Mailed check,66.84,4068.89,No
CUST-02661,Male,0,Yes,No,36,Yes,No,Fiber optic,No,No internet service,No,No,Yes,Yes,Month-to-month,No,Bank transfer (automatic),29.34,1039.16,No
CUST-02662,Male,0,Yes,Yes,5,No,Yes,DSL,Yes,No,No internet service,Yes,No internet service,No,Two year,Yes,Credit card (automatic),79.09,430.86,Yes
CUST-02663,Female,1,Yes,No,4,Yes,No,No,Yes,Yes,No,No internet service,Yes,No,Month-to-month,No,Mailed check,80.23,344.0,Yes
CUST-02664,Female,0,No,Yes,27,Yes,Yes,DSL,No,No internet service,Yes,Yes,No internet service,No,Month-to-month,Yes,Electronic check,65.14,1741.48,Yes
CUST-02665,Female,0,No,Yes,27,No,No,Fiber optic,No,No,No,No,No,Yes,Month-to-month,Yes,Bank transfer (automatic),49.89,1219.02,No
CUST-02666,Male,0,Yes,No,12,Yes,No,DSL,No internet service,No,No internet service,No,No,Yes,Month-to-month,Yes,Bank transfer (automatic),91.16,1197.39,Yes
CUST-02667,Female,0,No,Yes,42,Yes,Yes,Fiber optic,No,No,No,No,No internet service,Yes,Month-to-month,Yes,Bank transfer (automatic),40.36,1529.02,No
CUST-02668,Male,0,No,No,46,Yes,No,DSL,No internet service,No,Yes,No,Yes,Yes,Month-to-month,No,Credit card (automatic),67.78,3339.95,No
CUST-02669,Female,1,No,No,67,Yes,No,DSL,No,No,No internet service,No,Yes,No,Month-to-month,No,Electronic check,23.32,1535.33,No
CUST-02670,Female,0,No,Yes,16,Yes,No,DSL,No,Yes,No internet service,No,No internet service,No internet service,Month-to-month,No,Electronic check,69.38,1065.97,Yes
CUST-02671,Male,0,No,No,19,Yes,Yes,Fiber optic,No,No internet service,Yes,No,Yes,No internet service,Month-to-month,Yes,Electronic check,67.48,1258.61,Yes
CUST-02672,Female,1,Yes,No,18,No,No,DSL,Yes,No internet service,No,No internet service,Yes,No internet service,Two year,Yes,Electronic check,50.43,881.76,No
CUST-02673,Male,0,Yes,Yes,71,Yes,Yes,Fiber optic,Yes,Yes,Yes,No,No,No,Month-to-month,No,Mailed check,72.34,5330.41,No
CUST-02674,Male,0,Yes,Yes,24,Yes,Yes,No,Yes,No,No internet service,No internet service,Yes,No,One year,No,Electronic check,32.13,782.34,No
CUST-02675,Female,0,No,Yes,33,Yes,No,DSL,Yes,Yes,No,No,Yes,No internet service,Month-to-month,No,Mailed check,68.05,2136.47,No
CUST-02676,Female,0,No,No,11,Yes,No,DSL,No,No,Yes,No internet service,No,No,Month-to-month,No,Electronic check,58.86,651.02,Yes
CUST-02677,Female,0,Yes,No,18,Yes,No,Fiber optic,No internet service,No internet service,Yes,Yes,No internet service,Yes,One year,Yes,Bank transfer (automatic),89.49,1580.2,Yes
CUST-02678,Male,0,Yes,No,41,Yes,Yes,DSL,No,Yes,No,Yes,Yes,No,Two year,No,Electronic check,21.97,976.55,No
CUST-02679,Male,0,Yes,No,21,Yes,Yes,Fiber optic,Yes,Yes,No internet service,Yes,No internet service,Yes,Month-to-month,Yes,Electronic check,53.19,1204.65,No
CUST-02680,Female,0,No,No,30,Yes,Yes,Fiber optic,Yes,No,No,Yes,No,No internet service,Month-to-month,No,Bank transfer (automatic),30.08,923.58,No
CUST-02681,Male,0,No,No,24,Yes,Yes,No,No,No,No internet service,No internet service,No internet service,No internet service,Month-to-month,Yes,Mailed check,80.05,2100.01,Yes
CUST-02682,Female,0,Yes,No,8,Yes,No,DSL,No,Yes,No,Yes,No internet service,No,Month-to-month,Yes,Mailed check,28.88,225.27,No
CUST-02683,Male,0,No,No,56,Yes,No,Fiber optic,No internet service,No,No,Yes,No,Yes,Two year,Yes,Credit card (automatic),31.63,1625.32,No
CUST-02684,Male,0,No,No,64,Yes,No,No,No internet service,No,Yes,Yes,No internet service,No,Month-to-month,Yes,Credit card (automatic),23.66,1377.25,No
CUST-02685,Female,0,Yes,No,17,No,Yes,Fiber optic,No internet service,No,Yes,Yes,Yes,No internet service,One year,Yes,Mailed check,60.05,1088.93,Yes
CUST-02686,Female,0,Yes,No,15,No,No,DSL,No,No,No,No,No internet service,No,Two year,No,Mailed check,63.16,925.32,No
CUST-02687,Male,0,Yes,No,46,Yes,Yes,DSL,No internet service,No,Yes,No,No internet service,Yes,Month-to-month,Yes,Bank transfer (automatic),47.21,2328.14,No
CUST-02688,Female,0,No,No,38,Yes,No,Fiber optic,No internet service,Yes,No,Yes,No,Yes,Month-to-month,Yes,Electronic check,22.74,856.99,No
CUST-02689,Male,0,Yes,Yes,40,Yes,No phone service,Fiber optic,No,No internet service,No,Yes,No,No,Month-to-month,Yes,Credit card (automatic),76.34,2755.06,No
CUST-02690,Female,0,Yes,No,43,Yes,Yes,DSL,No,Yes,No,No internet service,No,No,Month-to-month,No,Electronic check,59.94,2592.19,No
CUST-02691,Male,0,Yes,No,51,Yes,No,No,No,No,No,Yes,No internet service,Yes,Month-to-month,Yes,Credit card (automatic),35.86,1863.44,No
CUST-02692,Male,0,No,No,4,Yes,Yes,DSL,No,Yes,Yes,No,No,No,Month-to-month,No,Credit card (automatic),90.08,356.83,Yes
CUST-02693,Female,0,Yes,Yes,1,Yes,Yes,No,No,Yes,No internet service,No,No,No,Month-to-month,Yes,Electronic check,94.96,101.38,Yes
CUST-02694,Male,0,No,No,7,Yes,Yes,Fiber optic,Yes,No,No internet service,No,Yes,No internet service,Month-to-month,No,Bank transfer (automatic),54.2,390.33,No
CUST-02695,Female,0,Yes,Yes,11,Yes,No,Fiber optic,No internet service,Yes,Yes,No,Yes,No,Month-to-month,Yes,Electronic check,71.45,764.69,No
CUST-02696,Male,0,Yes,No,69,Yes,Yes,Fiber optic,Yes,No,No,No,Yes,No internet service,Two year,Yes,Electronic check,55.39,3989.31,No
CUST-02697,Male,0,No,No,6,No,Yes,DSL,Yes,No,Yes,Yes,No,No,Month-to-month,No,Electronic check,76.75,443.89,Yes
CUST-02698,Male,0,No,Yes,4,Yes,Yes,Fiber optic,No internet service,No internet service,Yes,No,Yes,No internet service,Month-to-month,No,Bank transfer (automatic),60.31,257.57,Yes
CUST-02699,Male,0,No,No,50,Yes,Yes,No,No internet service,No,Yes,No internet service,No,No,Month-to-month,Yes,Mailed check,79.31,3791.1,No
CUST-02700,Male,1,No,No,19,Yes,Yes,No,No internet service,Yes,No,No,No internet service,No internet service,One year,No,Bank transfer (automatic),82.08,1611.49,Yes
CUST-02701,Male,0,Yes,No,16,Yes,Yes,DSL,No internet service,No,No,No,Yes,No internet service,Two year,No,Credit card (automatic),60.71,954.86,No
CUST-02702,Male,1,Yes,No,57,Yes,No,No,Yes,Yes,No,Yes,Yes,Yes,One year,Yes,Mailed check,64.27,3371.19,No
CUST-02703,Female,0,Yes,No,33,No,No,Fiber optic,No,No,Yes,No,No internet service,No internet service,One year,No,Bank transfer (automatic),65.28,2210.12,No
CUST-02704,Male,0,No,No,37,Yes,No,Fiber optic,Yes,No,Yes,No,No internet service,Yes,Month-to-month,Yes,Credit card (automatic),21.47,775.81,No
CUST-02705,Male,0,Yes,No,54,Yes,No,No,No,No,Yes,Yes,No,No,One year,Yes,Mailed check,27.65,1533.19,No
CUST-02706,Female,0,Yes,No,4,Yes,No,DSL,No,No internet service,Yes,No,Yes,No,Two year,No,Electronic check,87.95,354.61,Yes
CUST-02707,Female,0,No,No,57,Yes,No,DSL,No internet service,No,No internet service,Yes,No,No,Month-to-month,Yes,Mailed check,36.29,1878.89,No
CUST-02708,Female,0,No,No,49,Yes,Yes,Fiber optic,No internet service,No,Yes,No,No internet service,Yes,One year,No,Mailed check,74.32,3426.81,No
CUST-02709,Male,0,No,Yes,1,Yes,No phone service,Fiber optic,No,No internet service,Yes,Yes,No,Yes,One year,No,Bank transfer (automatic),80.96,84.21,Yes
CUST-02710,Male,0,No,No,36,Yes,No,Fiber optic,No,No,Yes,No,Yes,Yes,One year,No,Electronic check,28.6,1022.94,No
CUST-02711,Female,0,No,Yes,6,Yes,No,Fiber optic,No,Yes,No internet service,No internet service,Yes,No,One year,No,Mailed check,45.58,271.65,No
CUST-02712,Male,0,No,Yes,15,Yes,Yes,No,No,Yes,Yes,No,No,No internet service,Month-to-month,No,Bank transfer (automatic),34.59,467.21,No
CUST-02713,Male,1,No,No,13,Yes,No,DSL,Yes,No,Yes,No internet service,No internet service,No,Two year,Yes,Bank transfer (automatic),94.2,1176.3,Yes
CUST-02714,Male,0,Yes,No,63,Yes,Yes,No,No,No,No,No,Yes,No internet service,Two year,Yes,Bank transfer (automatic),75.07,4889.7,No
CUST-02715,Female,1,No,No,9,Yes,Yes,DSL,Yes,Yes,No,No,Yes,Yes,Two year,Yes,Bank transfer (automatic),29.86,289.54,No
CUST-02716,Female,0,Yes,No,21,Yes,Yes,No,Yes,Yes,No,No internet service,No internet service,No internet service,Two year,No,Mailed check,44.99,958.77,No
CUST-02717,Female,0,Yes,No,10,Yes,No,Fiber optic,No internet service,No,No internet service,No internet service,No,Yes,Two year,Yes,Mailed check,77.17,777.97,No
CUST-02718,Female,0,No,Yes,21,Yes,Yes,No,No,Yes,No,Yes,Yes,No,Month-to-month,Yes,Mailed check,59.43,1240.62,No
CUST-02719,Male,0,No,No,1,Yes,Yes,No,No,No internet service,Yes,No,No,No,Month-to-month,Yes,Mailed check,72.09,74.66,No
CUST-02720,Male,0,Yes,No,20,Yes,Yes,DSL,No,Yes,Yes,Yes,Yes,Yes,Month-to-month,Yes,Mailed check,41.46,878.64,No
CUST-02721,Male,0,Yes,Yes,14,No,No,Fiber optic,No,No,No,Yes,No internet service,No,Month-to-month,No,Credit card (automatic),57.0,753.42,Yes
CUST-02722,Male,0,No,Yes,55,Yes,Yes,Fiber optic,No internet service,Yes,Yes,No,Yes,No internet service,One year,Yes,Bank transfer (automatic),61.48,3526.11,No
CUST-02723,Male,0,No,No,27,Yes,Yes,Fiber optic,No internet service,Yes,No internet service,Yes,Yes,No internet service,Month-to-month,No,Electronic check,28.25,723.68,No
CUST-02724,Female,0,No,No,51,Yes,Yes,Fiber optic,Yes,No,No,No internet service,No,Yes,Month-to-month,Yes,Mailed check,70.39,3253.73,No
CUST-02725,Female,0,No,No,26,Yes,No,Fiber optic,No,No internet service,Yes,No internet service,Yes,No internet service,One year,Yes,Electronic check,76.6,1822.19,Yes
CUST-02726,Male,0,No,No,65,Yes,Yes,Fiber optic,Yes,No,Yes,No,No,No internet service,Month-to-month,No,Bank transfer (automatic),38.29,2263.13,No
CUST-02727,Female,1,No,No,58,Yes,Yes,Fiber optic,No internet service,Yes,Yes,Yes,No,No,One year,No,Mailed check,49.92,2768.06,No
CUST-02728,Male,0,Yes,Yes,17,Yes,Yes,DSL,Yes,No,Yes,Yes,Yes,No internet service,One year,No,Credit card (automatic),67.95,1069.02,No
CUST-02729,Female,0,Yes,Yes,42,Yes,Yes,Fiber optic,No internet service,Yes,No,Yes,No,No,Month-to-month,No,Electronic check,76.09,2930.66,No
CUST-02730,Female,1,No,No,56,Yes,No,No,No internet service,No,Yes,No,Yes,Yes,Month-to-month,No,Electronic check,41.13,2140.94,No
CUST-02731,Female,1,No,No,16,Yes,No,Fiber optic,No internet service,Yes,No internet service,No,No,Yes,Month-to-month,No,Electronic check,74.1,1076.1,Yes
CUST-02732,Female,0,Yes,Yes,41,Yes,No,Fiber optic,No,No internet service,Yes,Yes,Yes,No,One year,Yes,Electronic check,31.67,1257.84,No
CUST-02733,Male,0,No,No,20,Yes,No,DSL,No,No internet service,No,No,No internet service,Yes,Month-to-month,Yes,Credit card (automatic),94.29,2007.55,Yes
CUST-02734,Female,0,Yes,No,22,No,No,No,No,No,No,Yes,No,No internet service,Month-to-month,No,Mailed check,61.18,1360.44,No
CUST-02735,Male,0,No,No,15,No,Yes,DSL,Yes,No,No,No,No internet service,Yes,Two year,No,Mailed check,29.16,399.34,No
CUST-02736,Male,0,No,No,3,Yes,No,No,Yes,No internet service,Yes,No internet service,Yes,No internet service,Two year,Yes,Bank transfer (automatic),64.39,188.34,No
CUST-02737,Female,0,Yes,Yes,54,Yes,Yes,Fiber optic,No internet service,No,No internet service,No,Yes,No,One year,No,Electronic check,63.44,3377.69,No
CUST-02738,Female,0,No,No,27,Yes,No,Fiber optic,No,No,No internet service,No internet service,Yes,No internet service,Month-to-month,Yes,Mailed check,69.76,1760.12,Yes
CUST-02739,Male,0,Yes,No,47,No,Yes,DSL,No internet service,Yes,No,No internet service,No internet service,Yes,Month-to-month,No,Mailed check,40.69,1863.86,No
CUST-02740,Male,0,Yes,No,18,Yes,No,DSL,Yes,No internet service,No,Yes,No,Yes,Month-to-month,Yes,Mailed check,64.39,1121.18,No
CUST-02741,Male,0,Yes,No,4,Yes,No,DSL,Yes,Yes,Yes,Yes,Yes,Yes,One year,No,Mailed check,57.94,231.47,Yes
CUST-02742,Male,0,No,No,45,Yes,No,Fiber optic,No,No internet service,No,No,No internet service,No internet service,Two year,Yes,Electronic check,40.83,1909.85,No
CUST-02743,Male,0,No,No,12,Yes,Yes,Fiber optic,Yes,No,No internet service,No internet service,No,No internet service,Month-to-month,Yes,Electronic check,70.07,837.28,Yes
CUST-02744,Male,0,Yes,No,39,Yes,Yes,Fiber optic,No,No internet service,No,No,Yes,No,One year,Yes,Credit card (automatic),73.27,2614.04,No
CUST-02745,Male,0,Yes,No,69,Yes,Yes,No,Yes,No,No internet service,Yes,No,No,One year,No,Bank transfer (automatic),57.24,3598.23,No
CUST-02746,Female,0,Yes,Yes,27,No,No phone service,DSL,No,Yes,No,No,No,Yes,Month-to-month,No,Electronic check,62.55,1819.89,Yes
CUST-02747,Female,0,No,Yes,41,Yes,No,No,Yes,No,No,Yes,No,No,Month-to-month,No,Electronic check,72.78,3100.21,No
CUST-02748,Female,0,Yes,Yes,27,Yes,Yes,Fiber optic,No,No internet service,No,Yes,Yes,No,One year,Yes,Electronic check,74.82,2083.64,Yes
CUST-02749,Male,0,No,Yes,12,Yes,Yes,DSL,No,No,Yes,No internet service,Yes,No internet service,Month-to-month,No,Electronic check,66.11,858.88,Yes
CUST-02750,Female,0,Yes,No,58,Yes,No phone service,Fiber optic,No,Yes,No internet service,No internet service,Yes,Yes,Two year,No,Electronic check,49.45,2891.91,No
CUST-02751,Male,0,No,Yes,59,Yes,Yes,Fiber optic,No internet service,No,No,No internet service,No,No,One year,Yes,Credit card (automatic),22.55,1217.02,No
CUST-02752,Female,0,Yes,No,35,Yes,No,No,No,Yes,No,Yes,Yes,Yes,Month-to-month,Yes,Bank transfer (automatic),78.36,2860.19,No
CUST-02753,Male,0,Yes,No,22,No,Yes,DSL,No,No,Yes,No internet service,Yes,No internet service,One year,Yes,Bank transfer (automatic),66.68,1367.87,No
CUST-02754,Male,0,No,Yes,49,Yes,No,Fiber optic,No,No,No internet service,Yes,No internet service,No internet service,One year,No,Electronic check,32.89,1665.18,No
CUST-02755,Male,0,No,Yes,44,Yes,Yes,Fiber optic,No,Yes,No,Yes,No internet service,Yes,One year,Yes,Credit card (automatic),75.42,3252.58,No
CUST-02756,Male,0,No,Yes,34,Yes,Yes,No,No internet service,Yes,Yes,Yes,Yes,No,Month-to-month,No,Bank transfer (automatic),76.12,2343.88,No
CUST-02757,Male,0,No,No,14,Yes,No,DSL,Yes,No,Yes,No,No internet service,No,Two year,No,Mailed check,68.03,867.76,No
CUST-02758,Female,0,Yes,No,53,Yes,Yes,Fiber optic,No,Yes,No,Yes,No,Yes,One year,No,Bank transfer (automatic),27.63,1432.94,No
CUST-02759,Male,0,No,No,12,Yes,Yes,Fiber optic,Yes,No,No internet service,No,No,Yes,Month-to-month,No,Credit card (automatic),65.9,805.75,Yes
CUST-02760,Female,1,Yes,Yes,4,No,Yes,Fiber optic,Yes,No,No internet service,No,Yes,No,One year,No,Electronic check,76.36,285.34,Yes
CUST-02761,Male,0,Yes,No,5,Yes,Yes,Fiber optic,No,No,No,Yes,No internet service,No,Month-to-month,Yes,Electronic check,74.83,344.72,No
CUST-02762,Male,1,Yes,No,32,Yes,Yes,DSL,No,Yes,No internet service,Yes,Yes,No,Month-to-month,Yes,Electronic check,32.9,1026.74,No
CUST-02763,Male,0,No,No,9,Yes,No phone service,Fiber optic,No internet service,No,No,Yes,No internet service,No,Month-to-month,Yes,Credit card (automatic),47.65,454.94,No
CUST-02764,Male,0,Yes,No,26,Yes,No,DSL,No,No,Yes,Yes,No,Yes,Month-to-month,Yes,Credit card (automatic),61.84,1699.17,Yes
CUST-02765,Female,0,No,Yes,18,Yes,No,No,Yes,No,Yes,No,No internet service,No,Month-to-month,No,Electronic check,48.68,908.51,No
CUST-02766,Male,0,No,No,33,Yes,No,No,No,No,Yes,No,Yes,No,One year,Yes,Credit card (automatic),58.55,1903.31,No
CUST-02767,Female,0,No,No,56,No,No,DSL,No,Yes,Yes,Yes,No,Yes,Two year,Yes,Electronic check,21.11,1168.43,No
CUST-02768,Female,0,No,Yes,32,No,No,DSL,No,No,No internet service,No,No internet service,Yes,One year,No,Electronic check,58.58,1771.81,No
CUST-02769,Female,0,Yes,Yes,40,Yes,Yes,Fiber optic,No,No,Yes,Yes,No internet service,No internet service,Month-to-month,Yes,Mailed check,58.38,2165.73,No
CUST-02770,Female,0,No,No,11,Yes,No,Fiber optic,No,No internet service,Yes,Yes,Yes,No internet service,One year,Yes,Electronic check,47.3,469.92,No
CUST-02771,Male,0,No,No,27,Yes,No phone service,Fiber optic,Yes,No,No internet service,No internet service,No,Yes,Two year,No,Mailed check,79.86,2311.53,Yes
CUST-02772,Female,0,Yes,No,70,Yes,No,DSL,No,No,Yes,Yes,Yes,Yes,One year,Yes,Mailed check,28.09,1964.8,No
CUST-02773,Male,0,Yes,No,45,Yes,Yes,Fiber optic,No,No,Yes,No,No,Yes,Two year,No,Credit card (automatic),23.08,935.37,No
CUST-02774,Female,0,Yes,No,2,Yes,Yes,DSL,Yes,No,No,No,No,No internet service,Month-to-month,No,Electronic check,49.75,100.08,No
CUST-02775,Female,0,Yes,Yes,41,Yes,Yes,DSL,No,Yes,Yes,No internet service,No,Yes,Month-to-month,Yes,Electronic check,51.98,2028.17,No
CUST-02776,Male,0,No,No,1,Yes,Yes,DSL,Yes,Yes,No,No internet service,Yes,No internet service,Month-to-month,No,Electronic check,36.0,35.48,No
CUST-02777,Male,0,No,No,6,Yes,Yes,Fiber optic,No internet service,No,Yes,Yes,Yes,Yes,One year,No,Credit card (automatic),77.7,482.28,No
CUST-02778,Male,0,No,No,27,Yes,Yes,Fiber optic,No,No,No internet service,Yes,No,No,Month-to-month,Yes,Mailed check,35.22,1009.85,No
CUST-02779,Male,0,No,No,47,Yes,Yes,DSL,Yes,No,Yes,No,Yes,Yes,Month-to-month,Yes,Electronic check,36.21,1770.11,No
CUST-02780,Male,0,Yes,No,45,Yes,Yes,DSL,No,Yes,Yes,No,No,Yes,Two year,Yes,Credit card (automatic),68.66,3334.59,No
CUST-02781,Male,0,No,Yes,57,Yes,No,DSL,Yes,No,No,Yes,No,Yes,Two year,No,Electronic check,75.37,4068.18,No
CUST-02782,Female,1,Yes,No,13,Yes,No,Fiber optic,No internet service,Yes,Yes,No,No,No internet service,Month-to-month,Yes,Bank transfer (automatic),52.17,700.1,No
CUST-02783,Male,1,Yes,No,14,Yes,No,DSL,Yes,No,No,No internet service,No,No internet service,One year,Yes,Mailed check,21.14,319.03,No
CUST-02784,Female,1,No,Yes,1,Yes,No,No,Yes,No,Yes,Yes,No internet service,Yes,Two year,Yes,Electronic check,59.8,57.51,Yes
CUST-02785,Female,0,No,No,20,Yes,No,Fiber optic,No internet service,Yes,No internet service,No,No,No internet service,Two year,Yes,Mailed check,90.18,1911.62,Yes
CUST-02786,Female,0,Yes,No,52,Yes,No,Fiber optic,No internet service,No,No,Yes,No,Yes,Two year,Yes,Mailed check,50.66,2866.25,No
CUST-02787,Female,0,No,No,23,Yes,Yes,DSL,Yes,Yes,No,No internet service,No internet service,No,Month-to-month,Yes,Electronic check,80.29,1899.81,Yes
CUST-02788,Male,0,No,No,7,Yes,No,Fiber optic,No,No,No,No,No,No,Month-to-month,Yes,Bank transfer (automatic),43.55,284.38,No
CUST-02789,Male,0,Yes,No,9,No,Yes,DSL,No internet service,No,No,No,No,Yes,Month-to-month,Yes,Bank transfer (automatic),93.31,799.62,Yes
CUST-02790,Male,0,No,Yes,70,Yes,No,Fiber optic,Yes,Yes,No,No internet service,No,No,Month-to-month,Yes,Mailed check,65.59,4756.57,No
CUST-02791,Male,0,Yes,No,42,Yes,No,DSL,No internet service,No,No,No,Yes,No,One year,Yes,Mailed check,34.77,1567.29,No
CUST-02792,Female,1,Yes,No,27,Yes,No,DSL,No,No internet service,No internet service,No internet service,Yes,No internet service,Two year,Yes,Credit card (automatic),71.09,1736.61,Yes
CUST-02793,Male,1,No,Yes,15,Yes,Yes,DSL,No internet service,No,Yes,No,No,Yes,Month-to-month,Yes,Bank transfer (automatic),62.72,908.12,Yes
CUST-02794,Male,0,Yes,No,13,Yes,No,Fiber optic,No,No,Yes,Yes,No,No internet service,Month-to-month,No,Credit card (automatic),93.07,1145.44,Yes
CUST-02795,Male,0,No,No,66,No,Yes,No,No internet service,No,No internet service,No,Yes,No,Month-to-month,Yes,Credit card (automatic),29.04,1886.76,No
CUST-02796,Male,1,No,Yes,8,Yes,Yes,No,No,No,Yes,Yes,No internet service,No internet service,Month-to-month,Yes,Credit card (automatic),20.74,174.83,No
CUST-02797,Female,0,Yes,Yes,37,No,Yes,Fiber optic,No internet service,Yes,No internet service,No internet service,Yes,No,Two year,No,Mailed check,53.32,1973.95,No
CUST-02798,Female,0,Yes,No,51,Yes,No,No,No,No internet service,No,No,Yes,No,Two year,No,Electronic check,56.01,2866.96,No
CUST-02799,Female,0,No,No,25,No,Yes,Fiber optic,Yes,No internet service,Yes,No,No,Yes,Month-to-month,No,Credit card (automatic),51.86,1324.77,No
CUST-02800,Male,0,Yes,Yes,60,Yes,No,No,No,No,Yes,No,Yes,No,Month-to-month,No,Bank transfer (automatic),44.86,2700.04,No
CUST-02801,Male,0,No,No,14,Yes,Yes,DSL,Yes,Yes,Yes,Yes,Yes,Yes,Month-to-month,Yes,Mailed check,92.43,1342.74,Yes
CUST-02802,Male,0,Yes,Yes,8,Yes,No,Fiber optic,Yes,No,Yes,Yes,No,No,Two year,Yes,Mailed check,31.64,233.23,No
CUST-02803,Male,0,No,No,57,Yes,Yes,Fiber optic,No,No,No,Yes,No,No,Month-to-month,Yes,Bank transfer (automatic),69.57,3587.02,No
CUST-02804,Male,0,Yes,No,9,Yes,Yes,Fiber optic,No,No,No internet service,No,No,No internet service,Month-to-month,Yes,Electronic check,78.85,756.03,No
CUST-02805,Female,0,Yes,No,30,Yes,No,Fiber optic,No,No,Yes,No,No,No,Month-to-month,No,Mailed check,52.44,1566.56,No
CUST-02806,Female,0,No,No,20,Yes,No phone service,Fiber optic,Yes,No,Yes,Yes,No,No,Month-to-month,Yes,Mailed check,42.46,814.97,No
CUST-02807,Male,0,Yes,Yes,49,Yes,Yes,DSL,Yes,No,Yes,No internet service,No,No,Two year,Yes,Electronic check,67.51,3277.76,No
CUST-02808,Female,0,Yes,No,1,Yes,Yes,No,No,No,Yes,Yes,Yes,No,One year,No,Credit card (automatic),31.58,32.53,No
CUST-02809,Female,0,No,No,26,No,No,DSL,No,No,Yes,No,No,No,Two year,Yes,Mailed check,39.25,943.29,No
CUST-02810,Female,0,No,Yes,71,Yes,Yes,DSL,Yes,No,No,Yes,No internet service,No,Month-to-month,Yes,Electronic check,76.4,5450.02,No
CUST-02811,Female,0,Yes,No,27,Yes,Yes,Fiber optic,No internet service,No,No,No,No,No,Month-to-month,No,Mailed check,31.18,776.31,No
CUST-02812,Female,0,No,No,43,Yes,Yes,DSL,No internet service,No,Yes,No,Yes,Yes,Two year,Yes,Mailed check,26.73,1232.05,No
CUST-02813,Male,0,Yes,No,71,Yes,No,Fiber optic,No internet service,No,Yes,No internet service,Yes,No internet service,One year,Yes,Bank transfer (automatic),52.78,3794.14,No
CUST-02814,Male,0,Yes,No,44,Yes,Yes,DSL,No,Yes,Yes,No,No internet service,Yes,Month-to-month,No,Electronic check,55.25,2582.14,No
CUST-02815,Female,0,Yes,No,8,Yes,No,Fiber optic,No,No,No internet service,No,Yes,No,Month-to-month,No,Credit card (automatic),56.39,471.06,Yes
CUST-02816,Female,0,No,Yes,69,Yes,No,No,No,No internet service,No,No internet service,No,No,Month-to-month,Yes,Credit card (automatic),29.87,2190.98,No
CUST-02817,Male,0,Yes,No,44,Yes,No,Fiber optic,No,Yes,Yes,No,No internet service,No internet service,Month-to-month,No,Electronic check,63.27,2695.8,No
CUST-02818,Female,0,Yes,No,60,Yes,No,Fiber optic,No internet service,No,Yes,No,Yes,No,Month-to-month,Yes,Mailed check,34.54,1922.96,No
CUST-02819,Male,0,Yes,No,25,No,No phone service,Fiber optic,No internet service,No,Yes,No,Yes,No,Two year,Yes,Electronic check,91.8,2474.75,Yes
CUST-02820,Male,0,No,No,58,No,Yes,DSL,No,Yes,No,No,Yes,No,Month-to-month,Yes,Mailed check,33.68,2103.71,No
CUST-02821,Female,0,No,Yes,8,Yes,No,Fiber optic,Yes,Yes,No internet service,No,No internet service,No internet service,Month-to-month,Yes,Electronic check,76.28,657.02,Yes
CUST-02822,Male,0,Yes,No,25,Yes,Yes,Fiber optic,No,No internet service,Yes,No,No,No,Month-to-month,No,Electronic check,89.67,2461.11,Yes
CUST-02823,Female,0,Yes,No,40,No,Yes,Fiber optic,Yes,Yes,No internet service,Yes,No internet service,No,Month-to-month,No,Bank transfer (automatic),32.17,1311.55,No
CUST-02824,Male,0,No,No,18,Yes,No phone service,Fiber optic,No,Yes,No internet service,Yes,No,Yes,Two year,No,Electronic check,65.73,1186.1,Yes
CUST-02825,Male,0,No,No,28,Yes,No,Fiber optic,No,No,No,No,No,Yes,Month-to-month,Yes,Electronic check,59.73,1771.89,Yes
CUST-02826,Female,0,No,No,23,Yes,No,No,No,No internet service,No,No,No,No,Two year,Yes,Credit card (automatic),85.24,1807.65,Yes
CUST-02827,Female,0,No,No,35,Yes,Yes,Fiber optic,Yes,Yes,No internet service,No internet service,Yes,No internet service,Month-to-month,Yes,Credit card (automatic),30.77,1137.92,No
CUST-02828,Male,0,No,No,24,Yes,No,Fiber optic,No,Yes,No,No internet service,Yes,No,One year,Yes,Electronic check,91.42,2331.09,Yes
CUST-02829,Male,0,Yes,No,12,Yes,Yes,No,No,No internet service,No,No,Yes,No,Two year,Yes,Bank transfer (automatic),75.6,921.21,Yes
CUST-02830,Female,0,Yes,No,27,Yes,Yes,Fiber optic,No,Yes,No,Yes,Yes,No,Two year,Yes,Bank transfer (automatic),40.28,1063.18,No
CUST-02831,Female,1,Yes,No,35,Yes,Yes,No,No,Yes,No,No,Yes,No internet service,One year,Yes,Electronic check,31.94,1152.83,No
CUST-02832,Male,0,Yes,No,23,Yes,No,Fiber optic,No,Yes,Yes,Yes,No internet service,No internet service,One year,Yes,Electronic check,63.97,1593.43,Yes
CUST-02833,Female,0,No,No,29,Yes,Yes,DSL,No internet service,No internet service,No internet service,No internet service,No,No internet service,Month-to-month,Yes,Credit card (automatic),92.37,2495.49,Yes
CUST-02834,Male,0,No,Yes,26,Yes,No,No,No,No internet service,No internet service,No,Yes,Yes,Two year,Yes,Mailed check,30.01,750.78,No
CUST-02835,Female,0,No,No,17,Yes,No,No,No internet service,No,No,Yes,No internet service,No,Month-to-month,No,Credit card (automatic),95.6,1680.92,Yes
CUST-02836,Female,0,No,Yes,32,Yes,Yes,Fiber optic,No internet service,No internet service,Yes,No,No,No,Month-to-month,Yes,Mailed check,21.54,735.22,No
CUST-02837,Male,0,Yes,No,2,Yes,Yes,Fiber optic,No,Yes,No,No,No internet service,No,One year,Yes,Credit card (automatic),33.6,69.24,No
CUST-02838,Male,0,No,No,22,Yes,Yes,No,Yes,Yes,No internet service,No internet service,Yes,No,Month-to-month,Yes,Mailed check,48.81,1093.33,No
CUST-02839,Male,0,Yes,No,52,Yes,Yes,DSL,Yes,No,No,No internet service,Yes,No internet service,Month-to-month,No,Electronic check,43.99,2097.96,No
CUST-02840,Female,0,Yes,No,12,Yes,Yes,Fiber optic,No,No,No,No,No internet service,No,Month-to-month,Yes,Mailed check,78.29,927.03,No
CUST-02841,Female,0,No,No,23,Yes,Yes,Fiber optic,Yes,Yes,No,Yes,Yes,Yes,One year,Yes,Credit card (automatic),80.47,1995.24,Yes
CUST-02842,Male,0,Yes,Yes,27,Yes,Yes,No,No internet service,No,Yes,Yes,No,No internet service,Month-to-month,No,Credit card (automatic),24.69,648.18,No
CUST-02843,Male,1,No,No,26,Yes,No,DSL,No,Yes,Yes,No,Yes,Yes,One year,Yes,Mailed check,29.54,749.76,No
CUST-02844,Female,0,No,Yes,15,Yes,No,Fiber optic,No internet service,No,No internet service,No,No internet service,Yes,Month-to-month,Yes,Mailed check,63.02,918.37,Yes
CUST-02845,Female,0,No,Yes,3,Yes,Yes,Fiber optic,No,Yes,Yes,No internet service,Yes,No,Month-to-month,Yes,Credit card (automatic),28.29,82.54,No
CUST-02846,Male,1,Yes,Yes,52,Yes,No,DSL,No,No,No,No,Yes,No internet service,Month-to-month,Yes,Electronic check,51.77,2640.76,No
CUST-02847,Male,1,No,No,11,Yes,No,No,Yes,Yes,No internet service,Yes,No,No,Month-to-month,Yes,Mailed check,55.59,644.92,Yes
CUST-02848,Female,0,No,No,51,Yes,No,Fiber optic,No,No,Yes,No,No internet service,Yes,One year,Yes,Electronic check,23.59,1192.28,No
CUST-02849,Male,0,Yes,No,41,Yes,Yes,DSL,No,Yes,No,No,Yes,No internet service,Month-to-month,Yes,Bank transfer (automatic),27.09,1134.48,No
CUST-02850,Female,0,Yes,No,15,Yes,Yes,Fiber optic,No,No internet service,Yes,No,Yes,No internet service,One year,Yes,Mailed check,60.16,892.01,No
CUST-02851,Male,0,No,Yes,34,Yes,Yes,DSL,No internet service,No,Yes,No,No,Yes,Month-to-month,Yes,Credit card (automatic),21.16,773.23,No
CUST-02852,Male,1,No,Yes,3,Yes,No,No,No,No,No,No,Yes,No,Month-to-month,Yes,Bank transfer (automatic),78.18,219.47,No
CUST-02853,Female,0,Yes,Yes,50,Yes,No,Fiber optic,No,Yes,No internet service,Yes,Yes,No internet service,Month-to-month,Yes,Electronic check,42.85,1980.91,No
CUST-02854,Male,0,Yes,No,22,No,Yes,No,No,Yes,Yes,Yes,No internet service,Yes,Month-to-month,No,Mailed check,40.2,868.08,No
CUST-02855,Male,1,No,Yes,22,Yes,No phone service,Fiber optic,No,No,No internet service,No internet service,Yes,No internet service,Two year,No,Electronic check,87.69,2112.18,Yes
CUST-02856,Male,0,Yes,No,12,Yes,No,No,No internet service,Yes,Yes,No,No,Yes,Month-to-month,No,Mailed check,51.07,637.33,No
CUST-02857,Male,1,Yes,No,26,Yes,Yes,Fiber optic,No,No,No internet service,No,Yes,Yes,One year,Yes,Electronic check,45.2,1202.53,No
CUST-02858,Male,0,Yes,No,29,Yes,No,DSL,No,Yes,No internet service,No,No,No,Month-to-month,Yes,Electronic check,49.18,1394.94,No
CUST-02859,Female,0,Yes,No,16,Yes,No,DSL,No,No,Yes,No,No,Yes,Month-to-month,Yes,Electronic check,40.38,619.61,No
CUST-02860,Female,1,No,Yes,27,Yes,No,DSL,No internet service,No internet service,No,No internet service,No,No,Two year,Yes,Credit card (automatic),67.75,1996.29,Yes
CUST-02861,Male,0,No,No,8,Yes,No,No,Yes,No,Yes,No internet service,No,Yes,One year,No,Bank transfer (automatic),65.57,516.89,Yes
CUST-02862,Female,0,No,Yes,1,Yes,No,No,No internet service,Yes,No internet service,Yes,No,Yes,Month-to-month,Yes,Bank transfer (automatic),61.0,63.58,Yes
CUST-02863,Female,0,Yes,No,39,Yes,No,DSL,No internet service,No,Yes,Yes,Yes,No,Two year,No,Credit card (automatic),57.04,2362.68,No
CUST-02864,Male,0,No,No,14,Yes,No,DSL,No,No internet service,No,Yes,No,No,Two year,No,Credit card (automatic),98.95,1428.94,Yes
CUST-02865,Male,0,Yes,Yes,33,Yes,Yes,DSL,No internet service,No internet service,No,Yes,Yes,No internet service,One year,No,Electronic check,76.46,2388.24,No
CUST-02866,Female,0,No,Yes,52,Yes,Yes,Fiber optic,No,No,No,No internet service,No internet service,No internet service,One year,No,Bank transfer (automatic),48.39,2409.58,No
CUST-02867,Female,1,No,Yes,6,Yes,No phone service,Fiber optic,No internet service,No,No,No,No internet service,No internet service,Month-to-month,No,Bank transfer (automatic),72.91,395.72,No
CUST-02868,Female,0,Yes,Yes,37,Yes,Yes,No,No,Yes,No,No,Yes,Yes,Two year,No,Electronic check,46.64,1887.68,No
CUST-02869,Male,0,Yes,Yes,2,Yes,Yes,Fiber optic,No,No internet service,No internet service,No,No,No internet service,Month-to-month,No,Electronic check,48.66,103.83,No
CUST-02870,Female,0,No,Yes,4,Yes,No,Fiber optic,No,Yes,Yes,No internet service,Yes,No,One year,Yes,Electronic check,57.98,227.47,No
CUST-02871,Female,1,Yes,Yes,7,Yes,No,No,No,No,No internet service,No internet service,Yes,No internet service,Two year,No,Mailed check,32.95,248.75,No
CUST-02872,Male,0,Yes,Yes,10,Yes,No,DSL,Yes,No,No,No,Yes,Yes,One year,No,Credit card (automatic),87.03,810.02,Yes
CUST-02873,Male,1,Yes,No,25,Yes,Yes,No,No,Yes,No internet service,Yes,No,No,Month-to-month,Yes,Mailed check,74.45,1690.77,Yes
CUST-02874,Female,1,Yes,Yes,67,Yes,Yes,Fiber optic,Yes,No,No internet service,No,No internet service,No,Month-to-month,No,Electronic check,24.12,1498.16,No
CUST-02875,Female,0,No,No,65,Yes,Yes,No,No internet service,No,No,No,No,No,One year,Yes,Credit card (automatic),34.2,2393.47,No
CUST-02876,Male,0,Yes,No,8,Yes,No,No,No,Yes,Yes,No,No internet service,No internet service,Month-to-month,Yes,Credit card (automatic),67.6,504.08,No
CUST-02877,Male,0,Yes,No,71,Yes,No,Fiber optic,No,Yes,Yes,Yes,No,Yes,Two year,Yes,Mailed check,47.82,3101.96,No
CUST-02878,Female,0,No,Yes,46,Yes,No,Fiber optic,No internet service,No,No internet service,No,No,No,Two year,No,Credit card (automatic),21.6,931.11,No
CUST-02879,Male,0,Yes,No,40,Yes,Yes,No,No,No internet service,Yes,No internet service,Yes,No,Month-to-month,Yes,Electronic check,23.64,929.54,No
CUST-02880,Female,0,No,No,57,Yes,No,No,Yes,No internet service,Yes,No,Yes,No,One year,Yes,Mailed check,75.17,4281.63,No
CUST-02881,Male,0,No,Yes,13,Yes,No,Fiber optic,No,No,No internet service,Yes,No,Yes,Month-to-month,No,Electronic check,56.15,691.4,Yes
CUST-02882,Female,0,Yes,No,19,Yes,No,DSL,No internet service,No internet service,No internet service,No internet service,No,No,One year,Yes,Electronic check,58.47,1178.86,No
CUST-02883,Female,0,No,Yes,38,Yes,Yes,Fiber optic,No internet service,No,No internet service,No,No,Yes,Two year,Yes,Electronic check,31.1,1290.49,No
CUST-02884,Male,0,No,No,6,Yes,Yes,No,No,No internet service,No,No,No internet service,Yes,Month-to-month,Yes,Mailed check,83.89,482.28,Yes
CUST-02885,Male,0,No,No,49,Yes,No,DSL,No,No,No internet service,No,No,No,Month-to-month,Yes,Credit card (automatic),38.33,2040.1,No
CUST-02886,Male,0,No,No,13,Yes,No,No,No,Yes,Yes,No,No internet service,Yes,One year,Yes,Bank transfer (automatic),67.11,927.9,No
CUST-02887,Female,0,No,No,18,Yes,Yes,Fiber optic,No,No internet service,No,Yes,Yes,Yes,Month-to-month,No,Mailed check,93.76,1817.98,Yes
CUST-02888,Male,0,No,No,21,Yes,Yes,No,No,No,No internet service,No,No internet service,No internet service,One year,No,Mailed check,66.78,1278.89,No
CUST-02889,Male,0,No,Yes,59,Yes,No,Fiber optic,No,Yes,No internet service,No internet service,Yes,Yes,Two year,Yes,Credit card (automatic),41.63,2620.26,No
CUST-02890,Female,0,No,No,2,Yes,Yes,DSL,No internet service,No,No internet service,No internet service,No,No,Month-to-month,No,Mailed check,93.16,189.52,Yes
CUST-02891,Female,0,No,No,5,Yes,Yes,No,No internet service,No internet service,No,No internet service,No,No,Month-to-month,Yes,Mailed check,45.75,207.63,No
CUST-02892,Male,0,Yes,No,71,No,No phone service,Fiber optic,No internet service,No,No,No,No internet service,No internet service,Month-to-month,Yes,Bank transfer (automatic),45.04,3360.07,No
CUST-02893,Male,0,Yes,No,42,Yes,Yes,Fiber optic,Yes,No,Yes,No internet service,Yes,No,Month-to-month,Yes,Electronic check,49.35,1965.63,No
CUST-02894,Female,0,Yes,No,16,Yes,No phone service,No,Yes,Yes,Yes,No,Yes,No,Two year,Yes,Credit card (automatic),70.61,1196.88,Yes
CUST-02895,Female,1,Yes,No,1,Yes,Yes,Fiber optic,No internet service,No,Yes,No internet service,No internet service,Yes,One year,Yes,Credit card (automatic),73.65,75.51,No
CUST-02896,Male,0,No,Yes,10,Yes,Yes,DSL,Yes,Yes,Yes,Yes,Yes,No,One year,Yes,Electronic check,47.47,473.97,No
CUST-02897,Female,1,Yes,No,23,Yes,No phone service,DSL,No,Yes,No,Yes,No,No internet service,One year,No,Electronic check,81.11,1687.7,Yes
CUST-02898,Female,0,Yes,Yes,6,Yes,No,Fiber optic,Yes,No internet service,Yes,No internet service,Yes,Yes,Two year,No,Bank transfer (automatic),60.1,388.7,Yes
CUST-02899,Male,1,Yes,No,13,Yes,Yes,Fiber optic,Yes,No,Yes,No,Yes,Yes,Two year,No,Credit card (automatic),39.47,476.94,No
CUST-02900,Male,0,No,No,27,Yes,Yes,Fiber optic,No,No internet service,No,No internet service,No internet service,Yes,Month-to-month,No,Credit card (automatic),93.57,2692.98,Yes
CUST-02901,Male,0,Yes,No,28,Yes,No,Fiber optic,Yes,Yes,No,No,Yes,Yes,Month-to-month,Yes,Credit card (automatic),70.64,2052.35,Yes
CUST-02902,Male,0,No,No,63,Yes,No,Fiber optic,No,No,No internet service,No,Yes,Yes,One year,Yes,Electronic check,70.95,4085.06,No
CUST-02903,Female,0,Yes,No,15,Yes,No,DSL,No,Yes,No,No,Yes,No,One year,Yes,Electronic check,24.75,374.38,No
CUST-02904,Male,0,No,No,20,Yes,No,Fiber optic,No,Yes,No,No,No,Yes,Month-to-month,Yes,Mailed check,91.3,1994.63,Yes
CUST-02905,Male,0,Yes,No,38,Yes,Yes,No,No,Yes,No,No,Yes,No,Month-to-month,No,Credit card (automatic),35.03,1443.7,No
CUST-02906,Male,0,No,Yes,41,Yes,Yes,DSL,No,Yes,No,Yes,Yes,No,Two year,No,Electronic check,64.67,2463.9,No
CUST-02907,Male,0,Yes,No,23,Yes,Yes,Fiber optic,Yes,No internet service,No,No,No internet service,Yes,Month-to-month,Yes,Mailed check,75.96,1632.89,No
CUST-02908,Female,1,Yes,No,54,No,Yes,Fiber optic,No,No,No,No,Yes,Yes,Month-to-month,No,Electronic check,69.0,3467.89,No
CUST-02909,Male,0,Yes,No,63,Yes,No,Fiber optic,No,No internet service,No,No internet service,Yes,Yes,One year,No,Electronic check,39.2,2596.13,No
CUST-02910,Male,1,Yes,Yes,1,Yes,Yes,No,No,Yes,Yes,No internet service,No,No,Month-to-month,Yes,Credit card (automatic),74.87,69.79,Yes
CUST-02911,Male,0,Yes,Yes,65,Yes,Yes,No,Yes,No internet service,No internet service,No,Yes,No internet service,Two year,No,Electronic check,34.82,2066.2,No
CUST-02912,Male,0,Yes,Yes,8,Yes,No,No,No internet service,Yes,Yes,No,No,No,Two year,Yes,Credit card (automatic),75.44,590.28,No
CUST-02913,Female,0,No,No,47,Yes,Yes,Fiber optic,No,Yes,No internet service,No,No internet service,No internet service,Month-to-month,Yes,Credit card (automatic),27.12,1393.66,No
CUST-02914,Male,0,Yes,No,71,Yes,Yes,DSL,No,No internet service,No,No internet service,No internet service,No,One year,Yes,Mailed check,77.12,5265.54,No
CUST-02915,Male,0,Yes,Yes,39,Yes,No,Fiber optic,Yes,Yes,No,Yes,No internet service,No,Month-to-month,Yes,Electronic check,68.82,2804.35,No
CUST-02916,Male,0,Yes,No,67,Yes,No,Fiber optic,No,No internet service,Yes,No internet service,No internet service,No internet service,Two year,No,Credit card (automatic),62.69,3901.14,No
CUST-02917,Male,0,No,Yes,25,Yes,No phone service,DSL,No,No internet service,Yes,Yes,Yes,Yes,Month-to-month,Yes,Mailed check,66.44,1701.24,No
CUST-02918,Female,0,Yes,No,64,Yes,Yes,Fiber optic,No internet service,Yes,No,Yes,Yes,Yes,Two year,No,Credit card (automatic),40.36,2624.97,No
CUST-02919,Male,0,No,No,67,Yes,No,Fiber optic,No,No internet service,No internet service,No internet service,No,Yes,One year,Yes,Electronic check,37.75,2733.7,No
CUST-02920,Female,0,Yes,Yes,45,Yes,No,Fiber optic,Yes,No,Yes,Yes,No,No,One year,Yes,Mailed check,42.89,2013.64,No
CUST-02921,Male,1,No,Yes,51,Yes,No,No,No,No,No,Yes,Yes,Yes,Two year,No,Mailed check,30.9,1456.38,No
CUST-02922,Male,0,Yes,No,38,Yes,No,No,Yes,No internet service,No internet service,Yes,No internet service,Yes,Month-to-month,No,Electronic check,64.78,2414.77,No
CUST-02923,Female,0,No,No,23,Yes,No,DSL,No internet service,No,Yes,No,No,No internet service,Month-to-month,No,Electronic check,48.5,1004.07,No
CUST-02924,Female,1,No,No,22,Yes,No phone service,DSL,Yes,No internet service,Yes,No,Yes,Yes,Month-to-month,No,Electronic check,85.14,1776.05,Yes
CUST-02925,Female,0,Yes,No,7,Yes,Yes,DSL,No,No internet service,No,No,No internet service,No,One year,Yes,Bank transfer (automatic),91.7,702.41,Yes
CUST-02926,Female,0,Yes,No,10,Yes,No,No,No internet service,Yes,Yes,No internet service,Yes,No,Month-to-month,No,Electronic check,86.84,860.71,Yes
CUST-02927,Female,1,No,No,9,Yes,Yes,DSL,No,No,Yes,Yes,Yes,No,Month-to-month,No,Bank transfer (automatic),66.44,641.92,Yes
CUST-02928,Female,0,Yes,No,36,Yes,No,Fiber optic,No,No,Yes,No internet service,Yes,No internet service,Month-to-month,No,Electronic check,44.64,1453.96,No
CUST-02929,Male,1,Yes,Yes,25,Yes,No,DSL,No,Yes,No,Yes,No,No internet service,Two year,No,Electronic check,27.13,729.8,No
CUST-02930,Female,1,No,No,45,Yes,Yes,Fiber optic,Yes,Yes,Yes,Yes,No,No internet service,Month-to-month,No,Credit card (automatic),61.37,2976.73,No
CUST-02931,Male,0,No,No,14,Yes,No,Fiber optic,Yes,Yes,No internet service,Yes,Yes,No internet service,Month-to-month,Yes,Electronic check,94.83,1368.36,Yes
CUST-02932,Male,0,Yes,Yes,47,No,No,DSL,No,No,No,No internet service,Yes,No,One year,No,Mailed check,63.28,2745.89,No
CUST-02933,Male,0,No,No,8,Yes,No,Fiber optic,No internet service,Yes,No,No,No,Yes,Month-to-month,Yes,Electronic check,48.21,414.68,No
CUST-02934,Female,1,No,No,27,Yes,No,Fiber optic,No,Yes,No,No,No,Yes,Month-to-month,Yes,Mailed check,64.66,1885.44,Yes
CUST-02935,Female,0,Yes,No,50,Yes,No,Fiber optic,Yes,No internet service,Yes,No,No,No internet service,Month-to-month,No,Credit card (automatic),56.35,2649.04,No
CUST-02936,Male,0,No,No,34,Yes,Yes,No,No,No internet service,No,No,No,No,Month-to-month,No,Electronic check,79.62,2945.39,No
CUST-02937,Female,0,No,No,51,Yes,No phone service,DSL,No internet service,No,No,Yes,Yes,Yes,Month-to-month,Yes,Mailed check,68.93,3783.33,No
CUST-02938,Female,0,No,Yes,46,Yes,Yes,No,No,No internet service,No internet service,No internet service,No internet service,No internet service,Month-to-month,Yes,Credit card (automatic),63.34,2741.66,No
CUST-02939,Female,0,Yes,No,24,Yes,No,No,Yes,No,No internet service,No,No internet service,No,Two year,Yes,Electronic check,27.4,643.64,No
CUST-02940,Female,1,Yes,No,31,Yes,No,DSL,No internet service,No,Yes,No,No,Yes,Month-to-month,Yes,Credit card (automatic),69.96,2097.92,No
CUST-02941,Female,0,No,No,69,Yes,Yes,Fiber optic,No internet service,No,Yes,No,Yes,No,Two year,Yes,Bank transfer (automatic),38.33,2643.83,No
CUST-02942,Male,0,Yes,Yes,69,Yes,Yes,DSL,No,Yes,No,No internet service,Yes,Yes,Month-to-month,Yes,Electronic check,45.13,3356.24,No
CUST-02943,Male,1,Yes,No,3,Yes,No,Fiber optic,No internet service,No,No,No,No,Yes,Month-to-month,No,Credit card (automatic),47.77,154.04,No
CUST-02944,Female,0,No,No,1,Yes,No,DSL,No,No,No,No,No,No,Month-to-month,No,Mailed check,78.02,72.96,Yes
CUST-02945,Female,0,No,No,15,Yes,No,DSL,Yes,No,No,No internet service,No,No,Month-to-month,No,Electronic check,81.21,1230.61,Yes
CUST-02946,Male,0,No,Yes,1,Yes,Yes,Fiber optic,No,No,No,No internet service,No internet service,No internet service,Month-to-month,Yes,Mailed check,31.96,32.18,No
CUST-02947,Female,1,Yes,No,46,No,Yes,Fiber optic,No internet service,No,No,Yes,Yes,Yes,One year,No,Electronic check,68.21,3106.53,No
CUST-02948,Female,1,No,Yes,9,Yes,Yes,Fiber optic,No,No,Yes,No internet service,Yes,No,One year,Yes,Electronic check,70.24,659.31,Yes
CUST-02949,Male,0,No,No,8,Yes,No,Fiber optic,No internet service,No internet service,Yes,No internet service,No,Yes,Two year,Yes,Mailed check,84.67,697.13,Yes
CUST-02950,Female,0,Yes,No,13,Yes,No,Fiber optic,No,No internet service,Yes,No internet service,Yes,Yes,Two year,No,Electronic check,99.1,1230.35,Yes
CUST-02951,Male,0,Yes,No,58,Yes,Yes,Fiber optic,No,Yes,No,No,No,No internet service,Two year,Yes,Bank transfer (automatic),44.13,2481.82,No
CUST-02952,Female,0,Yes,No,30,Yes,Yes,No,No internet service,Yes,No,Yes,No internet service,No,Month-to-month,Yes,Mailed check,67.17,2171.62,No
CUST-02953,Female,0,No,No,58,Yes,Yes,Fiber optic,Yes,No internet service,Yes,No,Yes,Yes,Month-to-month,Yes,Credit card (automatic),54.59,3055.89,No
CUST-02954,Male,0,No,Yes,23,Yes,No phone service,Fiber optic,No,Yes,No,No,No,No,Month-to-month,Yes,Mailed check,80.39,1828.29,Yes
CUST-02955,Male,0,No,No,32,No,No,Fiber optic,Yes,Yes,Yes,Yes,No internet service,No internet service,Month-to-month,Yes,Electronic check,78.51,2749.93,No
CUST-02956,Male,0,Yes,No,13,Yes,Yes,DSL,No,Yes,Yes,No internet service,Yes,No,Two year,Yes,Credit card (automatic),75.71,1054.56,No
CUST-02957,Male,0,No,No,47,Yes,Yes,Fiber optic,No,No,Yes,No,No,Yes,One year,No,Electronic check,26.73,1306.3,No
CUST-02958,Female,0,No,No,1,Yes,Yes,No,No,Yes,No,Yes,No,No,Two year,Yes,Mailed check,70.37,67.61,No
CUST-02959,Male,1,Yes,No,64,Yes,Yes,No,No internet service,Yes,No,No,Yes,No,Month-to-month,No,Credit card (automatic),24.66,1618.88,No
CUST-02960,Female,0,No,No,28,Yes,No,DSL,Yes,Yes,Yes,No,Yes,No,Month-to-month,Yes,Bank transfer (automatic),75.73,2180.67,No
CUST-02961,Female,0,No,Yes,54,No,No,Fiber optic,No internet service,No,No internet service,Yes,Yes,No internet service,Month-to-month,Yes,Electronic check,57.45,3047.43,No
CUST-02962,Male,0,Yes,No,53,Yes,No,DSL,No,No,No,No,No,Yes,Month-to-month,Yes,Credit card (automatic),29.99,1442.0,No
CUST-02963,Female,1,Yes,Yes,34,Yes,No,Fiber optic,No,No internet service,No internet service,No,No,No,One year,Yes,Mailed check,69.04,2284.7,No
CUST-02964,Male,0,Yes,Yes,69,Yes,Yes,Fiber optic,No,Yes,Yes,No,Yes,No,Two year,No,Bank transfer (automatic),50.95,3521.27,No
CUST-02965,Female,1,Yes,No,57,Yes,No,No,Yes,No,No,No internet service,No,Yes,Month-to-month,Yes,Mailed check,23.57,1464.44,No
CUST-02966,Male,0,Yes,No,63,Yes,No,DSL,Yes,Yes,No,No internet service,No,Yes,One year,Yes,Mailed check,67.91,4472.99,No
CUST-02967,Female,0,Yes,Yes,7,Yes,No,Fiber optic,Yes,No,No,No,No,No internet service,Month-to-month,Yes,Credit card (automatic),67.3,434.16,No
CUST-02968,Female,0,Yes,No,35,Yes,Yes,Fiber optic,No,Yes,No,No internet service,No,Yes,Month-to-month,Yes,Electronic check,48.92,1644.2,No
CUST-02969,Male,0,No,Yes,26,Yes,Yes,Fiber optic,No,No,Yes,No,Yes,No,Month-to-month,Yes,Bank transfer (automatic),57.22,1494.17,Yes
CUST-02970,Female,0,Yes,Yes,58,Yes,No,No,Yes,No,No,No internet service,No,No,Two year,Yes,Electronic check,22.41,1287.07,No
CUST-02971,Female,0,Yes,No,33,Yes,Yes,No,No,No internet service,Yes,No,Yes,No internet service,Month-to-month,No,Mailed check,39.09,1162.29,No
CUST-02972,Male,0,No,Yes,5,Yes,Yes,DSL,No,Yes,No,No internet service,Yes,No,Month-to-month,Yes,Mailed check,60.39,328.23,No
CUST-02973,Male,0,No,Yes,21,Yes,Yes,No,No,No internet service,Yes,No,No,No internet service,Month-to-month,Yes,Mailed check,33.84,768.07,No
CUST-02974,Female,0,Yes,Yes,41,Yes,No,No,Yes,No,No,No,Yes,Yes,Month-to-month,No,Electronic check,47.02,2091.2,No
CUST-02975,Female,0,No,No,46,Yes,No,Fiber optic,No,No,No internet service,No,Yes,Yes,Month-to-month,Yes,Mailed check,75.92,3442.42,No
CUST-02976,Male,0,Yes,Yes,66,Yes,Yes,DSL,No internet service,No,No,No internet service,No,No internet service,Month-to-month,Yes,Bank transfer (automatic),69.61,4900.58,No
CUST-02977,Female,0,No,No,7,Yes,No phone service,DSL,No internet service,No,No,No internet service,No,No internet service,Month-to-month,Yes,Credit card (automatic),53.48,389.97,No
CUST-02978,Male,1,Yes,No,29,Yes,No,DSL,No,No,No,Yes,No internet service,No,One year,No,Bank transfer (automatic),54.6,1587.12,No
CUST-02979,Female,0,Yes,No,20,Yes,No phone service,No,No,Yes,Yes,No,No internet service,No internet service,Two year,Yes,Electronic check,73.22,1340.55,No
CUST-02980,Male,1,Yes,Yes,69,Yes,No,Fiber optic,No internet service,No internet service,Yes,No,Yes,Yes,One year,Yes,Electronic check,71.78,4623.81,No
CUST-02981,Female,0,Yes,No,12,Yes,No,No,Yes,Yes,Yes,Yes,Yes,Yes,Two year,Yes,Bank transfer (automatic),25.3,287.71,No
CUST-02982,Male,0,No,No,2,Yes,No,Fiber optic,Yes,No internet service,No,Yes,No,Yes,Two year,No,Electronic check,79.6,171.81,Yes
CUST-02983,Male,1,Yes,No,22,Yes,No,Fiber optic,No,No,No,No internet service,No internet service,Yes,Month-to-month,Yes,Electronic check,31.45,714.78,No
CUST-02984,Male,0,No,Yes,8,No,Yes,DSL,No,No internet service,No,No internet service,Yes,No,Month-to-month,No,Mailed check,24.99,219.23,No
CUST-02985,Male,0,Yes,Yes,21,Yes,Yes,Fiber optic,Yes,Yes,No,No,No,No,Month-to-month,No,Credit card (automatic),69.31,1474.85,Yes
CUST-02986,Male,1,Yes,Yes,38,Yes,No,DSL,No internet service,Yes,No,Yes,No internet service,No internet service,One year,No,Mailed check,56.64,1973.55,No
CUST-02987,Female,0,No,No,40,Yes,Yes,Fiber optic,Yes,No internet service,Yes,No,No,No,Two year,Yes,Electronic check,67.66,2694.36,No
CUST-02988,Female,0,No,No,9,Yes,No,DSL,No,No internet service,No,No,Yes,No,Month-to-month,No,Bank transfer (automatic),89.62,743.95,Yes
CUST-02989,Male,0,Yes,No,31,No,Yes,Fiber optic,No,No,No internet service,No internet service,No,No internet service,Two year,No,Credit card (automatic),45.38,1519.71,No
CUST-02990,Female,0,Yes,No,23,Yes,No,No,No,Yes,No,No,Yes,Yes,Two year,No,Credit card (automatic),45.34,996.61,No
CUST-02991,Male,0,Yes,No,7,Yes,Yes,DSL,No,No,Yes,No,Yes,No internet service,Two year,Yes,Credit card (automatic),69.42,456.52,Yes
CUST-02992,Male,0,No,No,57,Yes,No phone service,Fiber optic,No,No internet service,No internet service,No internet service,Yes,No,Two year,Yes,Credit card (automatic),31.69,1810.53,No
CUST-02993,Female,0,Yes,Yes,25,No,No,No,Yes,No,No,No,Yes,No internet service,Month-to-month,Yes,Bank transfer (automatic),64.57,1713.39,Yes
CUST-02994,Female,0,Yes,No,13,Yes,Yes,Fiber optic,No,No,No,No internet service,Yes,No internet service,Month-to-month,Yes,Mailed check,78.55,1023.26,No
CUST-02995,Male,0,Yes,No,3,Yes,Yes,DSL,No,No,No,Yes,No,No,Month-to-month,No,Credit card (automatic),80.81,220.04,Yes
CUST-02996,Female,0,Yes,No,53,Yes,No,Fiber optic,No,Yes,No,No internet service,Yes,No internet service,Two year,Yes,Mailed check,65.4,3634.63,No
CUST-02997,Male,1,No,Yes,18,Yes,No,DSL,No,No,No,No internet service,No internet service,No,Month-to-month,No,Bank transfer (automatic),39.07,637.73,No
CUST-02998,Male,1,Yes,No,40,Yes,Yes,DSL,No,Yes,Yes,No,No internet service,Yes,Two year,No,Electronic check,52.23,2132.81,No
CUST-02999,Male,1,Yes,Yes,41,Yes,Yes,Fiber optic,Yes,No,No,No internet service,Yes,Yes,One year,No,Credit card (automatic),72.36,3036.14,No
CUST-03000,Male,1,No,No,13,Yes,Yes,DSL,Yes,No internet service,No,No internet service,No internet service,No,Two year,No,Electronic check,76.17,932.48,No
CUST-03001,Male,0,Yes,No,1,Yes,No,DSL,No internet service,Yes,No,No internet service,No internet service,No,Month-to-month,Yes,Mailed check,34.41,34.04,No
CUST-03002,Female,0,Yes,No,51,Yes,Yes,DSL,No,No,Yes,No,Yes,No internet service,Month-to-month,Yes,Mailed check,74.68,3432.53,No
CUST-03003,Male,0,Yes,No,5,No,Yes,Fiber optic,Yes,Yes,No,No internet service,Yes,No internet service,Month-to-month,Yes,Electronic check,88.47,423.21,Yes
CUST-03004,Male,0,Yes,No,51,Yes,Yes,Fiber optic,Yes,Yes,No,Yes,No,No,One year,No,Bank transfer (automatic),68.29,3565.93,No
CUST-03005,Male,1,Yes,No,26,Yes,No,Fiber optic,No,No,Yes,No,Yes,Yes,Month-to-month,Yes,Bank transfer (automatic),74.25,1847.17,Yes
CUST-03006,Female,0,No,No,20,Yes,No,DSL,No,Yes,No,No internet service,No internet service,No,Month-to-month,No,Credit card (automatic),84.33,1534.01,Yes
CUST-03007,Female,0,Yes,No,70,Yes,No,No,No,Yes,No,No internet service,No,No,One year,Yes,Electronic check,63.55,4603.54,No
CUST-03008,Female,0,No,No,17,No,Yes,No,Yes,No internet service,No,No internet service,Yes,No,Month-to-month,Yes,Electronic check,70.34,1253.75,No
CUST-03009,Male,0,Yes,Yes,47,Yes,No,No,No,Yes,No,Yes,No,Yes,Two year,Yes,Bank transfer (automatic),70.47,3552.54,No
CUST-03010,Female,0,Yes,Yes,10,Yes,Yes,No,Yes,No,No,No internet service,Yes,No,Month-to-month,No,Bank transfer (automatic),37.93,407.79,No
CUST-03011,Male,0,Yes,No,5,Yes,No,No,No,No,Yes,No internet service,No,No internet service,Month-to-month,No,Bank transfer (automatic),71.19,355.69,No
CUST-03012,Female,0,Yes,No,4,Yes,Yes,Fiber optic,Yes,No,Yes,No internet service,No,No,Month-to-month,Yes,Bank transfer (automatic),71.52,280.78,Yes
CUST-03013,Female,1,Yes,No,10,Yes,No,No,No,No,No,No,No,No,Two year,Yes,Electronic check,34.03,346.14,No
CUST-03014,Female,0,No,No,16,Yes,Yes,No,No,No,No internet service,Yes,Yes,Yes,Month-to-month,Yes,Credit card (automatic),96.08,1627.26,Yes
CUST-03015,Male,0,No,Yes,37,Yes,Yes,Fiber optic,No,Yes,Yes,No internet service,No,No,One year,Yes,Credit card (automatic),34.14,1256.95,No
CUST-03016,Female,0,Yes,Yes,58,Yes,Yes,DSL,Yes,No internet service,No,No,Yes,No,Two year,No,Mailed check,27.11,1728.1,No
CUST-03017,Female,0,Yes,No,13,Yes,No,Fiber optic,No,Yes,Yes,No,Yes,Yes,One year,No,Electronic check,57.94,773.94,Yes
CUST-03018,Female,0,Yes,No,50,Yes,No,No,No,No,No internet service,Yes,Yes,No internet service,Month-to-month,No,Electronic check,28.69,1379.45,No
CUST-03019,Female,0,Yes,Yes,64,No,Yes,Fiber optic,No internet service,No,No,Yes,Yes,Yes,Month-to-month,Yes,Bank transfer (automatic),55.12,3734.9,No
CUST-03020,Female,0,Yes,Yes,59,Yes,Yes,Fiber optic,Yes,Yes,Yes,Yes,No internet service,No,Two year,Yes,Electronic check,27.59,1514.11,No
CUST-03021,Female,0,Yes,No,52,Yes,Yes,DSL,No internet service,Yes,Yes,Yes,No,No,One year,Yes,Bank transfer (automatic),62.27,3520.26,No
CUST-03022,Female,1,No,No,23,Yes,No,DSL,No internet service,No internet service,No,No,Yes,No,Month-to-month,Yes,Electronic check,80.6,1794.61,Yes
CUST-03023,Male,0,No,No,13,Yes,Yes,DSL,No,Yes,No,Yes,No,Yes,One year,No,Mailed check,38.52,519.29,No
CUST-03024,Female,1,No,No,36,Yes,Yes,Fiber optic,No,No,No,No,Yes,No,Month-to-month,Yes,Mailed check,58.42,2155.83,No
CUST-03025,Female,0,Yes,Yes,47,Yes,Yes,DSL,No internet service,Yes,No internet service,No,No,No,Two year,No,Electronic check,76.34,3297.98,No
CUST-03026,Male,1,No,No,48,Yes,No,DSL,No internet service,No,Yes,Yes,No internet service,No internet service,One year,No,Credit card (automatic),79.5,3985.14,No
CUST-03027,Male,1,Yes,No,27,Yes,Yes,No,Yes,Yes,No,No,No,No,One year,Yes,Electronic check,92.84,2412.34,Yes
CUST-03028,Male,0,No,No,8,Yes,Yes,Fiber optic,No,No internet service,No,No,Yes,Yes,One year,Yes,Mailed check,76.78,599.64,No
CUST-03029,Female,0,No,No,13,Yes,Yes,Fiber optic,No,Yes,No,No,No internet service,No internet service,Month-to-month,No,Electronic check,56.74,678.1,No
CUST-03030,Male,0,No,No,11,Yes,Yes,DSL,No,No internet service,Yes,No internet service,No,No,Two year,Yes,Bank transfer (automatic),74.39,869.04,No
CUST-03031,Female,0,No,No,39,Yes,No,DSL,Yes,No,No internet service,No internet service,No internet service,No internet service,Two year,Yes,Mailed check,21.67,906.03,No
CUST-03032,Male,1,Yes,Yes,27,Yes,Yes,Fiber optic,No internet service,No,No internet service,Yes,Yes,No,One year,No,Bank transfer (automatic),57.63,1442.19,Yes
CUST-03033,Female,0,No,No,19,Yes,Yes,DSL,No,No,No internet service,No,No,No internet service,Month-to-month,No,Mailed check,90.78,1832.66,Yes
CUST-03034,Female,1,No,Yes,8,Yes,Yes,DSL,Yes,No,No,No,No,Yes,Month-to-month,Yes,Electronic check,77.53,669.61,Yes
CUST-03035,Female,0,No,Yes,18,Yes,No,No,Yes,No internet service,No,Yes,Yes,No,Month-to-month,No,Bank transfer (automatic),80.28,1328.65,Yes
CUST-03036,Female,0,Yes,No,11,Yes,Yes,DSL,No,Yes,Yes,Yes,No,Yes,Month-to-month,No,Electronic check,80.4,972.39,Yes
CUST-03037,Male,0,No,No,54,Yes,No,No,No,No,No,No,No,Yes,Two year,No,Bank transfer (automatic),55.12,2681.54,No
CUST-03038,Male,0,No,Yes,3,No,No,No,No,No internet service,Yes,No internet service,No,No internet service,One year,Yes,Mailed check,77.45,248.26,No
CUST-03039,Male,0,Yes,Yes,62,Yes,No,Fiber optic,No internet service,Yes,No internet service,Yes,No,No internet service,Month-to-month,Yes,Bank transfer (automatic),54.03,3388.91,No
CUST-03040,Male,0,Yes,No,69,Yes,Yes,DSL,No internet service,Yes,No,No,No,Yes,Month-to-month,Yes,Credit card (automatic),63.96,4816.86,No
CUST-03041,Female,1,No,No,69,Yes,No,Fiber optic,No,Yes,Yes,No,No internet service,No,Month-to-month,Yes,Electronic check,31.26,2087.1,No
CUST-03042,Female,0,No,No,28,Yes,Yes,No,No,Yes,No,No,Yes,No,Month-to-month,Yes,Mailed check,97.52,2654.57,Yes
CUST-03043,Male,0,No,Yes,28,Yes,Yes,Fiber optic,No,Yes,No,Yes,No internet service,Yes,One year,No,Credit card (automatic),23.35,698.31,No
CUST-03044,Female,1,No,No,17,Yes,Yes,DSL,No internet service,Yes,No internet service,No,No,No,Two year,Yes,Credit card (automatic),36.97,654.97,No
CUST-03045,Female,1,Yes,No,33,Yes,Yes,No,No,Yes,No,No,Yes,No,Month-to-month,Yes,Credit card (automatic),47.22,1589.59,No
CUST-03046,Male,0,No,Yes,70,Yes,No,Fiber optic,Yes,Yes,No internet service,No internet service,No,Yes,Month-to-month,No,Credit card (automatic),33.57,2417.76,No
CUST-03047,Female,0,Yes,No,55,Yes,No phone service,Fiber optic,No,No internet service,No,No,No,No,One year,No,Bank transfer (automatic),59.83,3410.85,No
CUST-03048,Male,1,No,Yes,55,Yes,No,DSL,No,No,No,No,No internet service,No,Month-to-month,No,Electronic check,60.73,3038.09,No
CUST-03049,Male,0,Yes,Yes,30,Yes,Yes,Fiber optic,No,Yes,Yes,No,No internet service,No,One year,No,Electronic check,32.71,906.29,No
CUST-03050,Male,0,No,No,67,Yes,Yes,Fiber optic,Yes,No internet service,Yes,No,No internet service,Yes,Month-to-month,Yes,Bank transfer (automatic),20.52,1287.2,No
CUST-03051,Male,1,No,No,66,Yes,No,Fiber optic,No,No,No,No,Yes,No,Two year,Yes,Bank transfer (automatic),24.46,1510.0,No
CUST-03052,Female,0,Yes,No,58,Yes,Yes,No,No,Yes,No internet service,No internet service,Yes,Yes,Month-to-month,Yes,Electronic check,20.03,1241.41,No
CUST-03053,Female,0,No,No,58,Yes,Yes,DSL,Yes,No,Yes,No internet service,No internet service,No internet service,Month-to-month,Yes,Bank transfer (automatic),74.32,4219.62,No
CUST-03054,Male,0,Yes,No,7,Yes,Yes,DSL,Yes,No internet service,Yes,No,No internet service,Yes,Month-to-month,No,Mailed check,64.64,451.52,Yes
CUST-03055,Male,0,No,No,6,Yes,No phone service,Fiber optic,No,Yes,No internet service,No,No internet service,No,Month-to-month,No,Electronic check,81.98,451.49,Yes
CUST-03056,Female,0,No,No,21,Yes,Yes,DSL,No,No internet service,Yes,No internet service,Yes,No,One year,Yes,Bank transfer (automatic),25.55,576.32,No
CUST-03057,Male,0,Yes,Yes,55,Yes,No,Fiber optic,Yes,No,No,No internet service,Yes,No,Month-to-month,Yes,Electronic check,69.06,3426.27,No
CUST-03058,Male,1,Yes,Yes,22,Yes,No phone service,Fiber optic,No,No,No internet service,No,Yes,No internet service,One year,Yes,Electronic check,70.92,1430.21,Yes
CUST-03059,Male,1,No,No,8,Yes,No phone service,Fiber optic,No,Yes,No,No,No,No,Two year,Yes,Credit card (automatic),83.3,708.0,Yes
CUST-03060,Male,0,Yes,Yes,68,Yes,Yes,Fiber optic,No internet service,Yes,Yes,No,Yes,No,Two year,Yes,Electronic check,29.56,1861.57,No
CUST-03061,Male,0,No,No,35,Yes,Yes,DSL,No internet service,No,No internet service,No,No internet service,No internet service,Month-to-month,No,Mailed check,51.34,1902.33,No
CUST-03062,Female,1,Yes,No,1,No,No,DSL,No,No internet service,Yes,No,Yes,No internet service,Month-to-month,No,Electronic check,66.24,64.26,Yes
CUST-03063,Male,0,No,No,21,Yes,No,Fiber optic,No,No,No internet service,No,No,Yes,Month-to-month,Yes,Bank transfer (automatic),67.74,1501.09,No
CUST-03064,Male,0,No,No,26,Yes,No,Fiber optic,No,No internet service,Yes,No,No,No,Month-to-month,No,Mailed check,44.75,1058.87,No
CUST-03065,Female,0,No,No,25,Yes,No phone service,No,No internet service,No,Yes,No,No internet service,No internet service,One year,Yes,Electronic check,61.75,1494.74,No
CUST-03066,Male,0,No,No,10,Yes,Yes,DSL,Yes,No internet service,Yes,No internet service,Yes,No,Month-to-month,Yes,Electronic check,63.8,635.61,Yes
CUST-03067,Female,0,Yes,Yes,32,Yes,Yes,DSL,Yes,Yes,No,No internet service,No,Yes,Month-to-month,Yes,Electronic check,66.68,2187.4,No
CUST-03068,Male,0,Yes,No,22,Yes,No,Fiber optic,No,No internet service,No,Yes,No,No,Month-to-month,No,Electronic check,33.77,792.9,No
CUST-03069,Male,0,Yes,No,58,No,Yes,Fiber optic,Yes,No internet service,No,No,Yes,Yes,One year,Yes,Bank transfer (automatic),70.57,3883.88,No
CUST-03070,Male,0,No,No,24,No,Yes,Fiber optic,No,No,Yes,No,Yes,Yes,Month-to-month,No,Mailed check,31.15,771.36,No
CUST-03071,Female,0,No,No,32,Yes,No,Fiber optic,No internet service,No,No internet service,No,No internet service,No,One year,No,Credit card (automatic),67.41,2006.89,No
CUST-03072,Male,0,No,No,62,Yes,Yes,Fiber optic,No,No,Yes,No,No internet service,Yes,Two year,Yes,Electronic check,28.05,1841.77,No
CUST-03073,Male,0,No,Yes,13,Yes,No phone service,DSL,No,Yes,Yes,No internet service,No,No,Month-to-month,No,Electronic check,72.18,1019.64,Yes
CUST-03074,Female,1,No,No,1,No,No,DSL,No,Yes,Yes,No,No internet service,Yes,Two year,Yes,Mailed check,66.76,60.72,No
CUST-03075,Female,0,Yes,No,1,Yes,Yes,No,Yes,No internet service,No,No,No,Yes,Month-to-month,Yes,Electronic check,43.17,39.54,No
CUST-03076,Female,0,Yes,Yes,31,Yes,Yes,Fiber optic,No,Yes,No internet service,No,Yes,Yes,Two year,Yes,Credit card (automatic),34.66,1136.25,No
CUST-03077,Male,0,Yes,No,47,Yes,No,No,Yes,Yes,Yes,No internet service,No internet service,No internet service,One year,Yes,Bank transfer (automatic),40.67,2056.85,No
CUST-03078,Male,0,No,No,67,Yes,Yes,DSL,Yes,No,Yes,No,No internet service,No internet service,Month-to-month,Yes,Bank transfer (automatic),37.8,2607.68,No
CUST-03079,Female,1,Yes,Yes,10,Yes,Yes,No,No,No,Yes,No,No,No,Two year,No,Mailed check,57.98,575.3,No
CUST-03080,Female,0,Yes,No,39,Yes,Yes,No,No,No internet service,No internet service,No internet service,Yes,No internet service,Month-to-month,Yes,Mailed check,22.67,931.71,No
CUST-03081,Female,0,Yes,No,21,Yes,No phone service,No,No,No,No,Yes,Yes,Yes,Month-to-month,Yes,Electronic check,22.49,453.37,No
CUST-03082,Female,0,No,Yes,27,Yes,No phone service,DSL,No,No internet service,No,No,No,Yes,Month-to-month,No,Bank transfer (automatic),91.1,2701.61,Yes
CUST-03083,Female,0,Yes,No,32,Yes,No,Fiber optic,No,No,No,No internet service,No internet service,No,Month-to-month,Yes,Electronic check,36.62,1253.4,No
CUST-03084,Female,1,No,No,23,Yes,No phone service,No,Yes,No,No,No,Yes,Yes,One year,Yes,Electronic check,30.62,758.79,No
CUST-03085,Female,1,Yes,Yes,2,Yes,Yes,Fiber optic,No,No,No internet service,No internet service,No internet service,No internet service,Month-to-month,No,Bank transfer (automatic),63.01,134.96,No
CUST-03086,Female,0,Yes,No,3,Yes,No phone service,Fiber optic,Yes,Yes,No,No internet service,No internet service,No,Two year,No,Electronic check,75.87,247.32,Yes
CUST-03087,Female,0,No,No,38,Yes,Yes,DSL,Yes,Yes,Yes,Yes,No internet service,Yes,Two year,Yes,Credit card (automatic),75.45,2617.37,No
CUST-03088,Female,0,Yes,No,16,No,No,Fiber optic,No internet service,No,No,No internet service,No internet service,Yes,Month-to-month,Yes,Electronic check,65.45,1132.78,No
CUST-03089,Male,0,No,No,24,Yes,No phone service,Fiber optic,No internet service,No,Yes,No,No,No,Month-to-month,Yes,Mailed check,44.18,1007.01,No
CUST-03090,Male,0,Yes,No,7,Yes,No,No,No,Yes,No,Yes,No,No,Two year,No,Bank transfer (automatic),71.54,486.68,No
CUST-03091,Female,0,Yes,Yes,4,Yes,Yes,DSL,Yes,No,Yes,No,Yes,No,Month-to-month,Yes,Bank transfer (automatic),57.09,222.45,No
CUST-03092,Male,1,Yes,No,29,Yes,No,Fiber optic,No,Yes,No,Yes,Yes,No,Month-to-month,No,Mailed check,69.76,1914.78,Yes
CUST-03093,Female,1,No,No,27,Yes,Yes,No,No,No,Yes,No internet service,No,No,One year,No,Mailed check,38.78,1034.17,No
CUST-03094,Female,0,Yes,No,12,Yes,No,No,No,No internet service,Yes,No,No,Yes,Month-to-month,No,Credit card (automatic),59.79,718.27,No
CUST-03095,Female,0,No,No,17,Yes,Yes,No,Yes,No,No,No,No internet service,No,Two year,Yes,Bank transfer (automatic),28.38,448.56,No
CUST-03096,Female,1,No,No,24,Yes,No phone service,DSL,No,No,No,Yes,Yes,No,Two year,Yes,Credit card (automatic),88.82,2071.79,Yes
CUST-03097,Female,0,Yes,Yes,21,Yes,Yes,Fiber optic,No internet service,No,No,No,Yes,No internet service,Two year,Yes,Bank transfer (automatic),26.97,549.17,No
CUST-03098,Male,0,Yes,No,1,Yes,No,DSL,No,No,No internet service,No internet service,No,No internet service,Month-to-month,Yes,Electronic check,46.71,48.34,No
CUST-03099,Female,0,No,No,9,Yes,Yes,No,No internet service,No,No,No internet service,Yes,No,Two year,No,Credit card (automatic),56.98,521.11,No
CUST-03100,Female,0,No,No,18,Yes,Yes,Fiber optic,No,Yes,Yes,No internet service,Yes,No,One year,Yes,Credit card (automatic),81.54,1531.16,Yes
CUST-03101,Male,0,No,No,26,Yes,No,No,Yes,Yes,Yes,No,No,Yes,Month-to-month,No,Electronic check,59.42,1632.65,Yes
CUST-03102,Male,0,No,No,9,Yes,No phone service,DSL,No internet service,No,Yes,No internet service,Yes,No,Month-to-month,Yes,Electronic check,68.8,639.88,No
CUST-03103,Male,0,Yes,Yes,21,No,No,No,Yes,No internet service,No,No internet service,No,No,Month-to-month,No,Mailed check,35.34,703.73,No
CUST-03104,Male,0,No,No,28,Yes,Yes,Fiber optic,No,No,Yes,No,No,Yes,Two year,Yes,Electronic check,25.73,720.75,No
CUST-03105,Female,0,No,Yes,65,Yes,Yes,Fiber optic,No,Yes,No,Yes,No,Yes,Month-to-month,Yes,Electronic check,39.84,2572.29,No
CUST-03106,Female,0,Yes,Yes,9,Yes,No,No,Yes,No,No,No,No internet service,Yes,One year,Yes,Electronic check,85.06,700.32,Yes
CUST-03107,Female,0,Yes,No,55,Yes,No,DSL,No,No,No,Yes,Yes,No,Two year,No,Bank transfer (automatic),61.63,3657.08,No
CUST-03108,Female,0,No,No,15,Yes,No,DSL,No,No internet service,No,No,No,No internet service,Two year,Yes,Credit card (automatic),93.68,1290.38,Yes
CUST-03109,Female,1,Yes,No,35,Yes,Yes,DSL,No,No,No,No internet service,No internet service,Yes,Month-to-month,Yes,Credit card (automatic),70.43,2699.94,No
CUST-03110,Male,0,No,No,35,Yes,No,Fiber optic,No,No,Yes,No,Yes,Yes,Month-to-month,Yes,Mailed check,59.61,1890.96,No
CUST-03111,Female,0,Yes,No,46,No,Yes,Fiber optic,No internet service,No,No,No,Yes,No,Two year,Yes,Electronic check,68.67,3303.92,No
CUST-03112,Female,0,Yes,Yes,60,Yes,Yes,No,Yes,Yes,No,No,No,No,Month-to-month,Yes,Bank transfer (automatic),59.43,3414.31,No
CUST-03113,Male,0,No,No,15,Yes,Yes,Fiber optic,No,Yes,No,No internet service,No,No internet service,One year,Yes,Electronic check,82.95,1344.96,Yes
CUST-03114,Male,0,Yes,Yes,40,Yes,Yes,Fiber optic,No,No,Yes,No,No internet service,No,Month-to-month,No,Electronic check,57.44,2446.5,No
CUST-03115,Female,1,Yes,No,19,Yes,No,Fiber optic,No internet service,No,No,No internet service,No internet service,No,Month-to-month,Yes,Bank transfer (automatic),35.89,617.13,No
CUST-03116,Male,1,No,No,15,Yes,Yes,Fiber optic,No internet service,Yes,Yes,No,No internet service,No,Month-to-month,No,Credit card (automatic),22.47,304.82,No
CUST-03117,Female,0,Yes,Yes,23,Yes,No,Fiber optic,No,No,No internet service,No,Yes,Yes,Month-to-month,Yes,Bank transfer (automatic),26.32,617.85,No
CUST-03118,Male,0,Yes,Yes,21,No,Yes,No,Yes,No,No,No,No internet service,No internet service,One year,No,Mailed check,89.81,1753.84,Yes
CUST-03119,Female,0,No,Yes,32,Yes,Yes,Fiber optic,No,Yes,No internet service,Yes,Yes,No,One year,Yes,Credit card (automatic),78.31,2262.42,No
CUST-03120,Female,0,Yes,No,9,Yes,Yes,DSL,No,No,No,Yes,No,No internet service,Month-to-month,No,Bank transfer (automatic),77.55,763.24,Yes
CUST-03121,Male,0,No,No,50,Yes,Yes,No,Yes,No,No internet service,Yes,Yes,No internet service,One year,Yes,Bank transfer (automatic),66.53,3414.89,No
CUST-03122,Male,0,Yes,No,26,Yes,Yes,No,No internet service,Yes,No,Yes,Yes,No internet service,One year,No,Bank transfer (automatic),59.83,1403.39,No
CUST-03123,Female,0,No,No,68,Yes,No,Fiber optic,No,No internet service,No,No internet service,No internet service,Yes,One year,Yes,Electronic check,74.21,5036.71,No
CUST-03124,Female,0,No,No,4,Yes,Yes,Fiber optic,No,Yes,No,Yes,Yes,No internet service,Month-to-month,No,Credit card (automatic),64.13,238.95,No
CUST-03125,Male,0,No,No,64,Yes,No,Fiber optic,No,Yes,No internet service,No,No,No,Month-to-month,Yes,Credit card (automatic),35.5,2410.67,No
CUST-03126,Male,0,No,Yes,1,Yes,No phone service,Fiber optic,No internet service,No,Yes,No,Yes,No internet service,Month-to-month,Yes,Electronic check,69.18,62.66,Yes
CUST-03127,Female,0,Yes,No,28,Yes,Yes,No,No,Yes,No,No internet service,No internet service,No internet service,Month-to-month,Yes,Bank transfer (automatic),44.26,1207.29,No
CUST-03128,Female,1,No,No,59,Yes,Yes,Fiber optic,Yes,Yes,No,No,No internet service,Yes,One year,No,Electronic check,29.92,1672.79,No
CUST-03129,Female,0,Yes,No,49,Yes,Yes,Fiber optic,No,No,Yes,No internet service,No internet service,No,Month-to-month,Yes,Electronic check,33.34,1790.78,No
CUST-03130,Female,0,Yes,Yes,23,Yes,No,DSL,Yes,Yes,No internet service,No internet service,No,Yes,One year,Yes,Electronic check,37.11,781.51,No
CUST-03131,Female,0,Yes,No,8,No,Yes,Fiber optic,No,No internet service,No internet service,No,Yes,Yes,Two year,Yes,Electronic check,84.48,705.56,Yes
CUST-03132,Male,0,No,No,10,Yes,Yes,Fiber optic,Yes,No internet service,Yes,Yes,No,No internet service,Month-to-month,Yes,Bank transfer (automatic),33.04,328.95,No
CUST-03133,Male,0,Yes,Yes,1,Yes,Yes,Fiber optic,No,No internet service,No internet service,Yes,Yes,No internet service,Month-to-month,No,Mailed check,66.71,70.93,Yes
CUST-03134,Female,0,Yes,Yes,37,Yes,Yes,DSL,No internet service,No,No,No,Yes,Yes,Two year,Yes,Electronic check,40.59,1416.0,No
CUST-03135,Male,0,No,No,15,Yes,No,Fiber optic,No internet service,No,No,No,Yes,Yes,Month-to-month,No,Electronic check,69.65,1118.99,No
CUST-03136,Male,0,No,No,66,Yes,No,No,Yes,No,No,No,No internet service,Yes,Month-to-month,Yes,Mailed check,23.86,1716.6,No
CUST-03137,Female,0,Yes,No,1,Yes,No,Fiber optic,Yes,No,No,No,No,Yes,Month-to-month,No,Credit card (automatic),85.39,80.49,Yes
CUST-03138,Female,1,No,No,6,Yes,No phone service,Fiber optic,No internet service,No internet service,Yes,No internet service,No,No internet service,Month-to-month,Yes,Bank transfer (automatic),83.03,472.55,Yes
CUST-03139,Female,0,No,No,7,Yes,No,No,No,Yes,Yes,Yes,Yes,No,Two year,Yes,Mailed check,74.4,569.1,No
CUST-03140,Female,0,No,No,4,No,No phone service,Fiber optic,Yes,Yes,No,No,No,No,Month-to-month,No,Bank transfer (automatic),51.55,203.48,No
CUST-03141,Male,1,No,Yes,30,Yes,Yes,No,No,No,No internet service,No,No internet service,Yes,Month-to-month,Yes,Electronic check,58.07,1858.91,No
CUST-03142,Female,0,No,No,30,Yes,Yes,DSL,No,Yes,Yes,Yes,Yes,Yes,Month-to-month,No,Electronic check,41.65,1335.07,No
CUST-03143,Female,1,Yes,Yes,52,No,Yes,DSL,No,No internet service,No,No,Yes,No,Month-to-month,Yes,Mailed check,45.92,2297.51,No
CUST-03144,Male,1,No,No,48,Yes,No phone service,No,No,Yes,Yes,Yes,No internet service,No,One year,Yes,Electronic check,65.04,2921.36,No
CUST-03145,Female,0,Yes,No,2,Yes,No,No,No,No,No,Yes,No,No,One year,Yes,Mailed check,23.0,44.77,No
CUST-03146,Male,0,Yes,No,34,Yes,Yes,DSL,Yes,No internet service,Yes,Yes,No,Yes,Month-to-month,Yes,Credit card (automatic),22.19,768.33,No
CUST-03147,Male,1,Yes,Yes,56,Yes,Yes,No,No internet service,Yes,Yes,No,No,No,Two year,Yes,Bank transfer (automatic),72.5,4057.63,No
CUST-03148,Female,0,Yes,Yes,64,Yes,Yes,Fiber optic,No internet service,No,No internet service,No,Yes,Yes,Month-to-month,Yes,Electronic check,26.6,1783.02,No
CUST-03149,Female,0,No,No,21,Yes,Yes,DSL,No internet service,No internet service,No,No internet service,Yes,No internet service,Month-to-month,Yes,Mailed check,63.26,1341.43,No
CUST-03150,Male,0,No,No,4,Yes,No,DSL,Yes,No internet service,No,No internet service,No,No,Month-to-month,Yes,Mailed check,31.97,135.69,No
CUST-03151,Female,1,Yes,No,2,Yes,Yes,Fiber optic,Yes,Yes,No,No,No,No internet service,Month-to-month,Yes,Electronic check,88.94,163.79,Yes
CUST-03152,Female,0,Yes,No,25,Yes,No,DSL,No,Yes,Yes,No internet service,Yes,No internet service,Month-to-month,No,Mailed check,37.61,928.8,No
CUST-03153,Female,0,Yes,Yes,26,Yes,No,Fiber optic,No,Yes,No,Yes,No internet service,No,Two year,No,Electronic check,94.01,2207.69,Yes
CUST-03154,Male,0,Yes,No,25,No,No,No,Yes,Yes,No internet service,No internet service,No,No,One year,Yes,Bank transfer (automatic),69.6,1608.04,No
CUST-03155,Female,0,Yes,Yes,7,No,Yes,Fiber optic,No internet service,Yes,No,No,No internet service,Yes,Two year,No,Mailed check,72.53,490.6,No
CUST-03156,Male,0,Yes,No,7,Yes,No,No,Yes,No,No,No internet service,No,No,Month-to-month,Yes,Credit card (automatic),58.19,440.04,Yes
CUST-03157,Female,0,No,No,21,Yes,No,Fiber optic,Yes,Yes,Yes,Yes,No,No,One year,Yes,Electronic check,40.26,825.2,No
CUST-03158,Female,0,No,No,35,Yes,Yes,Fiber optic,No internet service,Yes,Yes,No,No,No,Month-to-month,Yes,Credit card (automatic),70.22,2346.35,No
CUST-03159,Female,0,No,No,8,Yes,No,Fiber optic,Yes,No internet service,No internet service,Yes,Yes,No,Two year,Yes,Electronic check,63.9,528.66,Yes
CUST-03160,Male,0,No,Yes,57,No,Yes,Fiber optic,No internet service,No,No,No,Yes,No internet service,Month-to-month,Yes,Electronic check,27.01,1602.22,No
CUST-03161,Male,0,No,Yes,30,Yes,Yes,No,No,Yes,Yes,Yes,Yes,No internet service,One year,No,Mailed check,48.77,1457.64,No
CUST-03162,Male,0,Yes,No,27,Yes,No phone service,DSL,No,Yes,No internet service,No internet service,No,No,Two year,No,Mailed check,97.35,2517.28,Yes
CUST-03163,Male,1,Yes,No,65,Yes,No,DSL,Yes,No,Yes,No internet service,No,No internet service,Month-to-month,Yes,Credit card (automatic),40.16,2506.93,No
CUST-03164,Male,0,No,No,10,Yes,No,Fiber optic,No,No,No,No,Yes,No,Month-to-month,No,Credit card (automatic),66.74,625.43,Yes
CUST-03165,Male,0,No,No,10,Yes,Yes,No,No internet service,Yes,No,No internet service,No,Yes,Two year,No,Bank transfer (automatic),78.07,759.24,No
CUST-03166,Female,1,Yes,No,11,Yes,Yes,Fiber optic,No,No,No internet service,Yes,Yes,No internet service,One year,Yes,Credit card (automatic),76.33,783.92,No
CUST-03167,Female,0,No,No,1,Yes,No,Fiber optic,Yes,No,No internet service,No,No internet service,No,One year,Yes,Electronic check,59.11,60.8,No
CUST-03168,Female,0,No,No,40,Yes,Yes,No,Yes,No,Yes,No internet service,No internet service,No,One year,No,Bank transfer (automatic),60.91,2628.72,No
CUST-03169,Male,0,Yes,Yes,1,Yes,No,DSL,Yes,No,Yes,No internet service,No internet service,Yes,Month-to-month,No,Bank transfer (automatic),56.22,53.46,Yes
CUST-03170,Female,0,Yes,No,27,Yes,Yes,DSL,No internet service,No,No internet service,No,No internet service,Yes,Two year,No,Bank transfer (automatic),58.63,1501.39,No
CUST-03171,Male,1,No,Yes,24,Yes,Yes,Fiber optic,No,Yes,No internet service,Yes,No internet service,Yes,Month-to-month,No,Electronic check,69.33,1796.42,Yes
CUST-03172,Female,1,No,Yes,18,Yes,Yes,Fiber optic,No,Yes,Yes,No,Yes,Yes,Two year,Yes,Mailed check,88.79,1619.97,Yes
CUST-03173,Female,0,No,No,1,Yes,No,DSL,No internet service,No,No,Yes,No internet service,No,Month-to-month,Yes,Electronic check,33.68,35.23,No
CUST-03174,Male,0,No,No,8,Yes,Yes,Fiber optic,No,No,No,No,No,Yes,Month-to-month,Yes,Credit card (automatic),69.95,603.15,No
CUST-03175,Male,0,Yes,No,57,Yes,No,Fiber optic,No,No,No,No,No,No,Two year,Yes,Credit card (automatic),61.06,3595.25,No
CUST-03176,Female,0,No,No,22,Yes,No,DSL,Yes,Yes,No internet service,No,No,No,Two year,Yes,Electronic check,94.69,2184.2,Yes
CUST-03177,Male,0,No,No,60,Yes,No phone service,Fiber optic,No,No,No,Yes,No,No,Month-to-month,Yes,Mailed check,57.4,3366.13,No
CUST-03178,Male,0,No,No,65,Yes,No,DSL,No,No,No internet service,No,No,No,Two year,Yes,Electronic check,68.99,4877.33,No
CUST-03179,Female,0,Yes,Yes,33,No,No,DSL,No internet service,Yes,Yes,Yes,No,No internet service,Month-to-month,No,Electronic check,36.22,1244.0,No
CUST-03180,Female,0,Yes,Yes,1,Yes,Yes,No,Yes,Yes,No,No,No,Yes,Month-to-month,No,Electronic check,98.94,90.46,Yes
CUST-03181,Male,0,No,No,63,Yes,No,Fiber optic,Yes,No,No,Yes,No,Yes,Month-to-month,Yes,Bank transfer (automatic),24.34,1562.62,No
CUST-03182,Female,0,Yes,No,64,Yes,Yes,Fiber optic,Yes,No,Yes,No,No,Yes,Month-to-month,No,Electronic check,57.5,3381.67,No
CUST-03183,Female,0,Yes,No,11,Yes,No,Fiber optic,No,No internet service,No,Yes,No,Yes,One year,Yes,Electronic check,79.94,883.23,No
CUST-03184,Male,0,Yes,No,11,No,Yes,DSL,No,Yes,Yes,No internet service,Yes,No,One year,Yes,Bank transfer (automatic),71.98,726.61,No
CUST-03185,Male,0,Yes,No,29,Yes,No,Fiber optic,Yes,No internet service,No,No,No,No,Month-to-month,No,Bank transfer (automatic),72.54,2157.19,No
CUST-03186,Female,0,No,Yes,36,No,Yes,DSL,No,Yes,Yes,No,No internet service,No,Month-to-month,Yes,Credit card (automatic),60.82,2170.41,No
CUST-03187,Female,1,No,No,69,Yes,No,Fiber optic,No,No,No,Yes,Yes,Yes,Two year,Yes,Electronic check,47.67,3324.15,No
CUST-03188,Female,0,No,No,22,Yes,No,DSL,No,Yes,No,No,No,Yes,Month-to-month,Yes,Electronic check,62.01,1404.86,Yes
CUST-03189,Female,0,Yes,No,60,No,No,No,No,No,Yes,No internet service,No,Yes,Two year,Yes,Electronic check,39.27,2238.55,No
CUST-03190,Female,0,Yes,No,64,Yes,Yes,No,No,Yes,No,No,No,No,Two year,No,Credit card (automatic),53.17,3280.05,No
CUST-03191,Female,0,No,Yes,29,Yes,Yes,No,No internet service,No,No,No,No,No,Month-to-month,Yes,Bank transfer (automatic),87.57,2530.42,Yes
CUST-03192,Male,0,Yes,No,14,Yes,Yes,No,No,No,No internet service,No,Yes,No,Month-to-month,Yes,Bank transfer (automatic),52.62,746.45,No
CUST-03193,Male,0,Yes,No,20,Yes,No,Fiber optic,No,No,Yes,No,No internet service,Yes,Month-to-month,No,Credit card (automatic),87.63,1901.1,Yes
CUST-03194,Male,0,No,No,16,Yes,Yes,DSL,No,Yes,No,No internet service,No,Yes,Month-to-month,No,Electronic check,41.17,639.21,No
CUST-03195,Female,0,No,No,53,Yes,No,DSL,Yes,No,No internet service,No,No,Yes,Month-to-month,Yes,Credit card (automatic),39.82,2149.18,No
CUST-03196,Male,0,Yes,No,49,Yes,No,DSL,No internet service,No,No,Yes,Yes,No,Month-to-month,No,Credit card (automatic),33.48,1779.16,No
CUST-03197,Male,0,No,No,29,Yes,No,No,Yes,No,Yes,No,No internet service,No internet service,Month-to-month,Yes,Credit card (automatic),46.31,1401.5,No
CUST-03198,Male,0,No,No,7,Yes,Yes,Fiber optic,No internet service,No internet service,No,No,No,No internet service,Month-to-month,Yes,Electronic check,27.06,182.92,No
CUST-03199,Female,0,No,Yes,37,Yes,Yes,DSL,No internet service,Yes,No,No internet service,No,No internet service,Two year,Yes,Electronic check,74.09,2694.57,No
CUST-03200,Male,0,Yes,No,52,Yes,Yes,DSL,Yes,No,Yes,No,Yes,No internet service,Two year,No,Mailed check,24.18,1352.61,No
CUST-03201,Male,1,Yes,Yes,34,Yes,No,DSL,Yes,No,Yes,No internet service,No internet service,No,One year,No,Bank transfer (automatic),70.25,2358.73,No
CUST-03202,Female,0,No,No,20,Yes,No,No,No,Yes,No,No,No internet service,No,Month-to-month,Yes,Electronic check,34.47,655.21,No
CUST-03203,Male,0,Yes,Yes,43,Yes,No phone service,DSL,No,No,No,Yes,No,Yes,Month-to-month,No,Electronic check,71.19,3075.29,No
CUST-03204,Male,1,Yes,No,47,Yes,Yes,No,No,No,Yes,Yes,No,No,Month-to-month,Yes,Electronic check,63.22,2784.74,No
CUST-03205,Male,0,No,Yes,42,Yes,No,Fiber optic,No internet service,No internet service,No internet service,Yes,No,No,Month-to-month,Yes,Mailed check,75.26,3212.79,No
CUST-03206,Male,0,No,No,62,Yes,Yes,No,No internet service,Yes,No,No,No,No,Month-to-month,Yes,Mailed check,72.21,4917.11,No
CUST-03207,Male,0,No,Yes,23,Yes,No,Fiber optic,No,Yes,No,No internet service,No,No internet service,Month-to-month,Yes,Mailed check,62.07,1561.6,No
CUST-03208,Female,0,No,Yes,44,No,Yes,DSL,Yes,No,Yes,No,Yes,Yes,Month-to-month,No,Bank transfer (automatic),29.1,1309.54,No
CUST-03209,Male,0,No,Yes,61,Yes,Yes,DSL,No internet service,No internet service,No internet service,No,No,No,Month-to-month,No,Electronic check,52.94,3478.83,No
CUST-03210,Male,0,Yes,No,16,Yes,Yes,No,No,No,Yes,No,No internet service,Yes,Two year,No,Mailed check,40.39,686.97,No
CUST-03211,Male,0,Yes,Yes,20,Yes,Yes,Fiber optic,No,No,No,No internet service,No,No internet service,One year,Yes,Electronic check,73.15,1594.87,No
CUST-03212,Female,0,No,No,4,Yes,No,Fiber optic,No,No,No,No,No internet service,No,Month-to-month,Yes,Mailed check,72.33,310.91,No
CUST-03213,Female,0,No,No,4,Yes,No,Fiber optic,No,No,Yes,No,No,No,One year,No,Credit card (automatic),71.4,308.44,Yes
CUST-03214,Male,0,Yes,No,4,Yes,No,Fiber optic,No,No,Yes,No internet service,Yes,Yes,One year,No,Mailed check,60.3,228.15,No
CUST-03215,Female,0,Yes,Yes,53,Yes,Yes,Fiber optic,Yes,No,No internet service,No,No,No,Two year,No,Electronic check,40.3,1989.81,No
CUST-03216,Male,0,No,Yes,28,Yes,No,No,No,No internet service,No,No,No,No,Month-to-month,No,Electronic check,79.44,2021.45,Yes
CUST-03217,Female,0,Yes,No,50,Yes,Yes,DSL,No,Yes,No,No,Yes,No,Month-to-month,Yes,Bank transfer (automatic),56.83,2932.03,No
CUST-03218,Female,1,No,No,42,Yes,Yes,DSL,No,No,No internet service,No,No,No,One year,No,Credit card (automatic),50.66,2312.2,No
CUST-03219,Male,0,No,Yes,71,Yes,No,DSL,Yes,No,No internet service,No,No,Yes,One year,Yes,Mailed check,72.7,5671.52,No
CUST-03220,Female,1,Yes,Yes,23,Yes,No phone service,No,Yes,Yes,No,No,No,No,One year,No,Bank transfer (automatic),59.28,1459.52,Yes
CUST-03221,Male,1,Yes,No,25,Yes,No,Fiber optic,Yes,No internet service,No internet service,No,No,No internet service,Month-to-month,Yes,Credit card (automatic),67.85,1808.55,No
CUST-03222,Male,0,No,Yes,18,No,No,Fiber optic,No,No internet service,Yes,No internet service,No internet service,No internet service,Month-to-month,No,Electronic check,61.37,1108.83,No
CUST-03223,Female,0,No,No,39,Yes,No,DSL,No,Yes,No internet service,No internet service,Yes,Yes,One year,No,Electronic check,36.88,1424.5,No
CUST-03224,Female,1,Yes,No,16,Yes,No,Fiber optic,Yes,No internet service,No internet service,Yes,No,No,One year,No,Electronic check,45.3,745.14,No
CUST-03225,Male,0,No,No,6,Yes,No,DSL,No,Yes,No,No internet service,No,Yes,Month-to-month,Yes,Credit card (automatic),96.66,524.6,Yes
CUST-03226,Male,0,Yes,No,68,Yes,No,Fiber optic,No,Yes,No,Yes,Yes,No,Month-to-month,No,Electronic check,55.85,4021.36,No
CUST-03227,Female,0,Yes,No,49,Yes,No,Fiber optic,No,Yes,No,Yes,No,No,Two year,No,Credit card (automatic),73.27,3703.31,No
CUST-03228,Male,0,Yes,No,9,No,No phone service,No,No,Yes,Yes,Yes,Yes,Yes,Month-to-month,Yes,Bank transfer (automatic),27.07,227.55,No
CUST-03229,Female,0,Yes,No,44,Yes,Yes,Fiber optic,No internet service,Yes,No,No,Yes,No,Month-to-month,Yes,Electronic check,27.92,1261.82,No
CUST-03230,Female,0,Yes,Yes,8,Yes,Yes,DSL,No,No internet service,Yes,No,No,No internet service,Month-to-month,Yes,Credit card (automatic),66.95,546.26,Yes
CUST-03231,Male,0,Yes,No,13,Yes,No,DSL,No internet service,No internet service,Yes,No internet service,No,No,One year,Yes,Mailed check,36.87,506.92,No
CUST-03232,Male,0,No,No,34,Yes,Yes,DSL,Yes,No,No,No,No,Yes,Two year,Yes,Mailed check,36.62,1329.12,No
CUST-03233,Female,0,No,No,15,Yes,Yes,DSL,No,No,Yes,No,No internet service,Yes,Month-to-month,Yes,Bank transfer (automatic),55.18,786.88,Yes
CUST-03234,Male,0,No,No,14,Yes,Yes,No,No internet service,No,No,No,No,Yes,Two year,Yes,Bank transfer (automatic),80.46,1197.29,Yes
CUST-03235,Female,1,Yes,No,26,Yes,Yes,No,No internet service,No,No,No,Yes,No,Two year,No,Credit card (automatic),70.68,1720.84,No
CUST-03236,Male,0,Yes,No,66,Yes,Yes,DSL,No,No internet service,No,No internet service,Yes,No internet service,Month-to-month,Yes,Bank transfer (automatic),45.73,2954.32,No
CUST-03237,Female,0,Yes,No,28,Yes,Yes,DSL,No internet service,Yes,No,Yes,No,No,Month-to-month,Yes,Credit card (automatic),56.92,1591.42,No
CUST-03238,Female,0,Yes,No,8,Yes,No phone service,DSL,No,Yes,No,No,No internet service,No,One year,Yes,Mailed check,43.87,372.36,No
CUST-03239,Female,0,Yes,Yes,4,Yes,No,Fiber optic,No,No,No,Yes,Yes,No,Two year,No,Credit card (automatic),95.48,412.56,Yes
CUST-03240,Male,1,Yes,Yes,49,Yes,No,Fiber optic,No,No internet service,No,No,No,No internet service,Month-to-month,Yes,Credit card (automatic),48.28,2137.29,No
CUST-03241,Male,0,Yes,No,71,Yes,No phone service,Fiber optic,No,No,No,No,Yes,No,Two year,Yes,Electronic check,63.23,4702.34,No
CUST-03242,Female,0,No,No,45,Yes,Yes,DSL,Yes,Yes,No,No internet service,Yes,No,Two year,No,Bank transfer (automatic),77.17,3734.85,No
CUST-03243,Female,1,No,No,4,Yes,Yes,DSL,No internet service,Yes,Yes,Yes,No,Yes,One year,Yes,Electronic check,22.53,98.31,No
CUST-03244,Male,0,No,No,58,Yes,Yes,Fiber optic,No,No,No,No,No,No,One year,No,Mailed check,51.91,2871.01,No
CUST-03245,Male,1,No,No,56,No,No,DSL,Yes,No,No internet service,Yes,No,No internet service,Month-to-month,Yes,Bank transfer (automatic),58.16,3043.93,No
CUST-03246,Female,1,No,No,3,Yes,No phone service,Fiber optic,No,Yes,No internet service,Yes,Yes,Yes,Month-to-month,Yes,Mailed check,98.17,294.45,Yes
CUST-03247,Male,0,No,No,14,Yes,No,DSL,Yes,No internet service,No internet service,Yes,Yes,Yes,Month-to-month,Yes,Electronic check,74.09,1120.45,Yes
CUST-03248,Male,0,Yes,No,18,Yes,Yes,Fiber optic,Yes,No,No,No,Yes,No internet service,Month-to-month,Yes,Electronic check,74.14,1285.31,Yes
CUST-03249,Female,0,Yes,No,17,Yes,No,Fiber optic,No,No,No,No,No,No,Month-to-month,No,Electronic check,72.49,1233.58,No
CUST-03250,Female,0,Yes,Yes,30,Yes,Yes,Fiber optic,No,Yes,No,No internet service,Yes,Yes,One year,No,Credit card (automatic),53.16,1752.86,No
CUST-03251,Male,0,Yes,No,37,Yes,Yes,No,No internet service,No,No,No,Yes,No,Month-to-month,Yes,Credit card (automatic),29.12,1067.97,No
CUST-03252,Female,0,Yes,Yes,35,Yes,No,DSL,No,No,Yes,No internet service,Yes,No,Month-to-month,Yes,Credit card (automatic),64.35,2310.02,No
CUST-03253,Female,0,Yes,Yes,18,Yes,Yes,DSL,No internet service,No internet service,No,Yes,No,No internet service,One year,Yes,Electronic check,95.24,1884.24,Yes
CUST-03254,Female,1,No,No,2,Yes,No,Fiber optic,No,Yes,No,Yes,No internet service,Yes,Month-to-month,Yes,Bank transfer (automatic),88.11,171.54,Yes
CUST-03255,Female,0,No,Yes,8,Yes,No,DSL,No,No internet service,Yes,No,No,No,Month-to-month,No,Credit card (automatic),68.49,523.04,No
CUST-03256,Male,0,No,Yes,16,Yes,No,DSL,Yes,No,Yes,No,No,No,Month-to-month,Yes,Electronic check,73.04,1117.86,Yes
CUST-03257,Male,0,Yes,Yes,3,Yes,No phone service,DSL,No internet service,Yes,Yes,No,Yes,No,Month-to-month,No,Bank transfer (automatic),36.27,111.36,No
CUST-03258,Female,0,No,No,10,No,Yes,Fiber optic,No,No internet service,No,No internet service,No internet service,No,Month-to-month,Yes,Bank transfer (automatic),68.86,642.15,Yes
CUST-03259,Male,0,No,Yes,30,Yes,Yes,Fiber optic,Yes,No,No internet service,No,Yes,No internet service,Month-to-month,Yes,Electronic check,51.68,1446.37,No
CUST-03260,Male,0,No,No,15,Yes,Yes,DSL,Yes,Yes,Yes,No,Yes,No,Two year,Yes,Electronic check,59.95,856.11,No
CUST-03261,Male,0,Yes,No,71,No,No,Fiber optic,No,No,No internet service,Yes,No internet service,Yes,Month-to-month,Yes,Credit card (automatic),58.04,4154.58,No
CUST-03262,Female,0,Yes,No,19,Yes,Yes,Fiber optic,No internet service,No,Yes,Yes,No internet service,Yes,Month-to-month,Yes,Credit card (automatic),44.03,894.16,No
CUST-03263,Male,0,No,No,4,Yes,Yes,DSL,No,No,Yes,Yes,No,No internet service,Month-to-month,Yes,Electronic check,65.49,263.49,No
CUST-03264,Female,1,Yes,No,26,No,No,Fiber optic,Yes,Yes,No internet service,Yes,Yes,No,Month-to-month,Yes,Credit card (automatic),66.28,1820.69,No
CUST-03265,Male,0,Yes,No,17,Yes,No,No,Yes,No internet service,No internet service,Yes,Yes,No,One year,Yes,Credit card (automatic),85.73,1590.78,Yes
CUST-03266,Male,0,No,Yes,1,Yes,Yes,DSL,No,No internet service,Yes,Yes,No,No,Month-to-month,Yes,Mailed check,36.33,38.07,No
CUST-03267,Female,0,Yes,No,35,Yes,Yes,Fiber optic,No,No internet service,Yes,Yes,Yes,Yes,Two year,Yes,Electronic check,48.16,1733.74,No
CUST-03268,Male,0,Yes,No,30,Yes,Yes,Fiber optic,No,No,Yes,No internet service,No,Yes,Month-to-month,No,Mailed check,45.97,1243.45,No
CUST-03269,Male,0,No,No,14,Yes,Yes,Fiber optic,No,Yes,Yes,No,No,No,Month-to-month,Yes,Mailed check,68.38,947.44,Yes
CUST-03270,Male,0,Yes,No,1,Yes,No,No,No,No,No,No,Yes,No,One year,Yes,Bank transfer (automatic),68.49,65.31,No
CUST-03271,Male,1,Yes,Yes,2,Yes,Yes,Fiber optic,No,No internet service,No,No,Yes,No,Two year,Yes,Electronic check,71.96,144.28,No
CUST-03272,Male,0,Yes,No,41,Yes,No,Fiber optic,Yes,No internet service,Yes,No internet service,No,No,Month-to-month,No,Electronic check,33.87,1513.95,No
CUST-03273,Male,0,No,Yes,13,Yes,No,DSL,Yes,No,Yes,No,No internet service,Yes,One year,Yes,Electronic check,64.91,813.53,No
CUST-03274,Male,0,No,No,26,Yes,No,Fiber optic,No,No,No,No,No,No internet service,Month-to-month,No,Electronic check,69.72,1689.74,Yes
CUST-03275,Male,0,Yes,No,20,Yes,Yes,DSL,Yes,No,No internet service,Yes,No,No internet service,Month-to-month,No,Mailed check,29.99,638.89,No
CUST-03276,Female,1,Yes,Yes,40,Yes,Yes,DSL,No,No,No,No internet service,Yes,No,Month-to-month,Yes,Mailed check,22.4,983.91,No
CUST-03277,Female,0,Yes,Yes,3,Yes,Yes,Fiber optic,Yes,No internet service,No,No,Yes,Yes,One year,No,Credit card (automatic),26.33,83.41,No
CUST-03278,Male,0,No,Yes,1,Yes,Yes,DSL,No,No internet service,Yes,No,No internet service,No,One year,Yes,Electronic check,56.64,52.54,Yes
CUST-03279,Female,0,No,Yes,9,Yes,No,DSL,Yes,Yes,No internet service,Yes,No,Yes,Month-to-month,Yes,Mailed check,70.9,644.57,Yes
CUST-03280,Female,0,No,No,1,Yes,No,No,No,Yes,Yes,No,No internet service,No,Two year,Yes,Credit card (automatic),31.7,31.1,No
CUST-03281,Male,0,Yes,No,10,Yes,No,No,Yes,No internet service,No,Yes,No,No internet service,Month-to-month,No,Credit card (automatic),67.33,691.27,Yes
CUST-03282,Male,0,No,Yes,14,Yes,No phone service,DSL,No,No,No,No,Yes,Yes,One year,Yes,Electronic check,67.4,975.42,Yes
CUST-03283,Male,1,Yes,Yes,4,Yes,No,DSL,No,Yes,No internet service,No,No,No,Month-to-month,Yes,Bank transfer (automatic),71.35,302.93,No
CUST-03284,Female,0,Yes,No,50,Yes,Yes,Fiber optic,No,Yes,No,No,No,No,Month-to-month,No,Electronic check,65.1,3085.8,No
CUST-03285,Female,0,Yes,Yes,31,Yes,Yes,DSL,No internet service,Yes,No,Yes,Yes,Yes,Month-to-month,Yes,Credit card (automatic),73.13,2477.72,No
CUST-03286,Female,0,Yes,No,58,Yes,Yes,DSL,No,Yes,Yes,No,No internet service,No,Month-to-month,Yes,Credit card (automatic),56.25,3076.33,No
CUST-03287,Female,0,Yes,Yes,19,Yes,No,Fiber optic,Yes,Yes,Yes,Yes,No,No internet service,Month-to-month,Yes,Mailed check,70.22,1233.88,No
CUST-03288,Male,0,No,No,51,Yes,Yes,DSL,No internet service,No internet service,No,Yes,No,Yes,Two year,No,Electronic check,45.03,2447.58,No
CUST-03289,Female,1,No,No,7,Yes,Yes,Fiber optic,No,No,No,No internet service,Yes,No internet service,Two year,Yes,Electronic check,82.69,574.58,Yes
CUST-03290,Male,0,Yes,Yes,9,Yes,No phone service,No,No,No internet service,No,No,Yes,No,One year,Yes,Electronic check,60.57,544.06,Yes
CUST-03291,Male,0,Yes,No,19,Yes,No,DSL,No,No,No,No,Yes,No internet service,Month-to-month,Yes,Electronic check,76.14,1394.21,Yes
CUST-03292,Female,0,Yes,No,14,Yes,No,Fiber optic,Yes,No internet service,No internet service,Yes,Yes,No internet service,Month-to-month,Yes,Mailed check,66.51,846.67,Yes
CUST-03293,Female,0,Yes,Yes,53,Yes,Yes,DSL,No internet service,No,Yes,Yes,No internet service,Yes,Two year,No,Mailed check,36.9,1835.86,No
CUST-03294,Male,0,Yes,No,53,Yes,Yes,Fiber optic,No internet service,No,Yes,No internet service,No,No,Month-to-month,Yes,Electronic check,39.51,2203.6,No
CUST-03295,Male,0,Yes,No,32,Yes,Yes,DSL,No internet service,No,Yes,Yes,Yes,No,Month-to-month,Yes,Bank transfer (automatic),27.94,844.8,No
CUST-03296,Female,0,No,No,10,Yes,No phone service,Fiber optic,No,No,Yes,No,No internet service,No,Month-to-month,Yes,Mailed check,96.69,1062.17,Yes
CUST-03297,Male,0,Yes,Yes,60,Yes,No,Fiber optic,No,Yes,Yes,No internet service,No internet service,Yes,One year,No,Electronic check,44.87,2846.32,No
CUST-03298,Male,0,No,No,53,Yes,Yes,No,Yes,Yes,Yes,No internet service,No internet service,No,Month-to-month,Yes,Electronic check,22.56,1279.04,No
CUST-03299,Female,0,No,Yes,44,Yes,No,DSL,No,Yes,Yes,Yes,Yes,Yes,Month-to-month,No,Electronic check,72.84,3444.23,No
CUST-03300,Male,0,No,Yes,13,Yes,Yes,DSL,Yes,Yes,No,Yes,Yes,No,Month-to-month,Yes,Credit card (automatic),67.05,909.81,Yes
CUST-03301,Male,0,No,Yes,31,Yes,Yes,DSL,No,Yes,No,Yes,No internet service,No internet service,Month-to-month,Yes,Electronic check,70.62,2174.41,No
CUST-03302,Female,0,No,No,5,Yes,Yes,DSL,Yes,No,No internet service,No,Yes,Yes,Month-to-month,No,Bank transfer (automatic),46.66,252.76,No
CUST-03303,Female,0,Yes,Yes,16,Yes,No,Fiber optic,No internet service,Yes,No,No,No,No,One year,Yes,Bank transfer (automatic),62.42,984.04,Yes
CUST-03304,Male,0,Yes,Yes,26,Yes,Yes,No,No internet service,No,No internet service,No,No,Yes,Month-to-month,Yes,Electronic check,37.42,894.27,No
CUST-03305,Female,0,No,No,33,Yes,Yes,Fiber optic,No,No,No,No,No internet service,No,One year,Yes,Bank transfer (automatic),71.28,2397.61,No
CUST-03306,Male,0,Yes,No,13,Yes,Yes,Fiber optic,No,Yes,No,No,No,Yes,Two year,No,Electronic check,95.25,1140.57,Yes
CUST-03307,Female,0,No,No,64,Yes,Yes,Fiber optic,No internet service,No,No internet service,No,No,No internet service,Month-to-month,Yes,Bank transfer (automatic),61.9,4084.72,No
CUST-03308,Male,0,Yes,No,5,Yes,Yes,DSL,Yes,No,No,No internet service,No internet service,Yes,Month-to-month,No,Electronic check,62.66,344.48,Yes
CUST-03309,Female,0,Yes,Yes,31,Yes,Yes,No,No,No,Yes,Yes,No internet service,No,Month-to-month,Yes,Mailed check,41.19,1321.63,No
CUST-03310,Female,0,No,No,18,Yes,No phone service,No,No,No,Yes,No,No internet service,No,Month-to-month,No,Mailed check,61.57,1044.1,Yes
CUST-03311,Male,1,Yes,Yes,51,Yes,Yes,DSL,Yes,No,No internet service,No,Yes,Yes,Two year,No,Electronic check,48.75,2306.18,No
CUST-03312,Male,0,Yes,Yes,20,Yes,No,DSL,No,No,No,No internet service,No,No,Month-to-month,Yes,Electronic check,27.7,538.09,No
CUST-03313,Female,0,Yes,Yes,63,No,No,Fiber optic,Yes,No,No,No,No,Yes,Month-to-month,No,Mailed check,71.58,4190.05,No
CUST-03314,Male,0,No,No,56,Yes,Yes,No,No,No,No,No,No,Yes,Month-to-month,Yes,Electronic check,25.86,1468.35,No
CUST-03315,Female,0,Yes,Yes,49,Yes,Yes,Fiber optic,No,No,No,No,No,Yes,Two year,No,Bank transfer (automatic),35.02,1813.14,No
CUST-03316,Male,0,Yes,No,18,Yes,Yes,Fiber optic,Yes,No,No,No internet service,No,Yes,Month-to-month,No,Credit card (automatic),20.89,387.91,No
CUST-03317,Male,0,No,No,45,Yes,No,Fiber optic,Yes,No,Yes,No,Yes,No,Two year,Yes,Electronic check,79.57,3664.58,No
CUST-03318,Female,0,Yes,Yes,12,Yes,Yes,Fiber optic,No internet service,No internet service,No,No internet service,No,Yes,Month-to-month,No,Mailed check,92.31,1093.45,Yes
CUST-03319,Female,0,Yes,No,6,Yes,Yes,No,No,Yes,Yes,No internet service,Yes,No,Month-to-month,No,Electronic check,58.61,328.64,No
CUST-03320,Male,0,No,Yes,13,Yes,Yes,Fiber optic,No,No internet service,Yes,No,No internet service,Yes,Month-to-month,Yes,Bank transfer (automatic),51.13,683.01,No
CUST-03321,Female,0,No,Yes,37,Yes,No,No,Yes,Yes,No,No,Yes,No,One year,No,Credit card (automatic),72.08,2623.94,No
CUST-03322,Male,1,Yes,Yes,26,Yes,No,DSL,No,Yes,No internet service,Yes,No internet service,Yes,Two year,Yes,Electronic check,28.65,715.92,No
CUST-03323,Female,0,No,Yes,51,Yes,No,DSL,Yes,No,Yes,Yes,Yes,No,Month-to-month,Yes,Bank transfer (automatic),67.57,3555.85,No
CUST-03324,Male,0,Yes,Yes,16,Yes,No,No,No,No,Yes,No,No,No internet service,One year,Yes,Bank transfer (automatic),55.67,869.08,Yes
CUST-03325,Male,0,No,Yes,71,Yes,No,DSL,Yes,No internet service,No,Yes,No internet service,Yes,Month-to-month,Yes,Mailed check,22.17,1469.66,No
CUST-03326,Female,0,Yes,No,22,Yes,Yes,DSL,No,No,Yes,No,No internet service,No,Two year,Yes,Bank transfer (automatic),27.96,613.09,No
CUST-03327,Female,0,Yes,No,26,Yes,No,No,No internet service,No,Yes,No,No,No,One year,Yes,Credit card (automatic),52.83,1315.67,No
CUST-03328,Male,0,Yes,No,25,Yes,No,Fiber optic,No,Yes,Yes,No internet service,Yes,No,Month-to-month,Yes,Mailed check,87.48,2289.13,Yes
CUST-03329,Male,0,No,No,18,Yes,Yes,Fiber optic,Yes,No,No internet service,No,No,No,Month-to-month,Yes,Credit card (automatic),36.94,604.69,No
CUST-03330,Female,0,Yes,Yes,17,Yes,Yes,DSL,No,No,No,No,No,No,Two year,No,Electronic check,44.22,804.79,No
CUST-03331,Male,0,Yes,Yes,55,Yes,Yes,DSL,No,Yes,No,Yes,Yes,No internet service,Two year,No,Mailed check,29.43,1606.14,No
CUST-03332,Female,0,Yes,No,24,Yes,Yes,No,No,No,No internet service,No,Yes,No internet service,Month-to-month,No,Electronic check,62.25,1349.36,No
CUST-03333,Male,0,Yes,No,13,Yes,No phone service,DSL,Yes,No internet service,Yes,No,No internet service,No internet service,Month-to-month,Yes,Electronic check,96.82,1166.37,Yes
CUST-03334,Female,0,Yes,Yes,23,Yes,Yes,Fiber optic,No,Yes,No,No,No,Yes,Two year,Yes,Credit card (automatic),58.39,1462.61,No
CUST-03335,Female,0,No,No,40,No,Yes,Fiber optic,Yes,No,No,No,No,No internet service,Month-to-month,Yes,Credit card (automatic),48.46,1952.75,No
CUST-03336,Male,1,No,No,56,Yes,No,Fiber optic,No internet service,No,No internet service,Yes,No,No,Two year,No,Mailed check,44.75,2640.59,No
CUST-03337,Female,0,Yes,No,70,Yes,Yes,No,No,No internet service,No internet service,No,No,No internet service,Two year,No,Mailed check,49.54,3733.28,No
CUST-03338,Male,0,No,No,4,Yes,Yes,DSL,No internet service,Yes,No,No,Yes,No,Month-to-month,No,Mailed check,73.97,285.25,No
CUST-03339,Male,0,No,Yes,60,Yes,No phone service,Fiber optic,Yes,No,No,No,No,Yes,One year,Yes,Bank transfer (automatic),43.76,2650.24,No
CUST-03340,Male,0,Yes,No,28,Yes,No phone service,Fiber optic,Yes,No,No,No,Yes,No,Month-to-month,Yes,Mailed check,58.54,1688.4,No
CUST-03341,Male,0,Yes,Yes,58,Yes,No,DSL,No,No,Yes,No,No internet service,Yes,One year,Yes,Mailed check,70.04,4339.85,No
CUST-03342,Female,1,No,No,8,Yes,Yes,No,No,No,No,No,No,No,Month-to-month,No,Electronic check,97.37,766.51,Yes
CUST-03343,Male,0,No,Yes,45,No,Yes,Fiber optic,No,No internet service,Yes,No internet service,Yes,Yes,One year,Yes,Mailed check,33.56,1646.65,No
CUST-03344,Male,1,Yes,No,67,Yes,No phone service,Fiber optic,No,No,Yes,Yes,Yes,No,One year,Yes,Electronic check,27.32,1869.66,No
CUST-03345,Male,1,No,Yes,3,Yes,No,DSL,Yes,Yes,Yes,No,No,No,Month-to-month,No,Electronic check,55.45,178.79,No
CUST-03346,Male,0,No,No,57,Yes,Yes,Fiber optic,No,No,Yes,No,Yes,No internet service,Month-to-month,No,Bank transfer (automatic),63.64,3325.21,No
CUST-03347,Male,0,Yes,No,9,Yes,Yes,DSL,No internet service,No,Yes,No internet service,Yes,No,Month-to-month,Yes,Credit card (automatic),66.12,590.72,No
CUST-03348,Female,0,No,No,70,Yes,Yes,DSL,No,Yes,No,Yes,No internet service,No internet service,Month-to-month,Yes,Electronic check,61.63,4037.28,No
CUST-03349,Male,0,Yes,No,53,Yes,No,No,No internet service,Yes,No internet service,Yes,No internet service,No internet service,Two year,No,Credit card (automatic),20.21,1159.37,No
CUST-03350,Male,0,No,No,65,Yes,No,Fiber optic,No,Yes,No internet service,No internet service,Yes,No internet service,Month-to-month,No,Mailed check,66.43,4089.09,No
CUST-03351,Male,0,No,No,64,No,No,Fiber optic,Yes,Yes,Yes,Yes,Yes,No,Month-to-month,No,Electronic check,56.28,3755.35,No
CUST-03352,Male,0,Yes,No,23,Yes,Yes,No,No internet service,No,Yes,No,Yes,No,One year,Yes,Bank transfer (automatic),79.29,1664.23,No
CUST-03353,Male,0,No,Yes,30,Yes,Yes,DSL,No,No internet service,Yes,No,Yes,No,One year,No,Credit card (automatic),65.88,1858.15,No
CUST-03354,Male,0,No,No,50,Yes,Yes,DSL,No,No,No internet service,Yes,Yes,Yes,Two year,Yes,Bank transfer (automatic),45.81,2207.97,No
CUST-03355,Female,0,Yes,No,13,Yes,No,Fiber optic,Yes,Yes,No internet service,No internet service,Yes,No,Month-to-month,Yes,Bank transfer (automatic),60.57,831.8,No
CUST-03356,Female,0,Yes,No,22,Yes,No,DSL,Yes,No,No internet service,No,Yes,Yes,Month-to-month,No,Mailed check,56.96,1190.76,No
CUST-03357,Female,1,Yes,Yes,3,Yes,Yes,Fiber optic,Yes,No,No internet service,No,Yes,Yes,Month-to-month,No,Mailed check,89.98,287.05,Yes
CUST-03358,Male,0,Yes,No,64,Yes,No,Fiber optic,Yes,Yes,No internet service,Yes,No,No,Month-to-month,Yes,Electronic check,52.01,3520.78,No
CUST-03359,Female,0,No,No,29,Yes,No,DSL,No internet service,No,No,No,Yes,No,Month-to-month,Yes,Mailed check,71.09,2264.56,Yes
CUST-03360,Female,0,No,No,5,Yes,No,Fiber optic,No,No,No,Yes,Yes,No internet service,Two year,No,Credit card (automatic),76.13,394.14,Yes
CUST-03361,Male,0,No,No,33,Yes,Yes,Fiber optic,No,No,No internet service,No internet service,Yes,No,Month-to-month,No,Electronic check,63.98,2169.38,No
CUST-03362,Female,0,Yes,Yes,27,Yes,No,DSL,No,No,No internet service,No,No internet service,No,One year,Yes,Electronic check,43.05,1185.95,No
CUST-03363,Male,0,No,Yes,56,Yes,No,No,Yes,Yes,No,No internet service,Yes,Yes,Month-to-month,No,Electronic check,65.34,3373.36,No
CUST-03364,Female,0,Yes,Yes,65,Yes,Yes,DSL,No,Yes,No,No,Yes,No,Two year,Yes,Bank transfer (automatic),49.3,3212.97,No
CUST-03365,Male,1,No,No,41,Yes,Yes,DSL,No,No internet service,Yes,No,Yes,No,Month-to-month,Yes,Credit card (automatic),68.59,3009.88,No
CUST-03366,Male,0,No,No,12,Yes,No,Fiber optic,No internet service,No,Yes,Yes,No internet service,Yes,Month-to-month,Yes,Electronic check,57.61,625.07,Yes
CUST-03367,Male,0,Yes,No,10,Yes,No,Fiber optic,Yes,No internet service,No,Yes,No,No internet service,Month-to-month,Yes,Electronic check,94.64,875.73,Yes
CUST-03368,Male,0,No,No,9,Yes,No,Fiber optic,No internet service,Yes,No internet service,No,Yes,Yes,Two year,Yes,Credit card (automatic),56.95,522.86,Yes
CUST-03369,Male,0,Yes,No,9,Yes,No,Fiber optic,No,No internet service,No,Yes,Yes,Yes,One year,Yes,Credit card (automatic),77.67,747.54,No
CUST-03370,Male,0,No,Yes,5,No,No,Fiber optic,No internet service,No,No internet service,No internet service,No,No,Two year,Yes,Mailed check,44.32,213.06,No
CUST-03371,Female,0,No,Yes,2,Yes,No,DSL,No,No,No,No internet service,Yes,Yes,Month-to-month,No,Bank transfer (automatic),67.59,145.22,No
CUST-03372,Male,0,No,No,9,Yes,No,No,No internet service,Yes,Yes,Yes,No internet service,Yes,Month-to-month,Yes,Mailed check,73.08,636.35,Yes
CUST-03373,Male,0,Yes,No,60,Yes,Yes,Fiber optic,No internet service,No internet service,No,No internet service,No,Yes,Month-to-month,Yes,Electronic check,34.11,2032.46,No
CUST-03374,Male,0,Yes,No,22,No,Yes,DSL,No,No,No,No internet service,Yes,Yes,One year,No,Bank transfer (automatic),57.73,1385.14,No
CUST-03375,Male,1,Yes,No,57,Yes,Yes,DSL,No,No internet service,No,Yes,No,Yes,One year,Yes,Bank transfer (automatic),48.15,2699.32,No
CUST-03376,Male,0,No,No,31,Yes,Yes,No,Yes,No,No internet service,No internet service,Yes,Yes,Month-to-month,Yes,Credit card (automatic),35.84,1133.15,No
CUST-03377,Male,1,Yes,Yes,8,Yes,Yes,DSL,No,No internet service,Yes,No internet service,No,No internet service,Two year,Yes,Mailed check,42.95,373.53,No
CUST-03378,Male,0,No,No,34,Yes,Yes,Fiber optic,No,No,No,No,No internet service,No,Two year,Yes,Credit card (automatic),29.6,958.97,No
CUST-03379,Male,0,No,Yes,3,Yes,No,DSL,No,Yes,No internet service,No,No,Yes,Two year,Yes,Credit card (automatic),59.97,165.23,Yes
CUST-03380,Female,0,Yes,No,11,No,No,No,Yes,No internet service,Yes,Yes,No,No internet service,Month-to-month,Yes,Electronic check,68.55,823.13,Yes
CUST-03381,Female,1,No,No,37,No,No,No,Yes,Yes,No internet service,No,Yes,No,Month-to-month,Yes,Electronic check,30.41,1138.63,No
CUST-03382,Male,0,Yes,No,57,Yes,Yes,DSL,No internet service,Yes,No internet service,No,No,No,Month-to-month,Yes,Mailed check,65.88,4105.02,No
CUST-03383,Male,0,No,No,42,Yes,No,DSL,No internet service,No,No,Yes,No,Yes,Month-to-month,Yes,Mailed check,56.11,2529.48,No
CUST-03384,Male,0,Yes,Yes,16,No,No,DSL,No internet service,No,No,No internet service,Yes,No,Month-to-month,No,Mailed check,63.35,1032.78,No
CUST-03385,Male,0,Yes,No,51,Yes,No,No,Yes,Yes,No,No internet service,Yes,No,Month-to-month,No,Bank transfer (automatic),55.07,2792.47,No
CUST-03386,Female,0,Yes,No,50,Yes,No,Fiber optic,No internet service,No internet service,No,No internet service,No,Yes,Month-to-month,No,Electronic check,23.63,1176.83,No
CUST-03387,Female,0,Yes,Yes,17,Yes,No,No,Yes,No internet service,No internet service,No,Yes,No internet service,Month-to-month,Yes,Bank transfer (automatic),32.19,510.68,No
CUST-03388,Male,0,No,No,6,Yes,Yes,Fiber optic,Yes,No,No,Yes,Yes,No internet service,Month-to-month,No,Credit card (automatic),82.36,489.57,Yes
CUST-03389,Male,0,Yes,No,60,No,No phone service,No,Yes,No internet service,No internet service,No,Yes,No,One year,Yes,Credit card (automatic),65.26,4167.55,No
CUST-03390,Female,1,Yes,No,13,No,No,No,Yes,Yes,No internet service,No,No,Yes,Month-to-month,Yes,Electronic check,95.34,1360.58,Yes
CUST-03391,Male,0,Yes,No,22,Yes,Yes,DSL,Yes,No,Yes,No internet service,No,Yes,Two year,Yes,Bank transfer (automatic),20.91,502.37,No
CUST-03392,Female,0,No,Yes,26,Yes,Yes,DSL,No internet service,No internet service,No internet service,No internet service,No,Yes,One year,No,Bank transfer (automatic),68.31,1940.23,No
CUST-03393,Female,0,No,No,32,No,Yes,DSL,No,No,No,Yes,Yes,No,Month-to-month,Yes,Credit card (automatic),46.35,1340.52,No
CUST-03394,Female,0,No,No,14,Yes,Yes,Fiber optic,No,No internet service,No internet service,No,Yes,No,Month-to-month,Yes,Bank transfer (automatic),61.62,865.4,No
CUST-03395,Male,0,No,No,22,Yes,No,Fiber optic,No,No,No,No,Yes,Yes,Two year,No,Mailed check,36.32,751.12,No
CUST-03396,Male,0,No,No,10,Yes,No phone service,No,No,Yes,No internet service,No internet service,Yes,No,Two year,No,Mailed check,66.17,676.96,No
CUST-03397,Female,0,No,No,13,Yes,Yes,No,No,No internet service,No internet service,No,No,Yes,Month-to-month,Yes,Credit card (automatic),87.31,1236.24,Yes
CUST-03398,Female,0,No,No,53,Yes,No,DSL,No internet service,No,No internet service,Yes,Yes,No internet service,Two year,Yes,Electronic check,35.21,2006.71,No
CUST-03399,Female,0,No,No,3,Yes,No,No,Yes,Yes,No internet service,No,Yes,Yes,Month-to-month,Yes,Bank transfer (automatic),70.82,228.04,Yes
CUST-03400,Male,0,No,No,34,No,Yes,No,Yes,Yes,Yes,Yes,No,Yes,Month-to-month,Yes,Bank transfer (automatic),56.3,1862.79,No
CUST-03401,Male,0,No,No,31,No,No phone service,DSL,Yes,No internet service,Yes,Yes,No,Yes,Two year,Yes,Credit card (automatic),36.39,1128.35,No
CUST-03402,Female,0,No,No,4,Yes,No,No,No,No,No,No internet service,No,No,Two year,Yes,Electronic check,37.66,144.07,No
CUST-03403,Male,0,Yes,No,60,Yes,Yes,DSL,No,No,No,No,Yes,No,Month-to-month,Yes,Mailed check,63.9,3875.3,No
CUST-03404,Male,0,No,Yes,70,Yes,No,Fiber optic,No,Yes,No,Yes,Yes,Yes,Month-to-month,Yes,Credit card (automatic),37.06,2492.19,No
CUST-03405,Male,0,Yes,No,46,Yes,No phone service,Fiber optic,No,No,No,No,Yes,Yes,One year,Yes,Mailed check,22.87,1116.98,No
CUST-03406,Male,0,Yes,No,48,Yes,Yes,DSL,No,No,Yes,Yes,No,Yes,Two year,Yes,Mailed check,72.44,3452.38,No
CUST-03407,Female,0,No,Yes,17,No,No,Fiber optic,Yes,Yes,No,No internet service,Yes,Yes,Two year,No,Mailed check,55.34,978.49,No
CUST-03408,Female,0,No,No,60,Yes,Yes,Fiber optic,No internet service,No,No,No,No,Yes,Two year,No,Bank transfer (automatic),65.51,4223.56,No
CUST-03409,Male,0,No,No,56,Yes,No phone service,Fiber optic,No,Yes,No,Yes,No,No internet service,Month-to-month,No,Mailed check,56.19,3020.62,No
CUST-03410,Male,1,No,No,32,Yes,No,Fiber optic,Yes,No,Yes,Yes,No,Yes,Month-to-month,Yes,Electronic check,50.99,1671.52,No
CUST-03411,Female,1,Yes,Yes,51,Yes,Yes,DSL,No,No,No,No internet service,No,Yes,Two year,Yes,Mailed check,66.2,3609.71,No
CUST-03412,Male,0,No,Yes,18,Yes,No phone service,DSL,Yes,No,No,No internet service,No,Yes,Month-to-month,Yes,Mailed check,82.08,1610.63,Yes
CUST-03413,Male,0,Yes,Yes,27,Yes,Yes,DSL,No,No internet service,No,No internet service,No internet service,No,One year,Yes,Mailed check,99.92,2516.04,Yes
CUST-03414,Female,0,Yes,No,15,Yes,Yes,DSL,No,No,Yes,Yes,No,No internet service,Month-to-month,Yes,Bank transfer (automatic),57.65,896.13,No
CUST-03415,Female,0,Yes,No,24,Yes,No,Fiber optic,No,No internet service,No,No,No,Yes,Month-to-month,Yes,Electronic check,76.64,1815.53,No
CUST-03416,Female,0,No,No,14,Yes,Yes,Fiber optic,Yes,No,Yes,Yes,No,No,Two year,Yes,Mailed check,43.62,584.48,No
CUST-03417,Female,0,No,No,24,Yes,No,DSL,Yes,Yes,No internet service,No internet service,Yes,Yes,Two year,No,Mailed check,78.52,1755.48,No
CUST-03418,Female,1,No,No,24,Yes,Yes,Fiber optic,Yes,Yes,No,No,Yes,Yes,Two year,Yes,Bank transfer (automatic),80.6,1967.43,Yes
CUST-03419,Male,0,Yes,No,14,Yes,Yes,No,No,No,No internet service,No internet service,Yes,No,Month-to-month,No,Mailed check,49.09,664.46,No
CUST-03420,Female,0,No,No,64,Yes,No,DSL,No,No,No,No,No internet service,No internet service,Month-to-month,Yes,Credit card (automatic),45.75,3026.35,No
CUST-03421,Male,0,Yes,No,21,No,Yes,DSL,Yes,Yes,No,Yes,No,No internet service,Two year,Yes,Bank transfer (automatic),27.77,557.63,No
CUST-03422,Female,0,Yes,No,36,Yes,No,Fiber optic,Yes,No internet service,Yes,No,No,No,Month-to-month,No,Mailed check,56.91,1844.13,No
CUST-03423,Female,0,Yes,Yes,38,Yes,Yes,Fiber optic,Yes,No,No,No internet service,Yes,No,Two year,No,Mailed check,23.14,926.32,No
CUST-03424,Female,0,Yes,No,9,Yes,No,DSL,No,No,No internet service,No internet service,No,No,Month-to-month,No,Mailed check,45.74,383.78,No
CUST-03425,Female,0,Yes,No,14,Yes,No phone service,Fiber optic,No,No internet service,No internet service,No,No internet service,No,Two year,No,Credit card (automatic),34.26,455.9,No
CUST-03426,Female,0,Yes,No,22,Yes,No,No,No,No,No internet service,No,No internet service,No,Month-to-month,No,Credit card (automatic),77.38,1612.26,No
CUST-03427,Male,0,Yes,No,5,Yes,No,Fiber optic,No,No internet service,No,Yes,Yes,No,Month-to-month,No,Electronic check,41.8,202.41,No
CUST-03428,Male,0,No,No,54,Yes,No,DSL,No,No,Yes,Yes,Yes,Yes,Month-to-month,No,Mailed check,49.36,2657.63,No
CUST-03429,Female,0,No,No,39,Yes,No,Fiber optic,No,No,No,Yes,Yes,No internet service,Month-to-month,Yes,Bank transfer (automatic),42.53,1762.32,No
CUST-03430,Female,0,Yes,No,61,Yes,Yes,Fiber optic,Yes,No,Yes,No,No,No,Two year,Yes,Mailed check,28.23,1773.77,No
CUST-03431,Female,0,Yes,No,62,Yes,Yes,No,No,No,No,No,No,No,Month-to-month,Yes,Electronic check,41.15,2370.67,No
CUST-03432,Male,1,No,No,25,Yes,No,No,No internet service,No internet service,No,No,Yes,No,Month-to-month,No,Electronic check,66.74,1562.94,No
CUST-03433,Female,0,No,No,59,Yes,No,DSL,No,No internet service,Yes,No internet service,No internet service,No internet service,Month-to-month,Yes,Mailed check,57.27,3613.47,No
CUST-03434,Male,0,No,No,27,Yes,Yes,No,Yes,Yes,Yes,No,No internet service,Yes,Month-to-month,No,Credit card (automatic),97.57,2502.59,Yes
CUST-03435,Female,0,No,No,31,Yes,Yes,Fiber optic,No internet service,No,Yes,No,Yes,No,Two year,Yes,Bank transfer (automatic),69.23,2025.38,No
CUST-03436,Male,1,Yes,No,48,Yes,No,DSL,No,No internet service,No,No,Yes,Yes,Month-to-month,Yes,Mailed check,20.25,875.49,No
CUST-03437,Female,0,No,Yes,34,Yes,No,No,No,Yes,No,No,No,Yes,Two year,No,Electronic check,69.6,2496.11,No
CUST-03438,Male,0,Yes,Yes,16,Yes,Yes,DSL,No,No,No internet service,No internet service,No,No internet service,Month-to-month,Yes,Electronic check,56.57,948.29,Yes
CUST-03439,Male,0,No,No,61,No,No,DSL,No,No,Yes,No internet service,No,No,Two year,No,Bank transfer (automatic),72.22,4271.16,No
CUST-03440,Male,0,No,No,31,Yes,No,Fiber optic,No,No,Yes,No,No,No,Month-to-month,Yes,Electronic check,76.85,2147.6,No
CUST-03441,Male,0,Yes,Yes,20,Yes,Yes,Fiber optic,Yes,Yes,No,No internet service,No internet service,Yes,Month-to-month,Yes,Electronic check,69.15,1461.99,No
CUST-03442,Male,0,No,No,42,Yes,Yes,No,No,Yes,No internet service,No,No internet service,No,One year,Yes,Electronic check,21.18,818.28,No
CUST-03443,Female,0,No,Yes,62,Yes,Yes,Fiber optic,Yes,No,Yes,Yes,No,Yes,Month-to-month,Yes,Bank transfer (automatic),51.57,3172.06,No
CUST-03444,Male,0,No,Yes,71,No,No,Fiber optic,No,No internet service,No,Yes,No,No,One year,Yes,Bank transfer (automatic),69.73,5287.63,No
CUST-03445,Female,0,Yes,No,58,Yes,Yes,Fiber optic,Yes,Yes,No,No internet service,No internet service,No,Two year,No,Bank transfer (automatic),52.7,2900.27,No
CUST-03446,Male,0,No,No,18,Yes,Yes,No,No,No,Yes,No internet service,No internet service,Yes,One year,Yes,Electronic check,41.6,730.78,No
CUST-03447,Female,0,No,Yes,15,Yes,Yes,DSL,No internet service,Yes,No,No internet service,Yes,No,One year,Yes,Electronic check,48.24,746.88,No
CUST-03448,Female,0,No,No,41,Yes,Yes,DSL,No,No,Yes,No,Yes,No,Month-to-month,No,Bank transfer (automatic),24.84,1053.71,No
CUST-03449,Male,0,Yes,No,29,Yes,No,No,No internet service,No internet service,No,No,No,No,Month-to-month,Yes,Credit card (automatic),49.78,1432.85,No
CUST-03450,Female,0,Yes,No,44,Yes,No,DSL,No,No,No,No internet service,No,No internet service,Month-to-month,Yes,Mailed check,21.67,940.85,No
CUST-03451,Male,0,Yes,No,66,Yes,Yes,Fiber optic,No,No,Yes,No,Yes,No,Month-to-month,Yes,Mailed check,58.65,3808.59,No
CUST-03452,Female,0,Yes,No,39,Yes,Yes,DSL,No,No internet service,Yes,No,Yes,No internet service,One year,Yes,Electronic check,43.43,1689.04,No
CUST-03453,Male,0,Yes,No,26,Yes,Yes,Fiber optic,No,No,No internet service,No internet service,No internet service,No,Month-to-month,No,Electronic check,31.48,793.38,No
CUST-03454,Male,0,Yes,Yes,62,Yes,Yes,DSL,No,No,No,Yes,Yes,No internet service,One year,No,Bank transfer (automatic),21.04,1240.93,No
CUST-03455,Male,0,Yes,No,32,Yes,No,No,Yes,No,Yes,No,No internet service,No,Month-to-month,Yes,Electronic check,75.33,2321.88,No
CUST-03456,Female,0,Yes,Yes,17,Yes,Yes,Fiber optic,No,Yes,No,No,No,No,One year,Yes,Bank transfer (automatic),80.89,1369.02,Yes
CUST-03457,Male,0,Yes,No,10,Yes,No,Fiber optic,Yes,No,Yes,No,No,Yes,Month-to-month,No,Mailed check,58.82,574.34,No
CUST-03458,Female,0,No,No,37,No,Yes,DSL,No,No,No,No internet service,No internet service,No internet service,Two year,Yes,Credit card (automatic),66.76,2512.38,No
CUST-03459,Male,0,Yes,No,15,No,Yes,DSL,Yes,No internet service,No internet service,No internet service,No,No,Month-to-month,Yes,Mailed check,57.51,885.28,Yes
CUST-03460,Male,0,Yes,No,9,Yes,Yes,DSL,No,Yes,No,No,No,Yes,Two year,Yes,Electronic check,44.79,443.11,No
CUST-03461,Male,0,Yes,No,16,Yes,Yes,DSL,No,Yes,Yes,No,Yes,No,One year,Yes,Electronic check,57.66,943.81,No
CUST-03462,Male,0,No,Yes,50,Yes,Yes,Fiber optic,No,No,No internet service,No,Yes,No,Month-to-month,No,Bank transfer (automatic),35.15,1839.97,No
CUST-03463,Male,1,Yes,No,13,Yes,No phone service,Fiber optic,No,No internet service,No,Yes,No,No,Month-to-month,No,Mailed check,53.68,641.74,No
CUST-03464,Female,0,Yes,No,10,Yes,Yes,No,No internet service,No,No internet service,No,No,Yes,One year,Yes,Bank transfer (automatic),32.34,340.25,No
CUST-03465,Male,0,Yes,No,5,Yes,Yes,Fiber optic,No internet service,Yes,No internet service,Yes,No,Yes,Month-to-month,Yes,Bank transfer (automatic),75.05,375.92,No
CUST-03466,Female,1,Yes,No,2,Yes,No phone service,Fiber optic,Yes,No internet service,No internet service,No,No,Yes,Two year,Yes,Mailed check,50.57,108.55,No
CUST-03467,Female,0,Yes,No,31,Yes,No,No,No internet service,No,No internet service,No,No,No,Month-to-month,Yes,Mailed check,34.03,1154.29,No
CUST-03468,Female,0,Yes,No,35,Yes,Yes,Fiber optic,No,No internet service,Yes,No,No,No,Month-to-month,No,Electronic check,58.38,1933.11,No
CUST-03469,Female,0,No,No,45,Yes,No,Fiber optic,Yes,Yes,No internet service,Yes,No,No internet service,One year,No,Electronic check,25.42,1241.97,No
CUST-03470,Female,0,Yes,No,23,Yes,Yes,DSL,No,No internet service,Yes,No,No,No internet service,Two year,No,Electronic check,55.13,1311.52,Yes
CUST-03471,Male,0,No,No,10,Yes,No,Fiber optic,No,No internet service,No internet service,No,Yes,Yes,Month-to-month,No,Credit card (automatic),66.29,694.6,Yes
CUST-03472,Male,1,Yes,Yes,71,Yes,Yes,DSL,No,Yes,No internet service,Yes,No,Yes,Two year,Yes,Bank transfer (automatic),66.07,4665.04,No
CUST-03473,Female,0,Yes,Yes,18,Yes,Yes,DSL,No,Yes,No,No,Yes,No internet service,Month-to-month,No,Credit card (automatic),62.21,1087.26,No
CUST-03474,Male,0,No,No,20,Yes,Yes,Fiber optic,No,No,Yes,No,No internet service,No,Month-to-month,Yes,Mailed check,88.83,1883.21,Yes
CUST-03475,Male,1,Yes,No,17,Yes,Yes,No,No,Yes,Yes,No,Yes,No,Month-to-month,Yes,Electronic check,77.88,1197.38,Yes
CUST-03476,Female,0,Yes,No,61,Yes,Yes,No,Yes,No,Yes,Yes,No,No internet service,Two year,Yes,Mailed check,20.68,1271.72,No
CUST-03477,Female,1,Yes,Yes,26,Yes,Yes,Fiber optic,No,Yes,Yes,No internet service,No internet service,No internet service,Month-to-month,Yes,Electronic check,56.0,1331.9,No
CUST-03478,Female,0,Yes,No,25,No,No,No,No,Yes,No internet service,No,No internet service,No,Month-to-month,Yes,Electronic check,54.62,1298.49,No
CUST-03479,Female,0,Yes,No,10,Yes,No,Fiber optic,No,No,No,No,No internet service,Yes,Two year,Yes,Bank transfer (automatic),20.32,212.35,No
CUST-03480,Male,0,No,No,37,Yes,Yes,Fiber optic,No internet service,No internet service,No internet service,No internet service,No internet service,No internet service,Two year,No,Electronic check,28.22,1097.34,No
CUST-03481,Male,0,Yes,No,29,Yes,Yes,No,No internet service,Yes,No,No internet service,Yes,No internet service,Month-to-month,Yes,Credit card (automatic),20.75,648.57,No
CUST-03482,Female,1,Yes,Yes,70,Yes,Yes,Fiber optic,Yes,Yes,Yes,No internet service,Yes,Yes,Month-to-month,Yes,Electronic check,35.19,2569.44,No
CUST-03483,Male,0,Yes,No,13,Yes,Yes,Fiber optic,Yes,No,Yes,No,Yes,Yes,One year,Yes,Mailed check,20.23,272.18,No
CUST-03484,Female,0,No,Yes,30,No,Yes,DSL,No internet service,Yes,No,No,Yes,Yes,Two year,No,Credit card (automatic),45.04,1471.49,No
CUST-03485,Female,1,Yes,No,64,Yes,Yes,No,Yes,No,No,No,No internet service,Yes,Month-to-month,Yes,Electronic check,48.58,3132.38,No
CUST-03486,Male,0,No,No,58,Yes,Yes,DSL,Yes,No,No,No internet service,No internet service,No,Month-to-month,Yes,Electronic check,46.22,2763.26,No
CUST-03487,Female,1,No,Yes,5,Yes,No phone service,Fiber optic,No,No,Yes,No,Yes,Yes,Month-to-month,No,Credit card (automatic),59.54,319.61,Yes
CUST-03488,Male,0,Yes,No,15,Yes,Yes,No,No,No internet service,No,No,No,Yes,Two year,Yes,Electronic check,67.91,1072.37,Yes
CUST-03489,Male,0,Yes,No,62,Yes,No phone service,Fiber optic,No,Yes,No internet service,No internet service,No,Yes,Two year,No,Credit card (automatic),68.85,4499.15,No
CUST-03490,Male,0,Yes,No,16,Yes,No,No,Yes,Yes,No,No internet service,Yes,Yes,One year,No,Electronic check,37.47,603.93,No
CUST-03491,Female,0,No,Yes,20,Yes,Yes,No,Yes,Yes,No,No internet service,No,Yes,Month-to-month,Yes,Electronic check,78.98,1588.4,Yes
CUST-03492,Male,0,No,No,42,Yes,Yes,No,No,No internet service,No,No,No internet service,No,One year,Yes,Mailed check,52.57,2273.61,No
CUST-03493,Female,0,No,No,25,Yes,No phone service,DSL,No,Yes,Yes,No,Yes,Yes,One year,Yes,Electronic check,34.03,884.87,No
CUST-03494,Male,0,Yes,Yes,16,No,Yes,DSL,No,No,No,No,No,No internet service,Month-to-month,Yes,Electronic check,40.27,650.26,No
CUST-03495,Female,0,Yes,Yes,12,Yes,No,No,No internet service,Yes,Yes,Yes,Yes,Yes,Month-to-month,Yes,Electronic check,83.94,943.92,Yes
CUST-03496,Female,0,Yes,Yes,1,Yes,Yes,DSL,Yes,No,Yes,Yes,No,No internet service,Two year,Yes,Mailed check,43.18,41.01,No
CUST-03497,Male,0,Yes,No,51,Yes,Yes,Fiber optic,No,Yes,No internet service,Yes,No,No internet service,One year,No,Bank transfer (automatic),69.09,3518.71,No
CUST-03498,Female,0,Yes,Yes,8,Yes,Yes,Fiber optic,No,No,No,Yes,No,No,Month-to-month,Yes,Credit card (automatic),70.72,532.27,Yes
CUST-03499,Male,0,Yes,No,28,No,No,No,No,Yes,Yes,No,Yes,No,Month-to-month,No,Credit card (automatic),44.17,1217.83,No
CUST-03500,Female,0,Yes,No,14,Yes,No,DSL,No,No internet service,Yes,No internet service,No internet service,Yes,Two year,No,Bank transfer (automatic),46.87,609.87,No
CUST-03501,Male,0,Yes,No,34,Yes,No,No,No,No internet service,No internet service,No,Yes,No,Two year,Yes,Electronic check,77.41,2445.72,No
CUST-03502,Female,1,No,Yes,3,Yes,Yes,Fiber optic,Yes,No,No internet service,No,No internet service,Yes,Two year,No,Electronic check,64.72,207.49,Yes
CUST-03503,Female,1,No,No,14,Yes,No,DSL,Yes,Yes,No,No,No,No,Two year,Yes,Mailed check,79.58,1123.53,No
CUST-03504,Male,0,No,No,20,Yes,No,Fiber optic,No internet service,No,No,Yes,No,No internet service,Month-to-month,No,Mailed check,56.22,1187.46,Yes
CUST-03505,Male,0,No,No,13,Yes,Yes,Fiber optic,No,Yes,Yes,No,No,Yes,Month-to-month,Yes,Credit card (automatic),80.06,939.1,Yes
CUST-03506,Male,0,No,No,28,Yes,No phone service,DSL,No,No internet service,No,No,No internet service,No,Two year,No,Bank transfer (automatic),33.75,904.48,No
CUST-03507,Female,1,No,No,23,Yes,No,DSL,No,No internet service,No,No,Yes,No internet service,Month-to-month,Yes,Bank transfer (automatic),65.76,1366.58,Yes
CUST-03508,Male,0,Yes,No,23,Yes,No,No,No internet service,Yes,Yes,No,Yes,No,Month-to-month,Yes,Electronic check,78.41,1624.31,Yes
CUST-03509,Female,0,No,No,5,Yes,Yes,Fiber optic,No,No,Yes,Yes,No,No,Month-to-month,No,Electronic check,64.77,293.54,Yes
CUST-03510,Male,0,No,No,19,Yes,Yes,Fiber optic,Yes,No,No,No,No,No,Two year,Yes,Mailed check,80.39,1533.99,Yes
CUST-03511,Male,0,Yes,Yes,43,Yes,No,Fiber optic,Yes,No,Yes,No internet service,Yes,No,Two year,Yes,Electronic check,52.41,2069.2,No
CUST-03512,Male,0,No,No,1,No,Yes,Fiber optic,No internet service,Yes,Yes,No internet service,Yes,No,Month-to-month,Yes,Bank transfer (automatic),69.56,73.71,No
CUST-03513,Female,0,Yes,No,34,Yes,No,DSL,No internet service,No internet service,No internet service,Yes,Yes,No internet service,Month-to-month,Yes,Credit card (automatic),65.05,2218.86,No
CUST-03514,Female,1,No,No,14,Yes,Yes,DSL,No internet service,No,No,Yes,No internet service,Yes,Month-to-month,No,Electronic check,23.82,316.5,No
CUST-03515,Female,0,Yes,Yes,4,Yes,No,No,Yes,No internet service,Yes,Yes,No,No internet service,One year,No,Electronic check,82.48,352.27,Yes
CUST-03516,Female,1,No,No,67,Yes,No,DSL,No,Yes,Yes,Yes,No internet service,Yes,Month-to-month,Yes,Credit card (automatic),51.21,3437.68,No
CUST-03517,Female,0,No,Yes,38,Yes,Yes,Fiber optic,No,No internet service,Yes,No,Yes,No,Month-to-month,Yes,Credit card (automatic),68.22,2515.0,No
CUST-03518,Male,0,No,No,43,No,No,No,No,Yes,No internet service,Yes,Yes,No internet service,Two year,No,Electronic check,62.84,2738.84,No
CUST-03519,Male,1,Yes,Yes,48,Yes,No phone service,Fiber optic,No internet service,Yes,No internet service,No,Yes,No internet service,Two year,Yes,Electronic check,52.96,2629.84,No
CUST-03520,Male,0,Yes,No,66,Yes,No,DSL,No internet service,Yes,No,No,No,No,Month-to-month,No,Electronic check,68.5,4574.17,No
CUST-03521,Male,0,Yes,No,19,Yes,No phone service,Fiber optic,Yes,Yes,Yes,No,No,Yes,Month-to-month,Yes,Electronic check,95.08,1962.89,Yes
CUST-03522,Male,0,No,Yes,23,Yes,Yes,Fiber optic,Yes,No,No,No internet service,No,No,Month-to-month,Yes,Electronic check,23.34,521.14,No
CUST-03523,Female,0,No,No,20,Yes,No,Fiber optic,Yes,No,No internet service,No internet service,No,No,One year,Yes,Credit card (automatic),72.23,1418.58,No
CUST-03524,Male,0,No,No,4,No,No phone service,No,No internet service,Yes,No,No,Yes,No internet service,Two year,Yes,Electronic check,88.35,378.76,Yes
CUST-03525,Female,1,No,No,32,No,No,Fiber optic,No internet service,Yes,Yes,No internet service,Yes,Yes,Month-to-month,Yes,Electronic check,68.5,2252.27,No
CUST-03526,Male,1,Yes,No,55,Yes,No,Fiber optic,No,No,No,Yes,Yes,No,Month-to-month,Yes,Electronic check,43.52,2616.81,No
CUST-03527,Female,0,No,No,34,Yes,Yes,Fiber optic,Yes,No,Yes,No,Yes,No,Two year,No,Bank transfer (automatic),55.31,1990.43,No
CUST-03528,Female,0,Yes,No,70,Yes,Yes,Fiber optic,No,No,No internet service,Yes,No,No,Month-to-month,Yes,Mailed check,39.87,2798.12,No
CUST-03529,Male,0,Yes,No,20,Yes,Yes,Fiber optic,No,No,No internet service,No,Yes,Yes,One year,Yes,Bank transfer (automatic),87.9,1805.37,Yes
CUST-03530,Male,0,Yes,No,2,Yes,No,Fiber optic,No,No,No,No,No internet service,No internet service,Month-to-month,Yes,Mailed check,28.84,56.6,No
CUST-03531,Male,0,Yes,No,71,Yes,Yes,Fiber optic,No,Yes,Yes,No internet service,No,No,Month-to-month,Yes,Electronic check,64.5,4238.46,No
CUST-03532,Male,0,No,Yes,10,Yes,No phone service,Fiber optic,Yes,Yes,No internet service,No internet service,No internet service,Yes,Two year,Yes,Bank transfer (automatic),78.59,771.3,Yes
CUST-03533,Male,0,No,Yes,4,No,No,Fiber optic,No,No internet service,No internet service,No internet service,No,Yes,One year,Yes,Bank transfer (automatic),38.1,145.74,No
CUST-03534,Male,0,No,No,14,Yes,Yes,No,Yes,No,No,No internet service,No,No,Two year,Yes,Credit card (automatic),94.68,1372.73,Yes
CUST-03535,Female,0,Yes,Yes,1,Yes,No,Fiber optic,No,No internet service,Yes,Yes,No,Yes,Month-to-month,Yes,Electronic check,88.96,91.97,Yes
CUST-03536,Male,0,No,No,60,Yes,Yes,Fiber optic,Yes,No internet service,No,No internet service,Yes,Yes,Month-to-month,Yes,Mailed check,54.57,3560.61,No
CUST-03537,Female,0,Yes,Yes,34,Yes,Yes,No,No,Yes,Yes,No,Yes,No internet service,Month-to-month,No,Mailed check,60.97,1898.62,No
CUST-03538,Female,0,No,Yes,39,Yes,No,DSL,No,No,No,No,No internet service,Yes,Month-to-month,Yes,Bank transfer (automatic),60.54,2345.75,No
CUST-03539,Male,0,No,Yes,17,Yes,Yes,Fiber optic,No,No internet service,Yes,No,Yes,Yes,Two year,No,Bank transfer (automatic),74.37,1238.66,Yes
CUST-03540,Female,0,Yes,No,41,Yes,Yes,DSL,No internet service,No,No,No,No internet service,Yes,Month-to-month,No,Mailed check,48.91,2016.31,No
CUST-03541,Male,0,No,No,48,Yes,Yes,DSL,No,Yes,No internet service,No,Yes,No internet service,Two year,No,Mailed check,28.42,1260.36,No
CUST-03542,Male,0,No,No,26,Yes,No,Fiber optic,No,No,No,No internet service,No,No,Month-to-month,Yes,Bank transfer (automatic),51.29,1331.25,No
CUST-03543,Male,0,No,No,25,Yes,Yes,DSL,No internet service,No,No internet service,No internet service,No internet service,No internet service,Two year,No,Bank transfer (automatic),70.55,1819.14,Yes
CUST-03544,Female,0,Yes,No,22,No,No,DSL,Yes,No,No,No internet service,No,No internet service,Month-to-month,No,Electronic check,55.18,1168.75,Yes
CUST-03545,Male,1,No,No,32,Yes,No phone service,DSL,Yes,No internet service,No,No,No internet service,No,Month-to-month,Yes,Mailed check,76.28,2514.4,No
CUST-03546,Male,0,No,Yes,19,Yes,No,Fiber optic,Yes,Yes,No internet service,No internet service,Yes,No,Month-to-month,Yes,Mailed check,29.35,531.52,No
CUST-03547,Male,0,No,No,27,Yes,Yes,No,No,No,No internet service,No,No internet service,No,Month-to-month,Yes,Electronic check,64.21,1688.35,No
CUST-03548,Male,0,Yes,No,35,Yes,No,Fiber optic,No,Yes,No internet service,Yes,No,Yes,Month-to-month,Yes,Mailed check,62.48,2364.93,No
CUST-03549,Male,0,Yes,No,19,No,Yes,Fiber optic,No,No,No internet service,Yes,Yes,No,One year,No,Electronic check,60.89,1047.02,No
CUST-03550,Female,0,No,Yes,17,Yes,No,Fiber optic,No,Yes,Yes,Yes,No internet service,Yes,Month-to-month,Yes,Electronic check,62.62,1016.17,Yes
CUST-03551,Female,0,No,No,62,Yes,No,DSL,No,Yes,Yes,Yes,No internet service,No internet service,Two year,No,Credit card (automatic),21.34,1438.38,No
CUST-03552,Female,0,Yes,No,53,Yes,No,No,No,No,Yes,No internet service,No,No internet service,Month-to-month,Yes,Electronic check,64.53,3178.66,No
CUST-03553,Male,0,No,Yes,17,Yes,Yes,DSL,Yes,Yes,No internet service,Yes,No,No,One year,No,Credit card (automatic),49.98,832.23,No
CUST-03554,Female,1,No,No,34,Yes,No,Fiber optic,No internet service,No,No internet service,No internet service,No internet service,No,Two year,Yes,Credit card (automatic),51.45,1733.24,No
CUST-03555,Female,0,No,No,39,No,Yes,Fiber optic,Yes,No,No internet service,No,No internet service,Yes,Month-to-month,No,Bank transfer (automatic),23.05,926.39,No
CUST-03556,Female,0,Yes,No,49,Yes,No phone service,Fiber optic,No,No,No internet service,No internet service,No,No,Two year,Yes,Mailed check,31.3,1567.99,No
CUST-03557,Female,0,Yes,No,12,Yes,Yes,Fiber optic,No,No,No,No,Yes,No,Month-to-month,No,Credit card (automatic),65.16,801.74,Yes
CUST-03558,Female,0,Yes,No,35,Yes,Yes,DSL,No,No,Yes,Yes,No,Yes,Month-to-month,Yes,Credit card (automatic),38.93,1482.57,No
CUST-03559,Male,0,Yes,No,23,Yes,Yes,Fiber optic,No,No,No,Yes,No internet service,No,One year,Yes,Electronic check,43.63,981.97,No
CUST-03560,Male,0,No,No,8,Yes,Yes,DSL,No,No,No,Yes,Yes,Yes,Month-to-month,Yes,Electronic check,89.79,716.86,Yes
CUST-03561,Female,0,No,No,9,No,No phone service,DSL,No internet service,No,No,Yes,Yes,Yes,One year,Yes,Mailed check,57.93,569.75,No
CUST-03562,Male,0,Yes,Yes,48,Yes,No phone service,Fiber optic,No,No,No,No internet service,No,No,Month-to-month,Yes,Credit card (automatic),64.44,2863.09,No
CUST-03563,Male,0,Yes,No,64,No,No,No,No internet service,Yes,Yes,Yes,No internet service,No internet service,Month-to-month,No,Electronic check,75.28,5249.81,No
CUST-03564,Male,1,Yes,No,51,Yes,Yes,Fiber optic,No internet service,No internet service,No,No,Yes,No internet service,Month-to-month,Yes,Mailed check,53.72,2985.35,No
CUST-03565,Male,0,Yes,Yes,29,Yes,No phone service,No,Yes,No,No internet service,No internet service,No,No,One year,Yes,Mailed check,63.18,1998.39,Yes
CUST-03566,Female,0,Yes,No,26,Yes,Yes,DSL,No,No internet service,Yes,No,Yes,No,Two year,Yes,Bank transfer (automatic),90.97,2160.41,Yes
CUST-03567,Male,0,No,No,26,Yes,Yes,DSL,No internet service,No,No,No,No,Yes,Two year,No,Bank transfer (automatic),86.22,2276.5,Yes
CUST-03568,Female,0,Yes,No,22,Yes,Yes,No,No,No,No,Yes,No internet service,Yes,Month-to-month,Yes,Bank transfer (automatic),99.01,2325.54,Yes
CUST-03569,Male,0,Yes,Yes,61,No,No,DSL,No,No internet service,No,No internet service,Yes,Yes,Month-to-month,Yes,Electronic check,78.45,4607.15,No
CUST-03570,Male,0,Yes,No,14,Yes,No,DSL,No,Yes,Yes,No,No,No internet service,Month-to-month,Yes,Mailed check,24.75,352.78,No
CUST-03571,Female,0,No,No,56,Yes,No,No,No,Yes,Yes,Yes,No,Yes,Month-to-month,Yes,Electronic check,43.3,2306.69,No
CUST-03572,Male,0,Yes,No,49,Yes,No,DSL,No,Yes,No,No internet service,No,No internet service,Month-to-month,Yes,Mailed check,60.03,2723.57,No
CUST-03573,Female,0,No,Yes,38,Yes,Yes,Fiber optic,No,No internet service,No,No,No internet service,No,Month-to-month,Yes,Credit card (automatic),54.47,2215.68,No
CUST-03574,Female,0,Yes,No,6,Yes,Yes,DSL,No,Yes,Yes,Yes,No internet service,Yes,One year,Yes,Mailed check,59.1,388.73,No
CUST-03575,Female,0,Yes,No,10,Yes,No,No,No,No internet service,No internet service,No internet service,No,No,Two year,Yes,Mailed check,62.6,572.13,Yes
CUST-03576,Female,0,Yes,Yes,16,Yes,Yes,Fiber optic,No,Yes,Yes,No internet service,No internet service,No,Two year,No,Bank transfer (automatic),36.02,532.67,No
CUST-03577,Female,0,No,No,64,Yes,Yes,Fiber optic,Yes,No internet service,Yes,No,Yes,Yes,Two year,Yes,Mailed check,48.97,3189.62,No
CUST-03578,Female,0,Yes,No,23,Yes,No,Fiber optic,Yes,Yes,No,No internet service,Yes,No internet service,Month-to-month,Yes,Bank transfer (automatic),55.7,1175.1,Yes
CUST-03579,Female,0,Yes,No,26,Yes,No,DSL,No,Yes,No internet service,No internet service,No,No internet service,Two year,Yes,Bank transfer (automatic),62.56,1669.23,No
CUST-03580,Male,0,No,No,31,Yes,Yes,DSL,No,No internet service,No,No internet service,No,No internet service,Two year,Yes,Bank transfer (automatic),30.3,980.53,No
CUST-03581,Female,0,Yes,No,2,Yes,Yes,No,No internet service,No internet service,Yes,Yes,No,No,Month-to-month,No,Mailed check,49.77,97.84,No
CUST-03582,Male,1,Yes,No,36,Yes,Yes,DSL,No internet service,No,No,No,Yes,No,Month-to-month,No,Electronic check,77.54,2934.5,No
CUST-03583,Female,1,Yes,No,13,Yes,Yes,DSL,No,No,No internet service,No,No,No,One year,Yes,Bank transfer (automatic),56.27,674.98,Yes
CUST-03584,Male,0,Yes,Yes,71,Yes,No,Fiber optic,No,Yes,Yes,No,Yes,No,Two year,No,Electronic check,34.23,2333.72,No
CUST-03585,Female,0,No,No,46,Yes,Yes,DSL,No,No internet service,No,No,Yes,No,One year,No,Credit card (automatic),76.15,3718.43,No
CUST-03586,Female,1,No,No,12,Yes,No phone service,DSL,Yes,No internet service,No internet service,No,No,No,Month-to-month,No,Credit card (automatic),67.64,744.85,Yes
CUST-03587,Male,0,Yes,No,28,No,Yes,DSL,Yes,No internet service,No,No internet service,Yes,Yes,One year,Yes,Mailed check,97.61,2615.6,Yes
CUST-03588,Female,0,Yes,No,2,Yes,No,DSL,No internet service,No internet service,Yes,No internet service,Yes,Yes,Month-to-month,Yes,Mailed check,26.57,54.43,No
CUST-03589,Female,0,No,Yes,29,Yes,No,No,Yes,No,Yes,Yes,No,No,One year,Yes,Electronic check,66.48,1830.52,Yes
CUST-03590,Male,0,Yes,No,25,Yes,Yes,DSL,Yes,Yes,No internet service,No,No,No,Two year,Yes,Credit card (automatic),98.8,2460.55,Yes
CUST-03591,Male,0,Yes,No,4,Yes,No phone service,DSL,Yes,No internet service,No,Yes,Yes,No,Two year,Yes,Electronic check,43.65,186.37,No
CUST-03592,Male,0,No,No,18,Yes,No,Fiber optic,No,No,Yes,No,Yes,No internet service,Two year,Yes,Mailed check,77.94,1338.29,No
CUST-03593,Male,0,Yes,Yes,21,Yes,No,Fiber optic,Yes,No internet service,Yes,No internet service,No,No,One year,Yes,Mailed check,74.72,1548.99,Yes
CUST-03594,Female,0,No,No,52,Yes,No phone service,Fiber optic,No,Yes,Yes,No,No internet service,Yes,Month-to-month,Yes,Mailed check,35.84,1684.12,No
CUST-03595,Female,0,No,Yes,12,No,No,Fiber optic,No internet service,No,No,No,Yes,Yes,Month-to-month,Yes,Credit card (automatic),94.8,1185.01,Yes
CUST-03596,Female,0,Yes,No,56,Yes,No,Fiber optic,No,No,No,No internet service,No internet service,No,Month-to-month,Yes,Electronic check,20.41,1109.83,No
CUST-03597,Female,0,No,No,53,Yes,Yes,Fiber optic,No,Yes,No,No internet service,No,No,One year,Yes,Electronic check,36.48,2072.67,No
CUST-03598,Female,1,Yes,No,41,Yes,No,No,No internet service,Yes,No,No internet service,No internet service,Yes,Two year,No,Bank transfer (automatic),51.61,1941.89,No
CUST-03599,Female,1,Yes,Yes,27,Yes,No phone service,No,No,No internet service,Yes,No,No internet service,Yes,One year,No,Electronic check,49.09,1400.25,No
CUST-03600,Female,0,Yes,No,19,No,No,Fiber optic,No,Yes,No,Yes,No internet service,No internet service,Month-to-month,Yes,Electronic check,75.31,1520.69,No
CUST-03601,Male,0,Yes,Yes,7,Yes,Yes,DSL,No internet service,No,Yes,No,Yes,Yes,Month-to-month,No,Credit card (automatic),95.97,708.88,Yes
CUST-03602,Male,0,Yes,Yes,6,Yes,No,Fiber optic,Yes,No,No,No,Yes,No internet service,Month-to-month,No,Electronic check,97.09,609.85,Yes
CUST-03603,Male,0,Yes,No,41,Yes,No,DSL,No internet service,Yes,Yes,No internet service,No,Yes,One year,Yes,Electronic check,50.71,1970.08,No
CUST-03604,Female,0,No,No,2,No,Yes,DSL,Yes,Yes,No,No internet service,Yes,No,Month-to-month,Yes,Electronic check,46.8,92.04,No
CUST-03605,Male,0,Yes,No,33,Yes,Yes,Fiber optic,Yes,Yes,No,Yes,No,No,One year,Yes,Bank transfer (automatic),53.97,1740.39,No
CUST-03606,Female,0,No,No,49,Yes,No phone service,Fiber optic,No,Yes,No internet service,No,Yes,Yes,Month-to-month,No,Electronic check,42.33,1966.74,No
CUST-03607,Female,0,Yes,No,36,Yes,No,DSL,No internet service,Yes,Yes,No,No,No,Month-to-month,Yes,Credit card (automatic),32.65,1173.45,No
CUST-03608,Male,1,Yes,No,10,Yes,No,Fiber optic,No,Yes,No,No,No,No,Two year,No,Electronic check,98.92,1028.28,Yes
CUST-03609,Female,0,Yes,No,7,Yes,Yes,Fiber optic,Yes,No internet service,No internet service,No internet service,No,No internet service,Month-to-month,Yes,Mailed check,68.86,479.97,Yes
CUST-03610,Female,0,No,No,25,Yes,Yes,Fiber optic,Yes,Yes,No internet service,Yes,No,No,Two year,Yes,Bank transfer (automatic),55.05,1506.85,Yes
CUST-03611,Female,0,No,Yes,65,Yes,Yes,No,No,No internet service,Yes,Yes,No,No,Month-to-month,No,Bank transfer (automatic),46.78,3167.65,No
CUST-03612,Male,0,No,Yes,59,Yes,No,DSL,No internet service,Yes,No,No,No,Yes,One year,Yes,Credit card (automatic),33.53,1955.6,No
CUST-03613,Female,1,Yes,Yes,30,Yes,No,DSL,No,No internet service,Yes,No,Yes,Yes,Month-to-month,No,Credit card (automatic),53.77,1582.11,No
CUST-03614,Male,0,No,No,3,Yes,Yes,Fiber optic,No,Yes,Yes,No internet service,Yes,Yes,Month-to-month,Yes,Bank transfer (automatic),87.07,265.58,Yes
CUST-03615,Male,0,Yes,No,5,Yes,No,Fiber optic,Yes,No,No,No,Yes,Yes,Month-to-month,Yes,Electronic check,72.53,357.7,No
CUST-03616,Male,0,Yes,No,22,No,No,DSL,No internet service,No,No internet service,No,Yes,No,Month-to-month,No,Electronic check,51.7,1074.15,No
CUST-03617,Male,0,Yes,Yes,8,Yes,Yes,DSL,Yes,Yes,No,No,No internet service,Yes,Two year,Yes,Bank transfer (automatic),44.7,359.11,No
CUST-03618,Female,0,No,No,46,Yes,No,DSL,Yes,Yes,No internet service,Yes,Yes,Yes,Two year,Yes,Bank transfer (automatic),64.98,3092.33,No
CUST-03619,Female,0,No,Yes,61,Yes,No,Fiber optic,No,No internet service,No,No,No,No,Two year,No,Credit card (automatic),74.31,4404.58,No
CUST-03620,Male,0,Yes,No,43,Yes,No,Fiber optic,No,Yes,No,No,Yes,No,Month-to-month,Yes,Electronic check,69.05,2840.48,No
CUST-03621,Male,0,No,No,51,Yes,Yes,Fiber optic,No internet service,Yes,Yes,No internet service,No,No,Month-to-month,No,Bank transfer (automatic),49.7,2391.44,No
CUST-03622,Female,1,Yes,No,21,Yes,Yes,Fiber optic,No,No,No,Yes,Yes,Yes,One year,No,Mailed check,55.8,1139.65,Yes
CUST-03623,Female,0,Yes,No,67,Yes,Yes,DSL,No,Yes,No internet service,Yes,No,No,Two year,No,Electronic check,59.73,3797.31,No
CUST-03624,Male,0,Yes,No,14,Yes,Yes,Fiber optic,No,No,Yes,Yes,No,Yes,Month-to-month,Yes,Mailed check,69.01,1016.98,No
CUST-03625,Male,0,No,No,38,Yes,No,DSL,No,No,No,No internet service,Yes,No,One year,Yes,Electronic check,78.72,3074.35,No
CUST-03626,Female,0,Yes,No,49,Yes,Yes,Fiber optic,Yes,No,Yes,No,Yes,No,One year,Yes,Electronic check,47.44,2225.5,No
CUST-03627,Female,0,Yes,Yes,61,Yes,Yes,Fiber optic,No,Yes,Yes,No internet service,No internet service,No,Month-to-month,Yes,Bank transfer (automatic),60.09,4026.05,No
CUST-03628,Female,0,Yes,Yes,67,Yes,No,DSL,Yes,Yes,Yes,No,Yes,Yes,One year,No,Mailed check,37.59,2591.91,No
CUST-03629,Female,0,No,No,43,Yes,Yes,DSL,No internet service,Yes,No internet service,No internet service,No internet service,Yes,Two year,No,Bank transfer (automatic),25.25,1008.11,No
CUST-03630,Female,0,Yes,Yes,41,Yes,Yes,DSL,No internet service,No,No,No internet service,No,Yes,Month-to-month,Yes,Bank transfer (automatic),35.18,1537.39,No
CUST-03631,Male,0,Yes,No,17,Yes,Yes,Fiber optic,No internet service,No,No internet service,Yes,Yes,No,Month-to-month,No,Credit card (automatic),73.75,1317.37,Yes
CUST-03632,Male,0,No,Yes,10,No,Yes,Fiber optic,No,No internet service,Yes,Yes,No internet service,Yes,One year,Yes,Electronic check,79.27,792.7,Yes
CUST-03633,Male,1,Yes,No,48,Yes,No,No,No,Yes,No internet service,No,Yes,No,Month-to-month,No,Electronic check,42.39,1926.25,No
CUST-03634,Female,0,No,No,4,Yes,No,Fiber optic,No,No,Yes,Yes,No,Yes,Month-to-month,Yes,Bank transfer (automatic),86.23,366.37,Yes
CUST-03635,Female,0,No,Yes,11,Yes,Yes,DSL,No internet service,Yes,No internet service,No,Yes,No internet service,Month-to-month,Yes,Bank transfer (automatic),92.68,942.92,Yes
CUST-03636,Male,0,No,Yes,5,No,Yes,Fiber optic,No,No,Yes,Yes,No,Yes,Two year,Yes,Electronic check,90.94,447.25,Yes
CUST-03637,Male,0,Yes,No,14,Yes,No,DSL,No internet service,Yes,Yes,No internet service,No,Yes,One year,Yes,Mailed check,60.43,899.71,No
CUST-03638,Female,0,No,Yes,4,Yes,Yes,Fiber optic,Yes,Yes,No internet service,No,Yes,Yes,Month-to-month,Yes,Mailed check,31.24,132.49,No
CUST-03639,Female,0,No,Yes,30,Yes,Yes,No,No,No,No internet service,No,No internet service,No,Two year,No,Mailed check,20.36,626.67,No
CUST-03640,Male,0,Yes,Yes,28,Yes,No,Fiber optic,No internet service,No internet service,No,No,Yes,Yes,Two year,No,Credit card (automatic),77.23,1949.54,Yes
CUST-03641,Female,0,Yes,No,44,Yes,No phone service,DSL,No,No,No internet service,No internet service,Yes,No internet service,Month-to-month,Yes,Credit card (automatic),21.62,919.53,No
CUST-03642,Male,0,No,No,27,Yes,Yes,DSL,No,Yes,Yes,No internet service,No,No,One year,Yes,Mailed check,79.14,2287.72,Yes
CUST-03643,Male,0,Yes,No,50,Yes,No phone service,No,No,No,No internet service,No internet service,Yes,No,One year,No,Electronic check,58.25,3041.45,No
CUST-03644,Male,0,No,No,22,No,Yes,DSL,Yes,No,Yes,No,No internet service,Yes,Month-to-month,Yes,Mailed check,82.43,1926.11,Yes
CUST-03645,Male,0,No,No,42,Yes,No,Fiber optic,No internet service,No,No internet service,No,No internet service,No internet service,Two year,No,Credit card (automatic),42.87,1643.17,No
CUST-03646,Female,0,Yes,No,66,Yes,Yes,DSL,No,No internet service,No,No,Yes,No internet service,Month-to-month,No,Mailed check,63.36,4550.4,No
CUST-03647,Male,0,No,No,67,No,Yes,DSL,No internet service,No internet service,No internet service,No,No,Yes,Month-to-month,No,Mailed check,56.13,3556.92,No
CUST-03648,Female,1,No,No,11,Yes,No,DSL,Yes,Yes,No,No internet service,No,Yes,Month-to-month,Yes,Electronic check,51.1,543.25,No
CUST-03649,Male,0,Yes,No,46,Yes,No phone service,DSL,Yes,No internet service,Yes,No,Yes,Yes,Month-to-month,No,Electronic check,73.18,3595.58,No
CUST-03650,Male,0,No,Yes,36,Yes,No,DSL,No,No,Yes,No,No internet service,No,Month-to-month,No,Mailed check,26.49,935.75,No
CUST-03651,Male,0,Yes,No,70,Yes,Yes,Fiber optic,Yes,No,No,Yes,Yes,Yes,Month-to-month,Yes,Bank transfer (automatic),48.19,3469.83,No
CUST-03652,Male,0,No,No,14,Yes,No,Fiber optic,No,Yes,Yes,No internet service,Yes,Yes,Month-to-month,Yes,Electronic check,90.36,1278.29,Yes
CUST-03653,Male,0,No,Yes,2,Yes,Yes,Fiber optic,No,No,No internet service,No internet service,No internet service,No,Month-to-month,No,Electronic check,22.21,47.67,No
CUST-03654,Female,0,No,Yes,15,Yes,Yes,DSL,Yes,No,No internet service,No,Yes,Yes,Month-to-month,No,Mailed check,78.74,1099.87,No
CUST-03655,Male,1,Yes,Yes,10,Yes,No,No,No,No internet service,Yes,No internet service,Yes,No,One year,No,Electronic check,64.04,588.89,No
CUST-03656,Male,0,No,Yes,22,Yes,No,DSL,No internet service,Yes,No,No internet service,No,No,Two year,No,Credit card (automatic),66.94,1511.66,Yes
CUST-03657,Female,1,No,Yes,7,Yes,No phone service,No,No,No,No internet service,Yes,Yes,No,Month-to-month,Yes,Mailed check,44.15,330.35,No
CUST-03658,Female,0,No,No,56,No,Yes,DSL,No,No,No,No internet service,No internet service,No internet service,Month-to-month,No,Mailed check,33.56,2038.39,No
CUST-03659,Male,0,Yes,No,36,Yes,Yes,Fiber optic,No,No,No internet service,No,No,Yes,Month-to-month,No,Credit card (automatic),61.09,2155.22,No
CUST-03660,Male,0,No,Yes,26,Yes,Yes,Fiber optic,No internet service,No internet service,Yes,Yes,No,No,Month-to-month,No,Bank transfer (automatic),67.23,1830.08,Yes
CUST-03661,Male,0,Yes,No,71,Yes,Yes,Fiber optic,No,No,No,No internet service,No,Yes,Month-to-month,Yes,Bank transfer (automatic),75.19,5221.88,No
CUST-03662,Male,0,Yes,No,46,Yes,No,Fiber optic,No,Yes,Yes,Yes,No internet service,Yes,Month-to-month,No,Mailed check,32.45,1438.63,No
CUST-03663,Male,1,Yes,No,35,Yes,Yes,Fiber optic,Yes,No,Yes,No,No,No,Month-to-month,Yes,Mailed check,40.99,1298.13,No
CUST-03664,Female,0,Yes,No,19,Yes,Yes,Fiber optic,No,No,No,No internet service,Yes,No,Month-to-month,No,Credit card (automatic),75.91,1370.21,No
CUST-03665,Female,0,Yes,No,18,Yes,No,DSL,Yes,No internet service,No internet service,No internet service,No,No,Two year,Yes,Mailed check,72.39,1217.07,Yes
CUST-03666,Female,0,Yes,Yes,13,Yes,Yes,DSL,Yes,No,No,No internet service,No,No internet service,One year,Yes,Electronic check,68.06,843.83,Yes
CUST-03667,Male,0,Yes,Yes,54,Yes,No,Fiber optic,No internet service,Yes,No internet service,No internet service,No internet service,No,Two year,No,Electronic check,48.98,2533.16,No
CUST-03668,Female,1,No,No,2,Yes,No,Fiber optic,No,No,No,No,No internet service,No,Two year,Yes,Credit card (automatic),73.02,156.52,No
CUST-03669,Male,0,No,No,19,Yes,Yes,DSL,No,No,No,No internet service,No internet service,No,Month-to-month,No,Credit card (automatic),76.29,1363.52,Yes
CUST-03670,Male,0,Yes,Yes,10,Yes,Yes,No,No,No,No internet service,Yes,No,No,Month-to-month,No,Mailed check,58.24,619.59,No
CUST-03671,Female,0,Yes,No,49,Yes,No phone service,No,No,No,Yes,Yes,No,No internet service,Month-to-month,No,Bank transfer (automatic),59.63,3131.86,No
CUST-03672,Male,0,Yes,No,37,Yes,No,Fiber optic,No internet service,No internet service,No internet service,Yes,No,No internet service,Two year,Yes,Electronic check,75.26,2764.45,No
CUST-03673,Female,0,No,No,23,Yes,No,No,No,No internet service,No internet service,No,No internet service,No internet service,One year,No,Bank transfer (automatic),51.03,1226.39,No
CUST-03674,Male,0,Yes,No,22,Yes,No,DSL,No,Yes,No,Yes,Yes,No internet service,One year,Yes,Credit card (automatic),60.34,1279.32,Yes
CUST-03675,Female,0,Yes,Yes,7,Yes,Yes,DSL,No,Yes,No,Yes,No,Yes,Two year,No,Electronic check,75.61,478.22,Yes
CUST-03676,Female,1,Yes,Yes,69,No,Yes,DSL,No internet service,No internet service,Yes,No,No internet service,Yes,Month-to-month,Yes,Electronic check,63.73,4581.75,No
CUST-03677,Female,1,Yes,Yes,71,No,No,DSL,No,Yes,No internet service,No,No internet service,Yes,Two year,Yes,Credit card (automatic),49.53,3591.47,No
CUST-03678,Female,0,No,Yes,3,Yes,Yes,No,Yes,Yes,Yes,Yes,No internet service,No,Month-to-month,Yes,Credit card (automatic),99.53,296.28,Yes
CUST-03679,Male,0,Yes,No,4,Yes,No,Fiber optic,No internet service,No internet service,No,Yes,Yes,No internet service,Two year,Yes,Bank transfer (automatic),81.14,350.44,Yes
CUST-03680,Female,0,No,No,6,Yes,No phone service,DSL,No,No,Yes,Yes,No,Yes,Two year,Yes,Electronic check,47.01,294.88,No
CUST-03681,Male,0,Yes,No,68,Yes,No,Fiber optic,No,Yes,Yes,Yes,No,No,Month-to-month,No,Bank transfer (automatic),77.77,5209.65,No
CUST-03682,Female,0,Yes,No,2,Yes,No,DSL,Yes,No,Yes,No,Yes,Yes,Month-to-month,Yes,Electronic check,41.13,74.91,No
CUST-03683,Male,0,Yes,No,1,Yes,No,Fiber optic,Yes,No,No,No,Yes,No,Month-to-month,No,Bank transfer (automatic),77.27,83.08,Yes
CUST-03684,Female,0,No,Yes,26,Yes,Yes,No,Yes,No,Yes,No internet service,Yes,Yes,One year,Yes,Electronic check,64.69,1844.97,Yes
CUST-03685,Female,1,Yes,No,18,Yes,No,DSL,Yes,No,No internet service,No,No,Yes,Month-to-month,Yes,Electronic check,77.07,1424.58,Yes
CUST-03686,Female,0,No,No,13,Yes,No,Fiber optic,No internet service,No internet service,Yes,No,No,No internet service,Two year,No,Credit card (automatic),48.19,660.07,No
CUST-03687,Female,1,Yes,No,47,No,Yes,DSL,No internet service,Yes,Yes,No,No,No,Month-to-month,Yes,Mailed check,21.75,1023.48,No
CUST-03688,Female,0,No,No,14,Yes,Yes,DSL,Yes,Yes,Yes,Yes,Yes,No,Month-to-month,Yes,Electronic check,67.39,893.77,No
CUST-03689,Female,0,No,No,11,Yes,Yes,DSL,No,No internet service,Yes,Yes,No,No,Month-to-month,Yes,Mailed check,76.61,912.16,Yes
CUST-03690,Male,1,No,Yes,23,Yes,Yes,No,No internet service,Yes,Yes,No internet service,No,No internet service,Month-to-month,No,Bank transfer (automatic),90.32,2155.61,Yes
CUST-03691,Male,0,Yes,Yes,41,Yes,No phone service,DSL,No,No internet service,No internet service,No,No,No internet service,One year,No,Electronic check,49.98,2069.08,No
CUST-03692,Male,0,No,No,19,Yes,No,DSL,No internet service,Yes,No internet service,No internet service,No internet service,Yes,One year,Yes,Electronic check,77.69,1529.87,No
CUST-03693,Female,0,Yes,No,70,Yes,Yes,DSL,No,No,Yes,No,No internet service,Yes,Month-to-month,No,Bank transfer (automatic),37.08,2601.76,No
CUST-03694,Female,1,No,Yes,25,Yes,No,Fiber optic,No,Yes,Yes,No,Yes,No,Two year,Yes,Credit card (automatic),63.51,1447.51,Yes
CUST-03695,Female,0,No,Yes,10,Yes,Yes,DSL,No internet service,Yes,No,No internet service,Yes,Yes,Month-to-month,No,Mailed check,72.57,748.99,Yes
CUST-03696,Female,1,No,No,35,Yes,Yes,DSL,Yes,No,No,Yes,No internet service,Yes,Month-to-month,No,Credit card (automatic),20.4,643.34,No
CUST-03697,Male,0,Yes,No,33,Yes,Yes,Fiber optic,No,No internet service,No internet service,No internet service,No,No internet service,Month-to-month,Yes,Electronic check,51.83,1614.73,No
CUST-03698,Female,0,No,No,19,Yes,Yes,Fiber optic,Yes,No,No internet service,No,No,No,Month-to-month,Yes,Credit card (automatic),87.26,1543.87,Yes
CUST-03699,Male,0,Yes,No,44,Yes,No,DSL,No,No internet service,Yes,No internet service,No,Yes,One year,No,Mailed check,72.75,3098.65,No
CUST-03700,Female,0,No,Yes,56,Yes,Yes,No,No,Yes,No internet service,No internet service,Yes,No,Month-to-month,No,Mailed check,60.44,3661.04,No
CUST-03701,Male,0,No,Yes,22,Yes,Yes,DSL,No,Yes,No,No,No,No,Month-to-month,No,Electronic check,87.32,1759.56,Yes
CUST-03702,Female,0,Yes,No,31,Yes,No,Fiber optic,Yes,No internet service,No internet service,Yes,Yes,Yes,One year,No,Mailed check,60.4,1819.0,No
CUST-03703,Male,0,No,Yes,24,Yes,No,Fiber optic,No internet service,No,No,No internet service,Yes,No,Two year,Yes,Credit card (automatic),74.3,1875.77,Yes
CUST-03704,Female,0,Yes,No,24,Yes,No,Fiber optic,No internet service,Yes,No,No,No,No,One year,No,Electronic check,99.46,2560.38,Yes
CUST-03705,Female,0,No,Yes,22,Yes,No,Fiber optic,No internet service,Yes,No,Yes,No,Yes,One year,No,Bank transfer (automatic),60.19,1386.72,No
CUST-03706,Female,0,Yes,No,1,Yes,No,DSL,No,No internet service,Yes,No internet service,Yes,No,Month-to-month,Yes,Credit card (automatic),70.06,76.58,No
CUST-03707,Male,0,Yes,No,59,Yes,Yes,No,No,Yes,No,No,No,No,Month-to-month,Yes,Bank transfer (automatic),53.49,3279.57,No
CUST-03708,Female,0,No,Yes,45,Yes,No,No,No internet service,No,Yes,No,No,No,One year,No,Mailed check,41.04,1937.22,No
CUST-03709,Female,0,Yes,No,22,Yes,Yes,Fiber optic,Yes,No internet service,No,No,No,No,Two year,No,Credit card (automatic),57.46,1244.42,Yes
CUST-03710,Male,0,No,No,21,No,Yes,No,No,No,Yes,Yes,Yes,No,Month-to-month,Yes,Electronic check,46.41,936.03,No
CUST-03711,Male,0,No,Yes,18,No,No,No,No,No internet service,No,Yes,No,No internet service,Month-to-month,No,Electronic check,84.48,1509.05,Yes
CUST-03712,Female,0,Yes,Yes,36,Yes,No,DSL,No,Yes,No internet service,No,No internet service,Yes,Two year,Yes,Mailed check,44.93,1704.15,No
CUST-03713,Male,0,No,No,20,Yes,No,No,Yes,No,No,No internet service,No internet service,No,Two year,Yes,Electronic check,69.63,1434.45,Yes
CUST-03714,Male,0,Yes,No,22,Yes,Yes,No,No,Yes,Yes,No,Yes,No,Two year,No,Bank transfer (automatic),26.67,618.65,No
CUST-03715,Female,0,No,Yes,22,Yes,No,Fiber optic,No internet service,No,No,No,No,No internet service,Month-to-month,Yes,Electronic check,59.19,1335.41,Yes
CUST-03716,Female,0,No,No,3,No,Yes,Fiber optic,Yes,No,No,No internet service,Yes,No internet service,Month-to-month,No,Electronic check,89.95,282.43,Yes
CUST-03717,Female,0,Yes,No,16,Yes,Yes,Fiber optic,No internet service,No internet service,Yes,No,No,No,Month-to-month,No,Bank transfer (automatic),40.25,599.65,No
CUST-03718,Female,0,Yes,No,17,Yes,No,Fiber optic,No,Yes,Yes,No,No,Yes,One year,Yes,Credit card (automatic),76.71,1258.08,No
CUST-03719,Female,1,Yes,No,17,Yes,Yes,Fiber optic,Yes,No,Yes,No,Yes,No,Two year,Yes,Mailed check,76.96,1324.33,No
CUST-03720,Male,0,Yes,No,65,Yes,Yes,Fiber optic,No,No,No,No,No,No,Month-to-month,No,Electronic check,71.4,4192.26,No
CUST-03721,Female,0,No,Yes,38,Yes,Yes,No,No internet service,Yes,No,No,Yes,No,One year,No,Mailed check,21.76,895.06,No
CUST-03722,Female,0,No,Yes,66,Yes,Yes,No,Yes,Yes,No internet service,No internet service,Yes,No,Month-to-month,Yes,Electronic check,42.27,2644.46,No
CUST-03723,Female,0,No,No,19,Yes,Yes,Fiber optic,No,No internet service,No,No,No,No,Month-to-month,No,Bank transfer (automatic),78.26,1364.57,Yes
CUST-03724,Female,0,Yes,No,3,Yes,No,No,No internet service,No internet service,Yes,No,No,No,Month-to-month,Yes,Electronic check,82.29,254.98,Yes
CUST-03725,Male,0,Yes,No,4,Yes,Yes,No,Yes,Yes,Yes,Yes,No internet service,No,Two year,Yes,Electronic check,58.09,218.13,No
CUST-03726,Male,0,No,No,21,Yes,Yes,Fiber optic,No internet service,No internet service,Yes,No,No,Yes,Month-to-month,No,Bank transfer (automatic),82.7,1758.21,Yes
CUST-03727,Female,0,No,Yes,39,Yes,Yes,DSL,Yes,No internet service,Yes,No internet service,No,Yes,Two year,No,Electronic check,66.03,2445.88,No
CUST-03728,Male,0,No,No,28,Yes,Yes,Fiber optic,No,Yes,No internet service,No internet service,No,No,Two year,Yes,Electronic check,76.91,2009.6,No
CUST-03729,Male,0,No,No,22,Yes,Yes,No,Yes,No,No,No,Yes,No internet service,Month-to-month,Yes,Bank transfer (automatic),87.33,2011.56,Yes
CUST-03730,Male,0,No,No,71,Yes,No,DSL,No,No,No,No,Yes,No internet service,Month-to-month,No,Mailed check,74.24,5153.36,No
CUST-03731,Female,0,Yes,No,22,Yes,Yes,Fiber optic,Yes,Yes,No internet service,No,No,No,Month-to-month,Yes,Electronic check,68.89,1538.14,No
CUST-03732,Male,0,Yes,No,44,No,Yes,No,No internet service,Yes,No,No internet service,No,No,Two year,Yes,Electronic check,40.28,1671.7,No
CUST-03733,Female,1,No,No,68,Yes,Yes,Fiber optic,No internet service,No,No,Yes,No internet service,Yes,Month-to-month,Yes,Bank transfer (automatic),68.82,4728.82,No
CUST-03734,Male,0,Yes,Yes,39,No,No,No,No internet service,Yes,Yes,No,No,No internet service,Month-to-month,Yes,Bank transfer (automatic),27.04,1037.95,No
CUST-03735,Male,0,Yes,No,50,Yes,No,Fiber optic,No internet service,No internet service,No,No,Yes,No internet service,Month-to-month,Yes,Electronic check,29.53,1343.98,No
CUST-03736,Female,0,Yes,No,3,Yes,Yes,No,No,No,No,No,Yes,No,One year,Yes,Electronic check,79.54,249.44,No
CUST-03737,Female,0,Yes,No,10,Yes,Yes,No,No,No,No,No,No internet service,Yes,Month-to-month,Yes,Mailed check,60.88,615.18,Yes
CUST-03738,Male,0,Yes,No,61,Yes,No,Fiber optic,No internet service,No,No internet service,No,No internet service,No internet service,One year,Yes,Electronic check,47.64,3154.41,No
CUST-03739,Female,0,No,Yes,5,Yes,Yes,Fiber optic,No,No,No,No,No internet service,Yes,Month-to-month,No,Credit card (automatic),97.67,518.43,Yes
CUST-03740,Male,0,Yes,No,6,Yes,No,No,No internet service,No internet service,No internet service,No,No,No,Two year,Yes,Credit card (automatic),41.71,253.82,No
CUST-03741,Male,0,Yes,No,17,No,No,Fiber optic,No,No,No internet service,No internet service,No,No internet service,Month-to-month,Yes,Mailed check,34.22,528.58,No
CUST-03742,Male,0,No,Yes,4,Yes,No,Fiber optic,No,Yes,No,No,Yes,No internet service,One year,No,Bank transfer (automatic),24.67,103.65,No
CUST-03743,Female,0,Yes,No,66,Yes,Yes,Fiber optic,No,No,No,No,No,No,Month-to-month,Yes,Electronic check,51.36,3423.01,No
CUST-03744,Female,0,No,No,20,Yes,Yes,DSL,Yes,Yes,No internet service,Yes,No,Yes,Month-to-month,Yes,Credit card (automatic),31.98,682.46,No
CUST-03745,Female,0,Yes,Yes,38,Yes,Yes,No,No,No internet service,No,No,No internet service,No internet service,Month-to-month,Yes,Electronic check,23.89,921.94,No
CUST-03746,Male,0,No,Yes,34,Yes,Yes,Fiber optic,Yes,No,Yes,No internet service,Yes,No,Month-to-month,No,Credit card (automatic),68.78,2105.62,No
CUST-03747,Male,0,Yes,No,49,Yes,Yes,DSL,No internet service,Yes,No internet service,No,No,No internet service,Month-to-month,Yes,Mailed check,39.72,2068.86,No
CUST-03748,Female,0,No,Yes,64,Yes,Yes,Fiber optic,Yes,Yes,No,Yes,Yes,Yes,Two year,Yes,Electronic check,54.76,3714.41,No
CUST-03749,Female,0,Yes,Yes,23,Yes,Yes,Fiber optic,No internet service,Yes,Yes,No,No,No,One year,Yes,Bank transfer (automatic),26.28,556.01,No
CUST-03750,Male,0,Yes,No,57,Yes,Yes,No,No internet service,No,No,No,No internet service,No,One year,Yes,Electronic check,50.33,2974.28,No
CUST-03751,Female,0,No,Yes,21,Yes,Yes,Fiber optic,No,Yes,Yes,Yes,No,Yes,Month-to-month,Yes,Credit card (automatic),57.91,1222.46,No
CUST-03752,Male,0,Yes,Yes,15,Yes,Yes,DSL,No,No internet service,No,No,No,No internet service,One year,Yes,Mailed check,46.99,717.53,No
CUST-03753,Male,0,No,No,17,Yes,No,DSL,No,No,No,No,Yes,Yes,Month-to-month,No,Bank transfer (automatic),91.24,1671.86,Yes
CUST-03754,Male,0,Yes,No,8,Yes,No,Fiber optic,No,No,No internet service,Yes,No internet service,Yes,One year,Yes,Electronic check,74.02,562.5,Yes
CUST-03755,Male,0,No,Yes,21,Yes,Yes,No,No,Yes,No,No,Yes,No internet service,Month-to-month,No,Credit card (automatic),98.55,1868.04,Yes
CUST-03756,Male,0,No,Yes,56,No,Yes,Fiber optic,No,No,Yes,No,Yes,No,Month-to-month,No,Electronic check,26.94,1420.71,No
CUST-03757,Female,0,No,Yes,61,Yes,Yes,No,Yes,No,No,No internet service,No internet service,Yes,Two year,Yes,Electronic check,49.74,3286.05,No
CUST-03758,Male,0,Yes,No,38,Yes,No,DSL,No internet service,No,No,Yes,No,No,Two year,Yes,Credit card (automatic),28.33,1014.41,No
CUST-03759,Female,0,Yes,No,30,Yes,No,Fiber optic,No,No,No,No internet service,Yes,Yes,Month-to-month,Yes,Credit card (automatic),33.41,1037.28,No
CUST-03760,Female,0,Yes,Yes,1,Yes,No,No,No,Yes,Yes,Yes,No,Yes,Two year,Yes,Bank transfer (automatic),99.43,105.19,Yes
CUST-03761,Female,0,Yes,No,65,Yes,No,Fiber optic,No,No,Yes,No,No internet service,Yes,Month-to-month,Yes,Electronic check,68.15,4707.24,No
CUST-03762,Female,0,No,No,26,Yes,Yes,Fiber optic,No,No,No,No internet service,No internet service,No,Month-to-month,No,Electronic check,94.67,2220.42,Yes
CUST-03763,Female,0,Yes,No,55,Yes,Yes,DSL,No,No,No,No internet service,No internet service,No,Month-to-month,Yes,Credit card (automatic),53.16,2636.92,No
CUST-03764,Male,0,Yes,No,45,Yes,Yes,No,Yes,No internet service,Yes,No internet service,No,No internet service,Month-to-month,Yes,Mailed check,54.98,2716.07,No
CUST-03765,Female,0,Yes,No,67,Yes,No,No,No,Yes,No,Yes,No internet service,No internet service,Month-to-month,Yes,Credit card (automatic),43.78,2949.35,No
CUST-03766,Male,0,Yes,No,70,Yes,Yes,Fiber optic,No,No,Yes,No,No internet service,No internet service,Month-to-month,Yes,Mailed check,37.91,2422.14,No
CUST-03767,Male,0,Yes,Yes,51,Yes,No,No,Yes,No internet service,No,Yes,Yes,No internet service,Month-to-month,Yes,Mailed check,42.95,1983.15,No
CUST-03768,Male,1,Yes,Yes,47,Yes,No,DSL,Yes,No,No internet service,No,No internet service,Yes,Month-to-month,No,Bank transfer (automatic),52.09,2600.4,No
CUST-03769,Male,0,No,Yes,10,Yes,No,Fiber optic,No,No,No,No,Yes,No,Month-to-month,No,Mailed check,41.51,448.72,No
CUST-03770,Male,0,Yes,No,2,Yes,Yes,DSL,No,Yes,Yes,No internet service,Yes,Yes,Month-to-month,Yes,Credit card (automatic),28.2,56.68,No
CUST-03771,Female,0,Yes,No,39,Yes,No,DSL,No,Yes,No,Yes,No internet service,No,Month-to-month,Yes,Electronic check,74.82,2843.11,No
CUST-03772,Male,0,No,Yes,51,Yes,No,Fiber optic,No internet service,No,No,No internet service,No,No,Month-to-month,No,Electronic check,63.94,3392.91,No
CUST-03773,Male,0,Yes,Yes,16,Yes,No,Fiber optic,Yes,No,Yes,No,No internet service,No internet service,Two year,No,Electronic check,59.5,861.06,Yes
CUST-03774,Female,1,No,No,18,Yes,No phone service,Fiber optic,No,No,Yes,No internet service,No,Yes,Month-to-month,Yes,Credit card (automatic),74.34,1444.88,No
CUST-03775,Female,0,No,No,18,Yes,Yes,Fiber optic,No internet service,No,Yes,Yes,No,No,Two year,No,Bank transfer (automatic),98.46,1685.82,Yes
CUST-03776,Male,0,No,No,28,No,No,Fiber optic,No,Yes,No internet service,No,No internet service,No internet service,Two year,Yes,Electronic check,84.44,2218.16,Yes
CUST-03777,Male,0,No,No,7,Yes,Yes,Fiber optic,No,No,No,No,No,No,Two year,Yes,Credit card (automatic),30.39,204.68,No
CUST-03778,Male,1,No,No,28,Yes,No phone service,Fiber optic,No internet service,No,No,No,No internet service,No internet service,Month-to-month,No,Credit card (automatic),75.98,1941.81,No
CUST-03779,Male,0,Yes,Yes,68,No,No,Fiber optic,No,Yes,No,No,No internet service,No internet service,Two year,Yes,Mailed check,33.28,2213.05,No
CUST-03780,Female,0,Yes,No,15,Yes,No phone service,Fiber optic,Yes,No internet service,Yes,No internet service,No,No,One year,Yes,Mailed check,67.22,1051.61,No
CUST-03781,Female,0,Yes,No,21,Yes,Yes,Fiber optic,No,No,No,Yes,No internet service,No,Month-to-month,Yes,Electronic check,56.44,1184.81,Yes
CUST-03782,Male,1,Yes,No,34,Yes,Yes,Fiber optic,No,Yes,Yes,No internet service,No internet service,Yes,One year,Yes,Credit card (automatic),51.09,1795.42,No
CUST-03783,Male,0,No,Yes,49,Yes,Yes,Fiber optic,Yes,No,No internet service,Yes,Yes,Yes,Month-to-month,No,Mailed check,41.94,1937.42,No
CUST-03784,Female,0,No,No,19,Yes,No,Fiber optic,No,No internet service,No,No,No,Yes,One year,No,Credit card (automatic),25.58,476.09,No
CUST-03785,Male,0,No,No,57,Yes,Yes,No,No,Yes,No,Yes,No,Yes,One year,No,Bank transfer (automatic),62.64,3584.39,No
CUST-03786,Female,0,Yes,No,17,Yes,Yes,Fiber optic,Yes,No internet service,No,No,Yes,No,One year,No,Bank transfer (automatic),43.69,753.51,No
CUST-03787,Female,0,No,Yes,26,Yes,No,Fiber optic,Yes,No,Yes,No,No,No internet service,One year,Yes,Electronic check,96.92,2361.87,Yes
CUST-03788,Male,0,No,Yes,29,Yes,No phone service,No,No,Yes,No,No,No internet service,Yes,Month-to-month,Yes,Bank transfer (automatic),59.0,1816.28,Yes
CUST-03789,Female,0,Yes,No,18,Yes,No,Fiber optic,No,No,Yes,No internet service,No,No,One year,Yes,Electronic check,97.92,1618.11,Yes
CUST-03790,Male,0,No,Yes,55,Yes,Yes,No,No,No,No internet service,No,No internet service,No internet service,One year,Yes,Electronic check,61.54,3112.76,No
CUST-03791,Male,0,No,No,48,Yes,No,Fiber optic,No,No internet service,No internet service,No,No,No internet service,Two year,No,Credit card (automatic),51.76,2360.11,No
CUST-03792,Female,0,Yes,No,60,Yes,No phone service,No,No internet service,No internet service,No,No internet service,No,No internet service,Two year,Yes,Electronic check,49.78,3078.96,No
CUST-03793,Male,0,No,No,20,Yes,Yes,Fiber optic,No,No,No internet service,No internet service,No,Yes,Two year,Yes,Mailed check,40.22,736.36,No
CUST-03794,Male,0,Yes,No,29,Yes,No,Fiber optic,No,No,No,No internet service,Yes,No,Month-to-month,No,Electronic check,40.54,1059.91,No
CUST-03795,Female,0,No,No,64,Yes,No,No,No,Yes,Yes,No,No,No,One year,No,Electronic check,24.11,1534.46,No
CUST-03796,Female,0,No,No,13,Yes,No,No,No,No,Yes,No internet service,No internet service,Yes,Two year,Yes,Electronic check,92.28,1162.85,Yes
CUST-03797,Male,0,Yes,Yes,21,Yes,Yes,DSL,No,No internet service,No,Yes,No internet service,No,Two year,No,Mailed check,63.07,1233.54,Yes
CUST-03798,Male,0,Yes,No,35,Yes,No phone service,DSL,No internet service,No internet service,Yes,No internet service,Yes,Yes,Month-to-month,Yes,Mailed check,20.09,725.08,No
CUST-03799,Male,0,No,No,32,Yes,Yes,Fiber optic,No,Yes,No,No,No internet service,No,Month-to-month,Yes,Electronic check,21.86,719.31,No
CUST-03800,Female,0,No,No,31,Yes,No,Fiber optic,No,No,Yes,Yes,No,No,Month-to-month,No,Mailed check,32.21,923.0,No
CUST-03801,Male,0,No,Yes,9,Yes,No,DSL,Yes,No internet service,No internet service,No internet service,Yes,Yes,One year,Yes,Mailed check,61.19,520.95,Yes
CUST-03802,Male,0,Yes,No,14,Yes,Yes,DSL,No internet service,No,No internet service,No internet service,Yes,No,Month-to-month,No,Bank transfer (automatic),60.87,829.17,No
CUST-03803,Female,0,No,Yes,64,Yes,Yes,Fiber optic,No,Yes,No,No,Yes,No internet service,One year,No,Electronic check,45.24,3179.13,No
CUST-03804,Male,0,Yes,Yes,5,Yes,Yes,Fiber optic,No internet service,Yes,No,No,No,Yes,Two year,No,Electronic check,97.69,514.69,Yes
CUST-03805,Male,0,Yes,No,13,Yes,No,DSL,Yes,No internet service,No,No internet service,Yes,No,Two year,No,Credit card (automatic),54.61,686.81,No
CUST-03806,Female,0,No,No,8,No,Yes,Fiber optic,No,No,No internet service,Yes,Yes,No,One year,Yes,Electronic check,55.03,481.22,Yes
CUST-03807,Female,0,Yes,No,19,Yes,Yes,DSL,No,No internet service,No internet service,No internet service,No,No,Month-to-month,No,Mailed check,70.7,1331.19,No
CUST-03808,Female,0,Yes,Yes,9,Yes,No,Fiber optic,No internet service,Yes,No,No,No internet service,No internet service,Month-to-month,Yes,Credit card (automatic),62.5,549.04,Yes
CUST-03809,Male,0,Yes,No,29,Yes,No,No,No internet service,No,Yes,No,No internet service,No internet service,Month-to-month,Yes,Bank transfer (automatic),69.41,2191.75,No
CUST-03810,Male,0,Yes,No,57,Yes,No,Fiber optic,No,No internet service,No,No,No,Yes,Month-to-month,No,Credit card (automatic),70.65,4217.27,No
CUST-03811,Female,0,Yes,No,6,Yes,Yes,No,No,No,No,Yes,No internet service,Yes,Month-to-month,Yes,Credit card (automatic),97.43,590.17,Yes
CUST-03812,Female,0,Yes,No,23,Yes,No,No,No,No,No internet service,Yes,Yes,No,Month-to-month,Yes,Mailed check,83.52,1959.65,Yes
CUST-03813,Female,0,No,No,17,Yes,Yes,Fiber optic,Yes,Yes,No internet service,No,No internet service,Yes,Month-to-month,Yes,Bank transfer (automatic),67.04,1247.45,Yes
CUST-03814,Female,0,Yes,No,19,Yes,Yes,DSL,No,Yes,No,No,No,No,Month-to-month,Yes,Electronic check,63.63,1125.04,No
CUST-03815,Male,0,Yes,Yes,12,No,Yes,DSL,No internet service,Yes,Yes,Yes,Yes,No,Two year,Yes,Mailed check,97.83,1138.07,Yes
CUST-03816,Male,0,No,No,20,Yes,No phone service,No,No,No,No,No,Yes,Yes,Month-to-month,No,Mailed check,57.66,1134.98,Yes
CUST-03817,Female,1,Yes,No,10,Yes,Yes,Fiber optic,No,No,No internet service,No,Yes,Yes,Month-to-month,No,Electronic check,74.76,820.07,No
CUST-03818,Female,0,No,No,28,Yes,Yes,Fiber optic,No internet service,No internet service,No,No,Yes,Yes,Month-to-month,Yes,Mailed check,64.76,1662.49,Yes
CUST-03819,Male,0,Yes,No,17,Yes,No,DSL,Yes,No internet service,No,No,No,No,Month-to-month,No,Credit card (automatic),61.89,970.41,Yes
CUST-03820,Male,0,Yes,Yes,5,Yes,No,DSL,Yes,Yes,No internet service,Yes,No,No,Month-to-month,Yes,Electronic check,44.33,218.78,No
CUST-03821,Female,1,No,No,16,Yes,No,No,No,Yes,Yes,No internet service,No,No,Two year,Yes,Bank transfer (automatic),55.08,822.98,Yes
CUST-03822,Female,1,No,No,25,Yes,No,No,No,Yes,Yes,Yes,No,No internet service,Month-to-month,No,Bank transfer (automatic),88.35,2290.4,Yes
CUST-03823,Female,1,Yes,No,18,No,No,DSL,No,No,No internet service,No internet service,Yes,No internet service,One year,No,Bank transfer (automatic),52.7,922.17,No
CUST-03824,Female,0,Yes,Yes,46,Yes,Yes,Fiber optic,No,No,No internet service,No,No,No,Month-to-month,Yes,Electronic check,50.31,2474.5,No
CUST-03825,Male,1,Yes,No,70,No,No,Fiber optic,No,No,No,No,No internet service,No,Month-to-month,Yes,Electronic check,49.43,3632.14,No
CUST-03826,Male,0,No,No,18,Yes,Yes,Fiber optic,No internet service,No internet service,No internet service,No,No internet service,No,Month-to-month,Yes,Mailed check,21.1,377.58,No
CUST-03827,Female,0,No,No,50,Yes,Yes,Fiber optic,No,Yes,No,No,No,Yes,Month-to-month,Yes,Electronic check,46.71,2496.64,No
CUST-03828,Male,0,No,No,32,Yes,Yes,No,No,No,Yes,No internet service,No,No,One year,Yes,Electronic check,21.74,640.14,No
CUST-03829,Female,0,No,Yes,21,Yes,No,Fiber optic,No internet service,No internet service,No,Yes,No,No internet service,Month-to-month,No,Electronic check,44.29,945.18,No
CUST-03830,Male,0,No,No,68,Yes,No,Fiber optic,No,Yes,No internet service,No internet service,No,Yes,Month-to-month,Yes,Mailed check,58.82,4083.86,No
CUST-03831,Male,0,Yes,Yes,47,Yes,Yes,Fiber optic,Yes,No internet service,No,No internet service,No,Yes,Two year,Yes,Mailed check,27.55,1229.08,No
CUST-03832,Male,0,No,Yes,32,Yes,Yes,No,No,No,Yes,No internet service,Yes,Yes,Month-to-month,No,Mailed check,75.01,2184.11,No
CUST-03833,Male,0,No,No,58,Yes,Yes,Fiber optic,No,Yes,No,No internet service,Yes,No,Month-to-month,No,Electronic check,57.83,3377.75,No
CUST-03834,Female,0,No,No,25,Yes,No,No,No,No,Yes,Yes,No internet service,No,Two year,Yes,Bank transfer (automatic),98.0,2456.7,Yes
CUST-03835,Female,0,Yes,No,28,Yes,Yes,No,No,Yes,Yes,No internet service,No,Yes,Month-to-month,Yes,Electronic check,69.15,1995.68,Yes
CUST-03836,Female,0,No,Yes,62,No,Yes,DSL,No,No,No,No,Yes,No,Two year,Yes,Mailed check,25.81,1508.34,No
CUST-03837,Male,0,No,No,23,Yes,No,Fiber optic,Yes,No,No,No,No,No internet service,One year,Yes,Credit card (automatic),21.32,458.94,No
CUST-03838,Female,0,No,No,25,Yes,Yes,DSL,Yes,Yes,No,Yes,No,No,One year,Yes,Mailed check,74.95,2052.85,No
CUST-03839,Female,0,Yes,No,1,Yes,No,No,No,No,No,Yes,Yes,No,Month-to-month,No,Electronic check,87.99,81.19,Yes
CUST-03840,Male,1,No,No,21,Yes,No phone service,DSL,No,No internet service,No,Yes,No internet service,No,Two year,Yes,Credit card (automatic),61.87,1429.04,Yes
CUST-03841,Male,0,No,No,58,Yes,Yes,DSL,Yes,No internet service,Yes,Yes,Yes,No,Month-to-month,No,Bank transfer (automatic),57.33,3471.43,No
CUST-03842,Female,0,Yes,No,47,Yes,Yes,DSL,Yes,No internet service,No,No,No,No internet service,Month-to-month,No,Electronic check,74.41,3587.72,No
CUST-03843,Female,0,Yes,No,6,Yes,Yes,No,Yes,Yes,No,No internet service,Yes,No,One year,Yes,Bank transfer (automatic),66.29,385.0,Yes
CUST-03844,Male,0,No,Yes,55,Yes,No,No,Yes,No,No,No,No internet service,No,Month-to-month,Yes,Electronic check,23.49,1386.99,No
CUST-03845,Male,0,No,No,23,No,No,Fiber optic,No,No,No,Yes,Yes,Yes,One year,No,Credit card (automatic),65.51,1630.3,Yes
CUST-03846,Female,0,No,No,1,Yes,Yes,Fiber optic,No internet service,Yes,Yes,No internet service,No,No internet service,Month-to-month,Yes,Credit card (automatic),64.41,67.27,Yes
CUST-03847,Male,1,No,No,21,Yes,Yes,Fiber optic,No internet service,No internet service,Yes,No,Yes,No,Month-to-month,Yes,Credit card (automatic),55.52,1214.86,Yes
CUST-03848,Female,0,No,No,19,Yes,Yes,Fiber optic,No,No,No,No,No,No,Month-to-month,No,Credit card (automatic),67.69,1284.35,Yes
CUST-03849,Female,1,Yes,No,65,Yes,Yes,DSL,No,Yes,Yes,No,No,Yes,Month-to-month,No,Bank transfer (automatic),35.99,2141.83,No
CUST-03850,Male,0,No,No,13,Yes,No,DSL,No,No internet service,Yes,Yes,No internet service,No,Month-to-month,Yes,Electronic check,67.85,970.08,No
CUST-03851,Female,0,No,No,29,Yes,No,Fiber optic,Yes,No,No internet service,No,Yes,Yes,Two year,No,Electronic check,80.64,2111.98,Yes
CUST-03852,Female,0,Yes,No,44,Yes,No,DSL,No,No internet service,No,Yes,No internet service,No,Month-to-month,Yes,Bank transfer (automatic),67.49,2966.83,No
CUST-03853,Male,0,Yes,No,61,Yes,Yes,Fiber optic,No,No,Yes,No,Yes,Yes,Month-to-month,Yes,Electronic check,43.6,2588.93,No
CUST-03854,Female,0,Yes,Yes,56,Yes,No,No,Yes,No internet service,No internet service,No internet service,Yes,No,Month-to-month,No,Electronic check,20.31,1200.17,No
CUST-03855,Female,0,No,No,23,Yes,Yes,Fiber optic,No internet service,No internet service,No,No,No internet service,No,Two year,Yes,Mailed check,74.15,1785.87,Yes
CUST-03856,Male,0,Yes,No,54,Yes,Yes,Fiber optic,Yes,No internet service,No,No,Yes,No,One year,No,Mailed check,46.81,2592.48,No
CUST-03857,Male,0,No,No,25,Yes,No,DSL,No,No internet service,No,No internet service,No internet service,Yes,Month-to-month,Yes,Mailed check,63.48,1452.02,No
CUST-03858,Female,0,Yes,No,42,Yes,Yes,Fiber optic,No,No,No,No,No internet service,No,Month-to-month,No,Electronic check,72.71,2893.1,No
CUST-03859,Male,0,No,Yes,65,Yes,No phone service,DSL,No,No internet service,No,Yes,No,No internet service,Month-to-month,No,Bank transfer (automatic),22.06,1317.51,No
CUST-03860,Male,1,No,Yes,6,Yes,No,DSL,No,No,No,No internet service,Yes,No,Month-to-month,Yes,Credit card (automatic),60.61,398.5,Yes
CUST-03861,Female,1,No,Yes,18,Yes,No,No,No,Yes,No,Yes,Yes,No,Month-to-month,No,Credit card (automatic),88.88,1480.74,Yes
CUST-03862,Male,0,Yes,No,2,Yes,No,No,Yes,No,No,No,Yes,No,Month-to-month,No,Electronic check,25.88,56.6,No
CUST-03863,Female,0,Yes,Yes,2,Yes,Yes,Fiber optic,No,Yes,No,No internet service,No,No,Month-to-month,Yes,Credit card (automatic),83.02,153.18,Yes
CUST-03864,Female,1,Yes,No,3,Yes,Yes,Fiber optic,No,Yes,No internet service,No,No,No internet service,Month-to-month,Yes,Electronic check,98.88,318.13,Yes
CUST-03865,Male,0,Yes,No,1,Yes,No,DSL,Yes,No,No,No internet service,No,No,One year,No,Electronic check,70.67,71.72,Yes
CUST-03866,Female,1,Yes,No,40,Yes,No,Fiber optic,No,Yes,No internet service,No,Yes,Yes,One year,Yes,Electronic check,61.24,2612.12,No
CUST-03867,Female,0,No,No,30,No,No phone service,DSL,No,Yes,No internet service,No internet service,Yes,Yes,Month-to-month,No,Electronic check,75.17,2315.55,No
CUST-03868,Male,0,No,No,28,Yes,No,No,No,Yes,Yes,No,Yes,Yes,Two year,No,Bank transfer (automatic),65.59,1935.26,Yes
CUST-03869,Female,0,Yes,No,4,Yes,No,No,Yes,No,No,No internet service,No internet service,Yes,Month-to-month,Yes,Electronic check,57.38,240.12,Yes
CUST-03870,Male,0,Yes,No,3,No,No phone service,DSL,No,No,No,No,Yes,No,Two year,Yes,Electronic check,82.72,236.26,Yes
CUST-03871,Male,0,No,No,7,Yes,Yes,Fiber optic,No,Yes,Yes,No,Yes,No,Two year,Yes,Mailed check,63.36,482.11,No
CUST-03872,Male,0,Yes,Yes,23,Yes,Yes,DSL,No,No,No,No,Yes,Yes,Month-to-month,Yes,Mailed check,86.3,2041.92,Yes
CUST-03873,Female,0,No,No,35,Yes,Yes,DSL,No,Yes,Yes,Yes,No,No,One year,No,Electronic check,49.38,1625.32,No
CUST-03874,Female,0,No,No,66,Yes,No,DSL,Yes,No,No,Yes,Yes,No internet service,Two year,Yes,Electronic check,29.63,1879.72,No
CUST-03875,Male,0,No,Yes,34,Yes,No,DSL,No,Yes,No,Yes,Yes,Yes,Month-to-month,Yes,Electronic check,56.16,1922.06,No
CUST-03876,Male,0,Yes,Yes,23,Yes,Yes,No,Yes,Yes,Yes,No,No,Yes,Month-to-month,Yes,Bank transfer (automatic),83.19,2059.49,Yes
CUST-03877,Female,0,No,No,50,Yes,Yes,DSL,No,No,No internet service,Yes,Yes,Yes,Month-to-month,Yes,Electronic check,36.6,1938.61,No
CUST-03878,Female,0,No,No,5,Yes,No,Fiber optic,No internet service,No internet service,No internet service,No internet service,No,Yes,Two year,No,Credit card (automatic),66.85,321.02,No
CUST-03879,Female,0,Yes,No,25,Yes,No phone service,Fiber optic,No,No,No,No internet service,No internet service,Yes,Month-to-month,No,Credit card (automatic),48.42,1256.13,No
CUST-03880,Female,1,No,Yes,47,Yes,Yes,Fiber optic,No internet service,No,No internet service,Yes,No,Yes,Two year,Yes,Mailed check,62.38,2639.65,No
CUST-03881,Male,0,Yes,No,19,Yes,No,DSL,No,Yes,Yes,Yes,Yes,No,Month-to-month,No,Electronic check,58.39,1072.28,No
CUST-03882,Male,0,Yes,Yes,16,Yes,Yes,No,No internet service,Yes,No,No internet service,Yes,Yes,Two year,Yes,Electronic check,64.36,1099.7,Yes
CUST-03883,Male,1,No,No,33,Yes,Yes,DSL,No internet service,No,Yes,No internet service,No internet service,No internet service,Month-to-month,Yes,Mailed check,37.56,1153.01,No
CUST-03884,Female,1,No,Yes,68,Yes,Yes,Fiber optic,No internet service,No,Yes,No internet service,No,Yes,One year,Yes,Credit card (automatic),32.26,2129.36,No
CUST-03885,Male,0,Yes,No,21,Yes,No,DSL,No,No,No,No,No,No internet service,One year,No,Electronic check,64.76,1224.25,No
CUST-03886,Male,0,No,No,65,Yes,Yes,No,No internet service,No internet service,No,No,No internet service,No,Month-to-month,Yes,Electronic check,58.52,3441.02,No
CUST-03887,Male,0,No,No,45,Yes,No,DSL,No,No internet service,No internet service,No,Yes,Yes,Month-to-month,Yes,Electronic check,36.86,1541.27,No
CUST-03888,Male,0,Yes,No,12,Yes,Yes,No,No internet service,Yes,No,No,Yes,Yes,Month-to-month,Yes,Mailed check,81.05,895.15,Yes
CUST-03889,Female,0,Yes,No,12,Yes,Yes,Fiber optic,No,Yes,No internet service,No,No,No,Two year,Yes,Mailed check,68.62,821.75,No
CUST-03890,Male,1,Yes,Yes,2,Yes,No,No,Yes,No internet service,No,No internet service,No,No,Two year,No,Electronic check,27.61,59.64,No
CUST-03891,Female,0,Yes,Yes,52,No,No phone service,No,No internet service,No internet service,No,No internet service,No,No internet service,Month-to-month,Yes,Credit card (automatic),29.75,1418.49,No
CUST-03892,Male,0,Yes,No,35,Yes,Yes,Fiber optic,No,Yes,No,No,No,Yes,Month-to-month,No,Credit card (automatic),52.64,1978.68,No
CUST-03893,Female,1,No,Yes,22,Yes,No,Fiber optic,No,No internet service,No internet service,No internet service,Yes,No,Month-to-month,Yes,Electronic check,26.14,594.42,No
CUST-03894,Female,1,Yes,No,64,Yes,No,Fiber optic,No internet service,No,Yes,No internet service,Yes,No,Month-to-month,Yes,Credit card (automatic),77.86,4653.06,No
CUST-03895,Female,0,No,No,24,Yes,No,No,No internet service,No,No,No internet service,No,No internet service,Month-to-month,Yes,Electronic check,58.28,1339.9,No
CUST-03896,Female,0,Yes,No,31,Yes,Yes,Fiber optic,No,No,Yes,No internet service,No internet service,No,Month-to-month,Yes,Electronic check,23.97,697.62,No
CUST-03897,Male,0,Yes,Yes,52,Yes,Yes,No,No,Yes,No,Yes,No,No,Month-to-month,Yes,Bank transfer (automatic),46.61,2563.96,No
CUST-03898,Female,0,No,No,69,Yes,Yes,DSL,Yes,No,Yes,No,Yes,No internet service,Month-to-month,Yes,Credit card (automatic),33.32,2402.58,No
CUST-03899,Female,0,Yes,No,64,Yes,Yes,DSL,No,No,No,No internet service,No,Yes,Month-to-month,Yes,Mailed check,49.43,3039.77,No
CUST-03900,Male,0,Yes,No,25,No,No phone service,DSL,No,No,Yes,No,No,No,Month-to-month,No,Credit card (automatic),75.14,1711.06,Yes
CUST-03901,Male,0,Yes,No,24,Yes,Yes,Fiber optic,No,Yes,Yes,Yes,Yes,Yes,Two year,No,Credit card (automatic),84.73,1898.8,Yes
CUST-03902,Female,0,No,No,8,Yes,No,No,No,No,No,No internet service,Yes,No internet service,Two year,No,Bank transfer (automatic),63.27,519.31,No
CUST-03903,Male,0,No,No,2,Yes,Yes,DSL,No,Yes,Yes,No internet service,No internet service,No internet service,Two year,Yes,Credit card (automatic),65.22,119.75,Yes
CUST-03904,Female,0,No,No,37,No,Yes,Fiber optic,Yes,No,Yes,No,No internet service,No,One year,Yes,Credit card (automatic),31.88,1188.16,No
CUST-03905,Male,0,No,No,10,Yes,No,Fiber optic,No,No internet service,No,No internet service,No,No internet service,Two year,No,Electronic check,43.12,440.94,No
CUST-03906,Female,0,No,Yes,50,Yes,No,Fiber optic,Yes,No,No,No,Yes,No internet service,Month-to-month,No,Bank transfer (automatic),68.33,3544.79,No
CUST-03907,Female,1,No,No,67,Yes,Yes,DSL,No,No,No,No internet service,No,Yes,One year,No,Bank transfer (automatic),42.43,2629.8,No
CUST-03908,Female,0,No,No,16,Yes,Yes,DSL,No,No,No,Yes,Yes,No,One year,No,Mailed check,66.02,1047.81,Yes
CUST-03909,Female,0,Yes,Yes,59,Yes,Yes,Fiber optic,No,No,No,No,Yes,Yes,Month-to-month,No,Electronic check,79.16,4636.25,No
CUST-03910,Female,0,No,Yes,25,Yes,No phone service,DSL,No,No internet service,Yes,No,No internet service,Yes,Two year,No,Mailed check,66.25,1767.31,No
CUST-03911,Male,0,No,No,29,Yes,Yes,Fiber optic,No internet service,No internet service,No,No,No,No,Month-to-month,Yes,Electronic check,71.65,2064.85,No
CUST-03912,Female,0,No,No,51,Yes,Yes,DSL,No,No,Yes,Yes,No internet service,Yes,One year,No,Credit card (automatic),44.42,2223.19,No
CUST-03913,Female,0,Yes,No,18,Yes,Yes,DSL,No internet service,No,Yes,Yes,No internet service,No,One year,Yes,Bank transfer (automatic),55.16,918.11,No
CUST-03914,Male,1,Yes,Yes,12,Yes,No,DSL,No,Yes,No internet service,No internet service,No,Yes,One year,Yes,Bank transfer (automatic),47.03,586.31,No
CUST-03915,Female,0,Yes,No,69,Yes,Yes,Fiber optic,No,Yes,No,Yes,No,No,Two year,Yes,Electronic check,47.02,3322.11,No
CUST-03916,Male,1,Yes,Yes,25,Yes,Yes,No,Yes,Yes,No,No,Yes,Yes,Month-to-month,Yes,Electronic check,27.66,721.5,No
CUST-03917,Female,0,No,No,13,Yes,No,Fiber optic,No,No,No,No,Yes,No,Month-to-month,Yes,Bank transfer (automatic),70.53,945.55,No
CUST-03918,Male,0,Yes,No,49,Yes,No,Fiber optic,No,Yes,No,No internet service,Yes,Yes,Month-to-month,Yes,Electronic check,43.43,2287.8,No
CUST-03919,Male,1,Yes,Yes,29,Yes,Yes,Fiber optic,No,No,No internet service,No internet service,Yes,No,Month-to-month,Yes,Bank transfer (automatic),86.83,2708.11,Yes
CUST-03920,Male,0,Yes,No,56,Yes,Yes,DSL,No,Yes,No internet service,Yes,Yes,Yes,Month-to-month,No,Electronic check,71.42,3845.69,No
CUST-03921,Male,0,No,Yes,6,No,No,Fiber optic,No,No internet service,Yes,Yes,Yes,Yes,Two year,No,Bank transfer (automatic),66.41,373.15,No
CUST-03922,Male,0,Yes,No,37,Yes,Yes,Fiber optic,No internet service,Yes,No,Yes,No internet service,Yes,Month-to-month,Yes,Electronic check,31.89,1280.57,No
CUST-03923,Male,0,No,No,29,Yes,Yes,No,No,No internet service,Yes,No,No internet service,Yes,Month-to-month,Yes,Bank transfer (automatic),57.11,1726.76,No
CUST-03924,Male,0,No,No,68,No,Yes,DSL,No internet service,Yes,No,No,Yes,No,Month-to-month,Yes,Mailed check,49.74,3700.92,No
CUST-03925,Female,1,No,No,38,Yes,No,Fiber optic,No internet service,Yes,No internet service,Yes,Yes,No,Month-to-month,No,Electronic check,35.61,1352.36,No
CUST-03926,Male,0,Yes,No,66,Yes,No,DSL,No,No internet service,Yes,No,No,Yes,Month-to-month,No,Electronic check,22.45,1618.68,No
CUST-03927,Female,1,Yes,No,18,Yes,Yes,Fiber optic,No,No,Yes,No,Yes,Yes,Two year,Yes,Credit card (automatic),57.79,961.73,No
CUST-03928,Male,0,No,No,34,Yes,No,Fiber optic,No,Yes,No internet service,No,No internet service,No internet service,Two year,Yes,Bank transfer (automatic),66.79,2311.9,No
CUST-03929,Male,0,No,No,58,Yes,No phone service,No,No,No internet service,No,No,No internet service,Yes,Month-to-month,No,Credit card (automatic),76.5,4434.1,No
CUST-03930,Male,0,No,Yes,12,Yes,No,Fiber optic,Yes,No,No,Yes,No,Yes,Month-to-month,No,Electronic check,41.3,446.3,No
CUST-03931,Male,0,No,No,66,Yes,No,Fiber optic,No,No,No,No,Yes,Yes,One year,Yes,Credit card (automatic),43.95,2722.54,No
CUST-03932,Male,1,Yes,No,55,Yes,Yes,DSL,No,No,Yes,No,No internet service,No,One year,Yes,Bank transfer (automatic),29.78,1524.38,No
CUST-03933,Female,0,No,No,49,No,Yes,DSL,No,No,No,No,Yes,No internet service,Month-to-month,Yes,Electronic check,79.08,3534.55,No
CUST-03934,Female,0,Yes,No,18,Yes,No,DSL,Yes,Yes,Yes,Yes,No,No,Two year,Yes,Mailed check,70.98,1392.15,No
CUST-03935,Female,0,No,No,59,Yes,Yes,DSL,No,No internet service,Yes,Yes,Yes,Yes,Month-to-month,Yes,Bank transfer (automatic),77.46,4995.5,No
CUST-03936,Male,0,No,Yes,60,Yes,Yes,Fiber optic,No internet service,No internet service,Yes,No internet service,No,No,One year,No,Electronic check,49.72,3216.93,No
CUST-03937,Male,0,Yes,No,21,Yes,Yes,Fiber optic,No internet service,No,No internet service,Yes,Yes,Yes,Month-to-month,No,Bank transfer (automatic),32.59,751.31,No
CUST-03938,Female,0,Yes,No,42,Yes,No phone service,Fiber optic,No internet service,No,Yes,Yes,No,No,Two year,Yes,Mailed check,54.39,2435.45,No
CUST-03939,Female,0,No,Yes,16,Yes,Yes,No,No,No internet service,No,Yes,No,No,Month-to-month,Yes,Credit card (automatic),78.35,1361.96,Yes
CUST-03940,Male,0,Yes,Yes,28,Yes,Yes,Fiber optic,Yes,Yes,No internet service,No,No,No,Two year,Yes,Bank transfer (automatic),40.87,1075.16,No
CUST-03941,Female,1,No,Yes,18,Yes,No phone service,No,No internet service,No internet service,No internet service,No internet service,No,Yes,Month-to-month,Yes,Electronic check,98.26,1682.68,Yes
CUST-03942,Female,0,Yes,No,3,Yes,Yes,No,No internet service,No internet service,No,No internet service,Yes,Yes,Two year,No,Bank transfer (automatic),77.1,248.05,Yes
CUST-03943,Female,0,Yes,No,8,Yes,No,DSL,Yes,No,Yes,No,Yes,Yes,Two year,Yes,Mailed check,63.57,506.47,Yes
CUST-03944,Male,0,Yes,No,20,Yes,Yes,No,No,No,No,No,Yes,No,Two year,No,Electronic check,67.19,1402.11,Yes
CUST-03945,Male,0,Yes,No,49,Yes,Yes,Fiber optic,No,No,No,Yes,No,Yes,Month-to-month,Yes,Electronic check,63.38,3144.07,No
CUST-03946,Male,0,No,No,66,Yes,Yes,No,No,No internet service,No internet service,No,Yes,No internet service,Month-to-month,Yes,Electronic check,65.63,4163.2,No
CUST-03947,Female,0,Yes,Yes,27,Yes,No phone service,No,No,No internet service,No,Yes,No,Yes,Month-to-month,No,Credit card (automatic),75.91,1961.37,Yes
CUST-03948,Female,0,Yes,No,16,No,Yes,No,No internet service,No,No internet service,Yes,No,Yes,Month-to-month,No,Credit card (automatic),64.07,1076.0,No
CUST-03949,Female,0,Yes,No,16,Yes,No,Fiber optic,Yes,No internet service,Yes,No,No internet service,No,Month-to-month,No,Electronic check,44.38,714.64,No
CUST-03950,Male,0,Yes,No,18,Yes,No,Fiber optic,No internet service,Yes,No internet service,No internet service,Yes,No,Two year,No,Electronic check,89.77,1570.42,Yes
CUST-03951,Female,0,Yes,Yes,7,Yes,No,Fiber optic,Yes,No,No,No,No,No,One year,No,Electronic check,87.32,625.55,Yes
CUST-03952,Female,0,No,No,3,Yes,Yes,No,No,No internet service,No internet service,Yes,Yes,No internet service,Month-to-month,Yes,Electronic check,27.88,82.3,No
CUST-03953,Male,0,Yes,No,12,Yes,Yes,DSL,No,No,No internet service,No,No,No,Two year,No,Credit card (automatic),71.22,850.38,No
CUST-03954,Female,0,No,No,55,Yes,No,Fiber optic,No,No,No,No internet service,Yes,Yes,Month-to-month,Yes,Electronic check,70.42,4010.91,No
CUST-03955,Male,1,No,No,42,Yes,No,DSL,No,No,Yes,Yes,Yes,Yes,Two year,Yes,Bank transfer (automatic),37.25,1551.35,No
CUST-03956,Male,0,Yes,No,16,Yes,Yes,Fiber optic,Yes,No,Yes,No,No,No internet service,One year,No,Electronic check,98.22,1712.94,Yes
CUST-03957,Male,0,Yes,No,15,Yes,No,Fiber optic,No internet service,Yes,Yes,No internet service,Yes,No,Month-to-month,Yes,Electronic check,41.83,625.59,No
CUST-03958,Female,0,Yes,No,28,Yes,No,Fiber optic,Yes,No,No,Yes,No,No,Two year,Yes,Mailed check,29.25,894.65,No
CUST-03959,Male,0,No,No,19,Yes,Yes,DSL,Yes,No,No,No,No,No,Month-to-month,No,Credit card (automatic),89.51,1818.95,Yes
CUST-03960,Female,0,Yes,Yes,6,No,No,Fiber optic,Yes,No internet service,Yes,Yes,No,No,Month-to-month,No,Electronic check,74.06,479.1,Yes
CUST-03961,Female,0,Yes,No,3,Yes,No,DSL,No,No,No internet service,No,Yes,No,Month-to-month,No,Bank transfer (automatic),77.83,245.78,Yes
CUST-03962,Female,0,Yes,No,58,Yes,No phone service,Fiber optic,No,No,No,No,No internet service,No,Month-to-month,Yes,Mailed check,28.95,1714.2,No
CUST-03963,Male,0,Yes,Yes,11,Yes,Yes,DSL,No,No,No,No,Yes,Yes,Month-to-month,Yes,Mailed check,50.75,561.9,No
CUST-03964,Male,0,Yes,No,60,Yes,Yes,DSL,Yes,No internet service,No internet service,No,Yes,No,Month-to-month,Yes,Electronic check,21.43,1299.08,No
CUST-03965,Female,0,No,No,32,No,No,DSL,No internet service,No,No,No internet service,No,No,One year,No,Electronic check,25.41,764.57,No
CUST-03966,Male,0,No,No,24,Yes,Yes,Fiber optic,Yes,No,Yes,No,No,No,Month-to-month,Yes,Electronic check,24.86,562.56,No
CUST-03967,Female,0,Yes,No,68,Yes,No phone service,DSL,No internet service,Yes,No,Yes,Yes,No,Month-to-month,No,Bank transfer (automatic),23.43,1444.8,No
CUST-03968,Female,0,Yes,No,4,Yes,No,Fiber optic,No,No internet service,No,Yes,Yes,Yes,One year,Yes,Mailed check,92.35,387.54,Yes
CUST-03969,Female,0,Yes,Yes,17,Yes,Yes,No,No,No,No internet service,No internet service,No internet service,No internet service,Two year,Yes,Credit card (automatic),41.46,651.94,No
CUST-03970,Male,0,No,No,58,Yes,Yes,DSL,No,Yes,Yes,No internet service,No,Yes,Month-to-month,Yes,Electronic check,61.87,3647.42,No
CUST-03971,Male,0,Yes,No,6,Yes,Yes,Fiber optic,No,Yes,Yes,No internet service,Yes,No,Month-to-month,No,Credit card (automatic),56.82,316.23,Yes
CUST-03972,Female,0,Yes,Yes,12,Yes,Yes,No,No internet service,No,No,No,No,No,Month-to-month,No,Bank transfer (automatic),74.31,814.42,Yes
CUST-03973,Male,0,No,Yes,49,Yes,Yes,No,No,No,No,No internet service,Yes,No,Two year,Yes,Electronic check,76.81,3788.98,No
CUST-03974,Male,0,Yes,Yes,45,Yes,No phone service,No,No,Yes,No internet service,No,No internet service,Yes,Month-to-month,No,Electronic check,72.53,3507.4,No
CUST-03975,Male,0,Yes,No,20,Yes,Yes,DSL,Yes,Yes,No internet service,No,Yes,Yes,Month-to-month,No,Mailed check,27.45,533.19,No
CUST-03976,Female,0,No,No,31,Yes,Yes,Fiber optic,No,No,No,No internet service,No,Yes,One year,Yes,Credit card (automatic),41.77,1403.44,No
CUST-03977,Female,0,No,No,60,Yes,Yes,No,No,Yes,No internet service,No,No,Yes,Month-to-month,No,Bank transfer (automatic),30.09,1628.58,No
CUST-03978,Female,0,No,No,13,Yes,Yes,DSL,No internet service,No,No internet service,No,No internet service,No,One year,Yes,Credit card (automatic),77.55,1001.24,No
CUST-03979,Male,0,No,No,52,Yes,No,DSL,No,No internet service,Yes,No,No internet service,No internet service,Month-to-month,Yes,Credit card (automatic),41.36,1998.78,No
CUST-03980,Male,0,No,No,60,Yes,Yes,Fiber optic,No,No,No,No,No,No,Month-to-month,Yes,Mailed check,25.89,1496.17,No
CUST-03981,Male,0,No,No,67,No,Yes,DSL,No,Yes,No,Yes,No,No internet service,Month-to-month,Yes,Electronic check,63.61,3855.91,No
CUST-03982,Male,0,Yes,No,24,Yes,No,Fiber optic,No,No,No,Yes,No,No,Month-to-month,Yes,Bank transfer (automatic),62.7,1364.96,No
CUST-03983,Male,0,Yes,No,19,No,No,Fiber optic,No,Yes,Yes,Yes,Yes,Yes,Two year,Yes,Mailed check,34.46,682.61,No
CUST-03984,Male,0,No,No,67,Yes,No phone service,Fiber optic,No,No internet service,No internet service,No,Yes,No internet service,Two year,No,Electronic check,39.29,2713.79,No
CUST-03985,Female,1,Yes,No,33,Yes,Yes,DSL,No,No,No,No,No internet service,No,Month-to-month,No,Mailed check,44.9,1395.27,No
CUST-03986,Male,0,No,Yes,15,Yes,Yes,Fiber optic,No,No,No,No,No internet service,Yes,Month-to-month,No,Credit card (automatic),79.1,1281.69,Yes
CUST-03987,Female,1,No,No,37,Yes,No,No,No,No,No,No,No internet service,No internet service,Two year,Yes,Bank transfer (automatic),37.33,1433.14,No
CUST-03988,Female,0,Yes,No,37,Yes,Yes,No,No,Yes,Yes,Yes,Yes,No internet service,Month-to-month,No,Bank transfer (automatic),68.1,2437.14,No
CUST-03989,Female,0,Yes,No,45,Yes,Yes,DSL,No internet service,Yes,No internet service,No,Yes,No,Month-to-month,No,Credit card (automatic),65.11,2875.84,No
CUST-03990,Female,0,Yes,No,31,Yes,No,DSL,No,No,No internet service,No,No,No,Month-to-month,Yes,Electronic check,61.56,1829.18,No
CUST-03991,Male,0,No,No,28,Yes,Yes,No,No,No,Yes,No,No internet service,No,Month-to-month,Yes,Bank transfer (automatic),61.21,1827.2,No
CUST-03992,Female,0,Yes,Yes,16,Yes,No,DSL,No,No,Yes,No,Yes,Yes,Month-to-month,Yes,Electronic check,98.87,1580.01,Yes
CUST-03993,Male,0,Yes,No,11,Yes,No,Fiber optic,Yes,Yes,No,No,Yes,Yes,Month-to-month,No,Mailed check,62.84,640.82,Yes
CUST-03994,Male,0,No,No,59,Yes,Yes,DSL,Yes,No internet service,No,No internet service,Yes,Yes,Month-to-month,No,Mailed check,63.23,3508.01,No
CUST-03995,Female,0,Yes,Yes,40,Yes,No,DSL,No,Yes,Yes,No internet service,No internet service,Yes,Two year,No,Mailed check,26.98,1035.29,No
CUST-03996,Male,0,No,No,49,Yes,Yes,Fiber optic,Yes,No internet service,No,No internet service,No,Yes,Month-to-month,No,Mailed check,28.46,1367.53,No
CUST-03997,Male,0,No,Yes,4,Yes,Yes,DSL,No,No,Yes,Yes,Yes,No,Month-to-month,No,Credit card (automatic),72.7,296.19,Yes
CUST-03998,Male,0,Yes,Yes,55,Yes,No,Fiber optic,No,No,Yes,Yes,No,No,Month-to-month,No,Bank transfer (automatic),63.96,3844.37,No
CUST-03999,Male,1,No,No,28,Yes,No phone service,Fiber optic,Yes,No,Yes,No,Yes,No internet service,Two year,Yes,Credit card (automatic),55.49,1479.74,No
CUST-04000,Female,0,No,No,30,Yes,Yes,DSL,No internet service,No,No internet service,No,No internet service,No,Two year,No,Credit card (automatic),47.01,1361.9,No
CUST-04001,Female,0,No,No,4,Yes,Yes,No,No,Yes,No internet service,No,No,No,Month-to-month,Yes,Bank transfer (automatic),48.57,175.78,No
CUST-04002,Female,0,No,No,26,Yes,No,DSL,No,No,No internet service,Yes,No,Yes,Month-to-month,Yes,Electronic check,76.32,1933.74,Yes
CUST-04003,Female,0,Yes,Yes,5,Yes,Yes,Fiber optic,No,No,Yes,Yes,No internet service,Yes,One year,No,Mailed check,68.84,356.25,Yes
CUST-04004,Female,0,No,Yes,28,Yes,Yes,No,No,No,No,No,Yes,Yes,Two year,No,Credit card (automatic),71.47,2186.49,Yes
CUST-04005,Male,0,No,Yes,17,Yes,No,DSL,No,No,No,No,Yes,Yes,Month-to-month,No,Bank transfer (automatic),82.51,1470.05,Yes
CUST-04006,Male,0,Yes,No,56,Yes,No,DSL,No internet service,No internet service,No,No,Yes,Yes,Two year,Yes,Electronic check,59.47,3075.88,No
CUST-04007,Female,0,No,No,12,Yes,No phone service,Fiber optic,Yes,No internet service,Yes,No,Yes,No,Two year,Yes,Electronic check,61.84,799.97,Yes
CUST-04008,Male,0,Yes,No,30,Yes,No,DSL,No,No,Yes,Yes,Yes,No,One year,No,Mailed check,33.46,1071.79,No
CUST-04009,Male,0,No,No,29,Yes,No,DSL,No,Yes,Yes,No,No,Yes,Month-to-month,No,Bank transfer (automatic),76.79,2088.41,No
CUST-04010,Male,1,No,Yes,37,Yes,No,Fiber optic,No,Yes,Yes,Yes,No internet service,No internet service,Two year,No,Electronic check,44.48,1788.72,No
CUST-04011,Male,0,No,No,1,Yes,Yes,Fiber optic,Yes,No,No,No internet service,Yes,No,Two year,Yes,Mailed check,92.86,96.84,Yes
CUST-04012,Female,0,No,No,34,Yes,No,Fiber optic,Yes,No,Yes,No,Yes,Yes,Month-to-month,Yes,Mailed check,66.67,2395.0,No
CUST-04013,Male,0,No,No,13,Yes,No,Fiber optic,No,No,No,No internet service,Yes,Yes,Month-to-month,No,Bank transfer (automatic),71.69,924.35,No
CUST-04014,Female,0,Yes,No,5,Yes,Yes,Fiber optic,No,No,No,No,No internet service,No,Month-to-month,Yes,Credit card (automatic),96.69,454.51,Yes
CUST-04015,Male,1,No,No,19,Yes,Yes,No,No internet service,Yes,No,No internet service,Yes,No internet service,Month-to-month,No,Credit card (automatic),48.64,979.44,No
CUST-04016,Female,0,Yes,No,49,Yes,Yes,No,No,No,No,No internet service,No internet service,Yes,Two year,Yes,Mailed check,35.57,1735.07,No
CUST-04017,Male,0,Yes,No,11,No,No,Fiber optic,No,No,No internet service,No internet service,Yes,No,Month-to-month,No,Electronic check,36.44,438.31,No
CUST-04018,Female,1,No,No,44,Yes,Yes,Fiber optic,No,No internet service,No,Yes,Yes,Yes,One year,No,Mailed check,36.19,1481.96,No
CUST-04019,Female,0,No,No,10,No,No,Fiber optic,Yes,No,No,Yes,No,No,One year,Yes,Mailed check,43.36,421.06,No
CUST-04020,Female,0,Yes,Yes,26,Yes,No,No,No,Yes,Yes,No,No,Yes,Two year,Yes,Mailed check,91.1,2480.18,Yes
CUST-04021,Female,0,No,No,46,Yes,Yes,DSL,No,No,No,No,No,Yes,One year,Yes,Electronic check,58.04,2708.44,No
CUST-04022,Female,0,No,Yes,10,Yes,No,Fiber optic,Yes,Yes,No,No,Yes,Yes,Month-to-month,Yes,Electronic check,38.02,375.13,No
CUST-04023,Female,0,No,Yes,69,Yes,Yes,DSL,No internet service,No,No internet service,Yes,Yes,No,One year,Yes,Credit card (automatic),36.37,2610.72,No
CUST-04024,Male,0,No,Yes,41,Yes,Yes,No,No,No,No,No,Yes,No internet service,Month-to-month,No,Credit card (automatic),41.64,1786.92,No
CUST-04025,Female,0,No,No,13,Yes,No,No,No,Yes,No internet service,No internet service,No,No,Month-to-month,Yes,Bank transfer (automatic),82.76,1092.51,Yes
CUST-04026,Female,0,No,Yes,1,No,No phone service,DSL,No,Yes,No,Yes,Yes,No internet service,One year,Yes,Electronic check,90.69,87.41,Yes
CUST-04027,Male,1,Yes,No,14,Yes,No phone service,No,No,Yes,Yes,No internet service,No internet service,No,One year,Yes,Bank transfer (automatic),64.82,929.03,No
CUST-04028,Male,0,Yes,No,58,Yes,Yes,Fiber optic,No internet service,No internet service,No,No,Yes,No,Month-to-month,No,Credit card (automatic),40.34,2360.89,No
CUST-04029,Male,0,No,No,34,Yes,Yes,No,No,Yes,No internet service,Yes,No,Yes,Month-to-month,Yes,Electronic check,54.57,1965.83,No
CUST-04030,Female,0,Yes,No,23,Yes,No,No,No internet service,No,Yes,No,No,No,Month-to-month,Yes,Bank transfer (automatic),75.47,1789.08,Yes
CUST-04031,Male,0,Yes,Yes,71,Yes,No,DSL,No,No,Yes,No,No,No,Month-to-month,No,Credit card (automatic),50.65,3593.83,No
CUST-04032,Male,0,No,No,31,Yes,No,DSL,No,No internet service,Yes,No internet service,No,Yes,Month-to-month,Yes,Electronic check,58.83,1648.18,No
CUST-04033,Female,1,Yes,No,28,Yes,Yes,DSL,No,No internet service,No,No,Yes,Yes,Two year,No,Electronic check,75.2,1965.34,No
CUST-04034,Female,0,No,Yes,57,Yes,No,Fiber optic,Yes,Yes,Yes,No,Yes,No,Two year,Yes,Credit card (automatic),21.79,1201.44,No
CUST-04035,Male,0,No,No,16,Yes,Yes,Fiber optic,No,Yes,No internet service,Yes,No,Yes,Month-to-month,Yes,Bank transfer (automatic),73.41,1198.38,Yes
CUST-04036,Female,1,Yes,Yes,33,Yes,No,Fiber optic,No,No,No,No internet service,Yes,No internet service,Month-to-month,Yes,Credit card (automatic),75.61,2641.02,No
CUST-04037,Male,0,No,Yes,61,Yes,No,Fiber optic,Yes,No,No,No internet service,No,No internet service,Month-to-month,No,Electronic check,70.25,4679.45,No
CUST-04038,Female,0,No,No,17,Yes,No,Fiber optic,Yes,No,Yes,No internet service,No,No internet service,Two year,Yes,Mailed check,57.01,988.52,No
CUST-04039,Female,1,Yes,No,14,Yes,No,DSL,No,No,No,No,Yes,No,Month-to-month,Yes,Electronic check,62.77,919.0,Yes
CUST-04040,Female,0,Yes,No,34,Yes,No,No,No,No internet service,Yes,No internet service,No,Yes,Two year,No,Bank transfer (automatic),39.83,1387.11,No
CUST-04041,Male,0,Yes,Yes,6,Yes,No phone service,Fiber optic,No,Yes,No,No,No internet service,No,Month-to-month,No,Electronic check,71.48,422.9,No
CUST-04042,Male,1,No,No,14,Yes,Yes,Fiber optic,No,No,Yes,No internet service,Yes,Yes,Month-to-month,Yes,Credit card (automatic),71.46,1022.38,Yes
CUST-04043,Female,1,No,No,18,Yes,Yes,DSL,Yes,No,No,No,No internet service,No,Month-to-month,Yes,Mailed check,37.14,655.24,No
CUST-04044,Male,1,Yes,Yes,64,Yes,Yes,DSL,No,No,No,No,Yes,No,Month-to-month,Yes,Credit card (automatic),27.93,1770.95,No
CUST-04045,Male,0,Yes,No,4,Yes,No,Fiber optic,Yes,No,No,No,No,Yes,Month-to-month,Yes,Credit card (automatic),87.36,378.16,Yes
CUST-04046,Female,1,Yes,No,52,Yes,No,DSL,No,No internet service,No,Yes,Yes,Yes,Two year,Yes,Electronic check,54.57,2873.88,No
CUST-04047,Female,0,Yes,No,31,Yes,Yes,Fiber optic,No,Yes,No internet service,Yes,Yes,No,One year,No,Credit card (automatic),77.81,2219.34,No
CUST-04048,Female,0,Yes,No,54,Yes,No,Fiber optic,No,No internet service,No internet service,No,Yes,No internet service,Two year,Yes,Credit card (automatic),44.39,2408.45,No
CUST-04049,Female,0,No,No,24,Yes,Yes,DSL,No,No,No,Yes,Yes,Yes,Two year,No,Electronic check,40.94,1071.63,No
CUST-04050,Male,0,No,Yes,63,Yes,Yes,DSL,No,No internet service,Yes,Yes,Yes,Yes,One year,Yes,Bank transfer (automatic),37.45,2170.62,No
CUST-04051,Male,0,No,No,25,Yes,Yes,Fiber optic,Yes,No internet service,Yes,Yes,No,No internet service,One year,Yes,Bank transfer (automatic),65.33,1787.16,Yes
CUST-04052,Female,1,Yes,No,57,Yes,No,No,No,No,No internet service,No,No internet service,Yes,One year,Yes,Mailed check,39.36,2462.33,No
CUST-04053,Male,0,No,No,24,No,No,DSL,Yes,Yes,No,Yes,No internet service,Yes,One year,Yes,Electronic check,72.0,1748.98,Yes
CUST-04054,Male,0,No,Yes,26,Yes,No phone service,Fiber optic,No,No,No,No internet service,No internet service,No internet service,Month-to-month,No,Electronic check,76.88,1931.89,Yes
CUST-04055,Female,0,No,No,48,Yes,No phone service,DSL,No internet service,Yes,Yes,No,No,No,Month-to-month,Yes,Mailed check,33.13,1433.96,No
CUST-04056,Female,0,No,Yes,9,Yes,Yes,Fiber optic,No,Yes,No internet service,No internet service,Yes,No,Two year,No,Electronic check,68.92,560.18,No
CUST-04057,Female,0,Yes,No,36,Yes,Yes,Fiber optic,Yes,No,Yes,No,No,No,Two year,Yes,Mailed check,34.14,1201.53,No
CUST-04058,Female,0,No,No,27,Yes,Yes,Fiber optic,No,No internet service,No,No,No,Yes,One year,No,Mailed check,47.53,1355.96,No
CUST-04059,Male,0,No,Yes,68,Yes,No,Fiber optic,Yes,No internet service,Yes,No,No internet service,Yes,Month-to-month,Yes,Mailed check,60.36,4467.62,No
CUST-04060,Male,0,No,No,67,Yes,No,Fiber optic,Yes,No,No,No internet service,No,No,Month-to-month,Yes,Credit card (automatic),28.95,1805.73,No
CUST-04061,Male,0,Yes,Yes,56,Yes,No,No,No,Yes,Yes,No,No,No internet service,Month-to-month,No,Credit card (automatic),51.88,2898.16,No
CUST-04062,Female,0,Yes,Yes,68,Yes,Yes,DSL,No,No,Yes,No,No internet service,Yes,Two year,No,Bank transfer (automatic),70.83,4818.1,No
CUST-04063,Male,0,Yes,No,70,Yes,No,Fiber optic,No,Yes,Yes,No internet service,No,No internet service,Month-to-month,No,Mailed check,55.04,3760.57,No
CUST-04064,Female,0,No,No,55,Yes,Yes,Fiber optic,Yes,No internet service,Yes,Yes,No internet service,No,Month-to-month,No,Electronic check,48.94,2713.21,No
CUST-04065,Male,0,Yes,No,43,Yes,Yes,No,Yes,Yes,Yes,No internet service,No internet service,Yes,One year,No,Electronic check,70.33,3281.26,No
CUST-04066,Female,0,Yes,Yes,15,Yes,Yes,Fiber optic,No,No,No,No,No internet service,Yes,Month-to-month,Yes,Bank transfer (automatic),76.84,1138.43,No
CUST-04067,Female,0,No,No,58,Yes,No,DSL,No,No,Yes,No,No,Yes,One year,No,Credit card (automatic),69.26,3726.07,No
CUST-04068,Female,0,No,Yes,14,No,Yes,DSL,Yes,Yes,No,Yes,Yes,Yes,Two year,No,Mailed check,44.5,643.62,No
CUST-04069,Male,0,Yes,Yes,14,Yes,No,DSL,No internet service,No,Yes,No,No,No internet service,Two year,No,Bank transfer (automatic),56.7,719.4,No
CUST-04070,Male,0,Yes,No,21,Yes,Yes,Fiber optic,Yes,Yes,No,No,No internet service,No internet service,Month-to-month,No,Bank transfer (automatic),97.01,2216.53,Yes
CUST-04071,Male,0,No,No,9,Yes,No,Fiber optic,No,Yes,No,No,Yes,No,Two year,Yes,Electronic check,38.2,374.05,No
CUST-04072,Female,0,No,Yes,11,Yes,No phone service,DSL,No internet service,Yes,No,Yes,Yes,No,Two year,No,Electronic check,46.12,465.94,No
CUST-04073,Female,0,No,Yes,37,Yes,Yes,DSL,No internet service,No,No,Yes,No,No,Month-to-month,Yes,Bank transfer (automatic),69.76,2607.39,No
CUST-04074,Female,0,No,No,42,Yes,No,No,No,No internet service,No internet service,Yes,Yes,Yes,One year,Yes,Bank transfer (automatic),38.03,1692.26,No
CUST-04075,Female,0,No,Yes,23,Yes,Yes,Fiber optic,No,No,No,No,No,No,One year,No,Credit card (automatic),96.18,2196.47,Yes
CUST-04076,Male,0,No,Yes,27,Yes,No,No,No internet service,No,No,Yes,No,Yes,Month-to-month,Yes,Electronic check,79.49,2137.12,No
CUST-04077,Male,1,Yes,No,16,Yes,No,DSL,Yes,No,No,No,No,Yes,Month-to-month,Yes,Credit card (automatic),38.41,672.35,No
CUST-04078,Female,0,No,Yes,22,Yes,Yes,Fiber optic,No,Yes,Yes,No internet service,No,Yes,One year,No,Mailed check,27.36,569.48,No
CUST-04079,Female,0,Yes,No,13,Yes,Yes,DSL,No internet service,No,No,Yes,Yes,Yes,Two year,Yes,Bank transfer (automatic),77.43,1011.89,No
CUST-04080,Male,1,Yes,No,18,Yes,No phone service,DSL,No internet service,Yes,Yes,No,No,No,Month-to-month,No,Bank transfer (automatic),97.01,1611.71,Yes
CUST-04081,Female,0,Yes,No,14,Yes,Yes,Fiber optic,No internet service,No,Yes,No,Yes,No,Two year,Yes,Credit card (automatic),96.52,1297.89,Yes
CUST-04082,Male,0,Yes,No,9,Yes,No,DSL,No,No internet service,No,No,No,No,Month-to-month,No,Electronic check,88.28,850.28,Yes
CUST-04083,Male,0,No,No,10,Yes,No,No,No,No,Yes,No,No,No,One year,Yes,Bank transfer (automatic),76.1,793.94,Yes
CUST-04084,Female,0,Yes,Yes,56,Yes,No phone service,Fiber optic,Yes,No,No,No internet service,Yes,No internet service,Month-to-month,No,Bank transfer (automatic),35.61,2038.83,No
CUST-04085,Male,0,No,Yes,65,Yes,No phone service,DSL,No internet service,Yes,No,No,Yes,No,Two year,Yes,Mailed check,37.83,2269.06,No
CUST-04086,Female,0,No,No,35,No,No,Fiber optic,No,No,No internet service,No,Yes,No,One year,Yes,Bank transfer (automatic),75.16,2815.11,No
CUST-04087,Female,1,No,Yes,1,No,Yes,No,No,No,No,No internet service,No,No,Two year,No,Electronic check,81.81,78.51,Yes
CUST-04088,Female,0,Yes,No,32,Yes,No,No,No internet service,No internet service,No internet service,No,No,No,Two year,Yes,Electronic check,30.42,980.25,No
CUST-04089,Male,0,No,No,43,Yes,No,DSL,Yes,No,Yes,No,Yes,Yes,Month-to-month,Yes,Credit card (automatic),61.5,2503.53,No
CUST-04090,Male,0,Yes,No,65,Yes,No,No,No internet service,Yes,Yes,Yes,Yes,No internet service,Month-to-month,Yes,Credit card (automatic),77.14,5034.9,No
CUST-04091,Male,1,No,No,38,Yes,Yes,DSL,No,No internet service,No,Yes,No internet service,No,Month-to-month,Yes,Credit card (automatic),43.36,1668.16,No
CUST-04092,Male,0,Yes,No,25,Yes,Yes,Fiber optic,Yes,No internet service,No,No,Yes,Yes,Two year,Yes,Mailed check,57.43,1389.94,Yes
CUST-04093,Female,0,Yes,No,71,Yes,Yes,Fiber optic,No,No,Yes,No,No internet service,Yes,Month-to-month,Yes,Bank transfer (automatic),21.86,1553.9,No
CUST-04094,Female,0,No,No,36,Yes,Yes,No,No,No,No,No,Yes,No,Two year,No,Electronic check,69.44,2452.87,No
CUST-04095,Male,0,No,No,13,Yes,No,Fiber optic,No,No,No,No,No,Yes,Two year,Yes,Electronic check,63.4,856.76,No
CUST-04096,Male,0,No,No,49,Yes,No,Fiber optic,No,No,No,No internet service,No internet service,Yes,One year,Yes,Bank transfer (automatic),73.8,3647.94,No
CUST-04097,Male,0,Yes,Yes,50,Yes,Yes,Fiber optic,Yes,No,No internet service,No,No internet service,No,Month-to-month,No,Electronic check,58.25,3132.73,No
CUST-04098,Male,0,No,Yes,11,Yes,No,DSL,Yes,No,Yes,No,No,No,Month-to-month,Yes,Electronic check,66.45,665.11,Yes
CUST-04099,Male,0,Yes,No,2,Yes,Yes,No,No internet service,Yes,Yes,Yes,No internet service,No,Month-to-month,No,Credit card (automatic),63.34,114.69,Yes
CUST-04100,Female,0,Yes,Yes,5,Yes,Yes,No,No,Yes,No,No internet service,No internet service,No,Month-to-month,No,Credit card (automatic),63.95,299.83,No
CUST-04101,Male,1,Yes,No,23,No,No,Fiber optic,No,Yes,No,Yes,Yes,No internet service,Two year,No,Bank transfer (automatic),63.53,1349.72,No
CUST-04102,Male,0,No,Yes,61,Yes,Yes,No,Yes,No,No internet service,No,Yes,Yes,Two year,No,Credit card (automatic),36.12,2214.73,No
CUST-04103,Female,0,No,Yes,44,Yes,Yes,Fiber optic,No,No internet service,Yes,Yes,No,Yes,Two year,No,Electronic check,75.23,3111.6,No
CUST-04104,Male,1,Yes,Yes,44,Yes,No,No,No internet service,No internet service,No,No,No,No internet service,Two year,No,Electronic check,66.75,2652.73,No
CUST-04105,Male,0,No,Yes,45,Yes,Yes,Fiber optic,No,No,No,Yes,No,Yes,One year,Yes,Electronic check,71.98,3098.28,No
CUST-04106,Female,0,No,No,12,Yes,Yes,Fiber optic,No,Yes,No,No,Yes,Yes,Month-to-month,No,Electronic check,41.76,502.04,No
CUST-04107,Male,0,Yes,No,69,No,Yes,DSL,No internet service,Yes,Yes,No,Yes,No,Month-to-month,No,Credit card (automatic),70.48,5071.51,No
CUST-04108,Female,0,No,No,22,Yes,Yes,DSL,No internet service,Yes,No,No internet service,No,No,Month-to-month,No,Credit card (automatic),38.9,845.26,No
CUST-04109,Female,0,Yes,No,56,Yes,No phone service,Fiber optic,No internet service,No,No,No internet service,Yes,No internet service,Two year,Yes,Electronic check,77.86,4763.66,No
CUST-04110,Female,1,Yes,No,71,Yes,Yes,No,No internet service,No,No internet service,Yes,No,No,One year,Yes,Electronic check,21.44,1430.74,No
CUST-04111,Female,0,Yes,No,18,Yes,Yes,DSL,No,No internet service,No,Yes,No,No,Month-to-month,Yes,Bank transfer (automatic),57.15,1031.59,No
CUST-04112,Female,1,No,No,46,Yes,No,DSL,No internet service,Yes,Yes,No internet service,No,No,Month-to-month,Yes,Mailed check,26.73,1168.88,No
CUST-04113,Female,0,Yes,No,4,Yes,No,DSL,No internet service,Yes,No,No,No,No internet service,Two year,No,Bank transfer (automatic),63.12,267.97,No
CUST-04114,Male,1,Yes,No,2,No,Yes,No,No internet service,Yes,Yes,No,No internet service,Yes,Two year,Yes,Electronic check,55.07,103.26,Yes
CUST-04115,Male,0,Yes,No,32,Yes,No,No,No internet service,No,No,No,Yes,Yes,One year,Yes,Credit card (automatic),72.24,2525.09,No
CUST-04116,Male,0,Yes,No,23,Yes,No phone service,DSL,No,Yes,No internet service,Yes,Yes,Yes,Month-to-month,No,Mailed check,84.82,2035.37,Yes
CUST-04117,Male,1,No,No,48,Yes,No,Fiber optic,Yes,No internet service,No,No internet service,No,Yes,Month-to-month,No,Electronic check,42.09,2043.3,No
CUST-04118,Female,0,Yes,Yes,69,Yes,No,Fiber optic,No internet service,No,No,Yes,No internet service,Yes,Two year,No,Bank transfer (automatic),68.6,4764.02,No
CUST-04119,Female,0,No,No,26,Yes,No,DSL,No,No,Yes,Yes,No internet service,Yes,Two year,No,Credit card (automatic),83.77,2118.11,Yes
CUST-04120,Female,0,Yes,No,64,Yes,Yes,Fiber optic,No internet service,No internet service,Yes,No,Yes,Yes,Month-to-month,No,Mailed check,45.59,2638.25,No
CUST-04121,Male,0,Yes,No,60,Yes,Yes,DSL,No,No,No internet service,No,No,No internet service,Month-to-month,No,Electronic check,40.59,2637.6,No
CUST-04122,Female,0,Yes,No,39,Yes,No,Fiber optic,No,No internet service,No,No,Yes,Yes,Two year,Yes,Electronic check,32.62,1347.22,No
CUST-04123,Male,0,No,No,64,Yes,Yes,DSL,No internet service,No,No,No,No,No internet service,Month-to-month,No,Electronic check,23.79,1411.37,No
CUST-04124,Female,0,Yes,No,22,Yes,No phone service,DSL,Yes,Yes,No internet service,No,Yes,Yes,Month-to-month,Yes,Credit card (automatic),51.04,1038.01,No
CUST-04125,Female,0,No,No,7,Yes,Yes,No,No,Yes,Yes,No,Yes,No internet service,Two year,No,Credit card (automatic),74.51,501.55,Yes
CUST-04126,Male,0,No,No,50,Yes,Yes,Fiber optic,No internet service,No internet service,No internet service,No internet service,No internet service,No internet service,One year,No,Bank transfer (automatic),46.64,2454.73,No
CUST-04127,Female,0,No,No,42,No,Yes,DSL,No,No,Yes,No,No,No internet service,One year,Yes,Mailed check,77.04,3237.73,No
CUST-04128,Female,0,No,No,60,Yes,No,DSL,No,No,No,Yes,Yes,No,Month-to-month,Yes,Mailed check,20.82,1287.73,No
CUST-04129,Female,0,No,No,63,Yes,Yes,DSL,No,Yes,Yes,No,Yes,Yes,Two year,No,Electronic check,71.02,4032.38,No
CUST-04130,Female,0,No,No,56,Yes,Yes,DSL,No,Yes,No internet service,Yes,Yes,No,One year,Yes,Bank transfer (automatic),68.05,4133.73,No
CUST-04131,Male,0,Yes,Yes,42,Yes,No,DSL,No,No,No,No internet service,Yes,Yes,Month-to-month,No,Electronic check,65.53,2568.24,No
CUST-04132,Male,0,Yes,Yes,70,Yes,Yes,DSL,No internet service,No,No,No,No,Yes,Month-to-month,Yes,Bank transfer (automatic),51.49,3473.75,No
CUST-04133,Female,0,Yes,No,28,Yes,No,Fiber optic,No,No internet service,No,No internet service,Yes,No internet service,Month-to-month,Yes,Electronic check,63.25,1929.38,Yes
CUST-04134,Female,0,No,No,46,Yes,Yes,Fiber optic,No internet service,Yes,No internet service,No internet service,Yes,Yes,Two year,No,Electronic check,71.77,3455.2,No
CUST-04135,Male,0,Yes,Yes,14,Yes,No,No,No internet service,No,Yes,No,No,Yes,Month-to-month,No,Electronic check,64.68,907.52,No
CUST-04136,Female,1,No,No,23,No,No,DSL,Yes,No internet service,No internet service,Yes,No,No internet service,Two year,Yes,Mailed check,69.97,1726.12,No
CUST-04137,Female,0,No,No,65,Yes,Yes,DSL,No internet service,No,No internet service,No internet service,Yes,No internet service,One year,No,Electronic check,34.15,2024.97,No
CUST-04138,Female,1,Yes,No,36,Yes,Yes,DSL,Yes,Yes,No,No,No internet service,No,Month-to-month,No,Bank transfer (automatic),53.26,1754.88,No
CUST-04139,Male,0,Yes,Yes,37,Yes,Yes,Fiber optic,No internet service,No internet service,Yes,No,No,Yes,Month-to-month,Yes,Electronic check,44.96,1548.79,No
CUST-04140,Male,0,No,Yes,58,Yes,No,DSL,No,Yes,Yes,No,No,Yes,Month-to-month,Yes,Electronic check,58.38,3226.61,No
CUST-04141,Female,0,No,No,24,Yes,Yes,DSL,No,No,No,Yes,No,No internet service,One year,Yes,Mailed check,65.16,1629.22,No
CUST-04142,Male,0,No,Yes,19,Yes,No,No,No,No internet service,No internet service,No internet service,No,Yes,Month-to-month,Yes,Credit card (automatic),30.42,581.73,No
CUST-04143,Female,1,No,Yes,1,Yes,No,Fiber optic,No internet service,Yes,No internet service,No internet service,No,No,Month-to-month,Yes,Bank transfer (automatic),30.44,29.99,No
CUST-04144,Male,0,No,Yes,17,Yes,No,No,No internet service,No,No,No internet service,Yes,No internet service,One year,Yes,Bank transfer (automatic),22.62,406.27,No
CUST-04145,Female,0,No,No,37,No,No,Fiber optic,Yes,No,Yes,No,No,No,Two year,Yes,Mailed check,29.43,1049.09,No
CUST-04146,Male,0,Yes,No,52,Yes,Yes,No,No,No,No,No,No internet service,Yes,Month-to-month,Yes,Electronic check,34.41,1640.97,No
CUST-04147,Female,0,Yes,No,24,Yes,No,Fiber optic,Yes,Yes,Yes,Yes,No,Yes,Two year,Yes,Mailed check,24.35,572.33,No
CUST-04148,Female,0,Yes,No,32,Yes,No,DSL,Yes,No internet service,No,No,No internet service,No,Two year,No,Electronic check,41.34,1393.37,No
CUST-04149,Male,0,Yes,No,16,Yes,No,Fiber optic,Yes,Yes,No,No,Yes,No,Two year,No,Credit card (automatic),60.51,963.14,No
CUST-04150,Female,1,Yes,Yes,58,Yes,No,No,No,Yes,No,No,Yes,Yes,Month-to-month,No,Electronic check,67.58,4293.69,No
CUST-04151,Male,0,Yes,No,38,Yes,Yes,No,Yes,Yes,Yes,No,No internet service,No,One year,No,Bank transfer (automatic),40.75,1658.79,No
CUST-04152,Female,0,No,No,11,Yes,Yes,DSL,No,Yes,Yes,No,No,Yes,One year,No,Mailed check,25.03,291.35,No
CUST-04153,Male,0,No,No,4,Yes,Yes,No,No internet service,No,Yes,No,No,No,Two year,Yes,Bank transfer (automatic),75.71,319.39,Yes
CUST-04154,Male,1,No,No,24,Yes,Yes,Fiber optic,No,Yes,No internet service,Yes,Yes,No,Month-to-month,Yes,Electronic check,43.47,1060.21,No
CUST-04155,Female,1,No,No,62,Yes,Yes,Fiber optic,Yes,No internet service,No internet service,No internet service,No,Yes,One year,No,Electronic check,35.09,2350.13,No
CUST-04156,Female,1,Yes,No,1,Yes,Yes,DSL,No internet service,No,No internet service,Yes,Yes,No internet service,One year,No,Electronic check,61.35,62.45,Yes
CUST-04157,Male,0,Yes,No,9,Yes,No,Fiber optic,No internet service,No,No,No internet service,No internet service,No internet service,Month-to-month,No,Electronic check,82.89,726.99,Yes
CUST-04158,Male,0,Yes,Yes,50,Yes,No,Fiber optic,No,Yes,No,Yes,Yes,No,Two year,Yes,Bank transfer (automatic),42.36,1989.18,No
CUST-04159,Male,0,Yes,No,20,Yes,Yes,No,No internet service,No internet service,Yes,No,No internet service,Yes,Month-to-month,Yes,Bank transfer (automatic),92.04,1956.07,Yes
CUST-04160,Male,0,Yes,No,17,Yes,Yes,No,Yes,Yes,No,No internet service,No internet service,No,One year,No,Electronic check,91.3,1512.1,Yes
CUST-04161,Male,0,Yes,No,52,Yes,No,Fiber optic,Yes,No internet service,Yes,Yes,No,No,One year,No,Mailed check,26.33,1448.82,No
CUST-04162,Female,1,No,Yes,33,Yes,No,DSL,Yes,Yes,No,No,No,No internet service,One year,No,Electronic check,29.43,1065.01,No
CUST-04163,Female,0,Yes,No,7,Yes,No,DSL,No,No,No,Yes,No,No internet service,Month-to-month,Yes,Credit card (automatic),98.16,673.2,Yes
CUST-04164,Female,0,Yes,Yes,8,Yes,No,Fiber optic,Yes,No,Yes,Yes,No,No,Month-to-month,No,Credit card (automatic),56.96,441.17,Yes
CUST-04165,Male,0,Yes,Yes,44,Yes,Yes,DSL,No,No,No,Yes,No internet service,No internet service,Month-to-month,Yes,Electronic check,54.92,2257.04,No
CUST-04166,Male,0,Yes,No,10,Yes,No,Fiber optic,Yes,Yes,No internet service,No,Yes,Yes,One year,Yes,Mailed check,78.06,776.75,No
CUST-04167,Female,1,No,Yes,25,Yes,No,DSL,No,Yes,No,Yes,Yes,Yes,Month-to-month,Yes,Mailed check,50.29,1295.98,No
CUST-04168,Female,0,No,No,50,Yes,No,DSL,Yes,No,Yes,No internet service,No,No,Month-to-month,No,Mailed check,27.02,1300.41,No
CUST-04169,Male,0,No,No,40,Yes,Yes,DSL,No,No internet service,No,No internet service,No internet service,No internet service,Month-to-month,No,Bank transfer (automatic),63.11,2517.16,No
CUST-04170,Female,0,Yes,No,71,Yes,Yes,No,No,Yes,No,Yes,Yes,No,Month-to-month,Yes,Electronic check,32.47,2322.46,No
CUST-04171,Male,0,No,Yes,16,Yes,No,Fiber optic,Yes,No,No,No internet service,No internet service,No,Month-to-month,Yes,Electronic check,54.89,838.76,No
CUST-04172,Male,0,No,Yes,8,Yes,No,Fiber optic,No internet service,Yes,No internet service,No,No internet service,Yes,Month-to-month,Yes,Bank transfer (automatic),99.66,721.3,Yes
CUST-04173,Female,0,No,No,31,Yes,No,Fiber optic,Yes,Yes,Yes,No,No,Yes,Month-to-month,No,Mailed check,48.62,1421.5,No
CUST-04174,Male,0,Yes,Yes,16,No,Yes,DSL,Yes,Yes,Yes,Yes,No,No internet service,Month-to-month,No,Electronic check,38.86,659.46,No
CUST-04175,Male,0,No,Yes,3,No,No phone service,No,No,No internet service,No,No,No,Yes,One year,Yes,Mailed check,67.29,192.91,Yes
CUST-04176,Male,0,No,No,23,Yes,Yes,DSL,No internet service,No,Yes,No,No,No,Month-to-month,Yes,Electronic check,60.65,1259.31,Yes
CUST-04177,Female,0,No,Yes,39,Yes,No,DSL,No,No,Yes,Yes,Yes,No internet service,Two year,Yes,Electronic check,38.45,1477.04,No
CUST-04178,Female,1,No,No,21,No,Yes,Fiber optic,No,No,No,No,No internet service,No,Month-to-month,No,Credit card (automatic),50.25,1093.76,No
CUST-04179,Male,0,No,Yes,63,Yes,Yes,DSL,No,Yes,No,No,No,No,Month-to-month,Yes,Electronic check,35.25,2332.86,No
CUST-04180,Female,0,Yes,Yes,5,Yes,Yes,Fiber optic,No internet service,No,No,No,Yes,Yes,Two year,Yes,Mailed check,57.27,281.42,Yes
CUST-04181,Female,1,No,No,9,Yes,No,No,No,No internet service,No,No,No,Yes,Month-to-month,Yes,Credit card (automatic),55.11,503.12,No
CUST-04182,Female,0,Yes,No,13,Yes,No,Fiber optic,Yes,No,No internet service,Yes,Yes,No internet service,Two year,Yes,Mailed check,44.07,601.04,No
CUST-04183,Male,0,Yes,Yes,47,Yes,No phone service,DSL,Yes,No,No internet service,Yes,No,No,Month-to-month,No,Credit card (automatic),43.44,2200.62,No
CUST-04184,Female,0,No,Yes,8,Yes,No,DSL,No internet service,No,No,No,No internet service,Yes,Month-to-month,Yes,Electronic check,79.81,656.34,No
CUST-04185,Male,1,Yes,No,22,Yes,No,Fiber optic,Yes,Yes,No,No,No,No internet service,Month-to-month,Yes,Mailed check,87.7,2003.05,Yes
CUST-04186,Female,0,No,No,14,Yes,Yes,DSL,No,No,No,No internet service,Yes,No,Two year,Yes,Electronic check,29.25,376.63,No
CUST-04187,Female,0,Yes,No,49,Yes,Yes,DSL,No,Yes,No,No,No,No,Month-to-month,Yes,Electronic check,72.58,3499.84,No
CUST-04188,Male,1,Yes,Yes,57,Yes,No phone service,DSL,Yes,No,No,No,Yes,Yes,One year,Yes,Credit card (automatic),27.82,1709.1,No
CUST-04189,Female,0,Yes,No,63,Yes,Yes,DSL,Yes,Yes,Yes,No,Yes,Yes,One year,Yes,Bank transfer (automatic),75.06,4407.9,No
CUST-04190,Male,0,No,No,21,Yes,No,DSL,No internet service,No,No,No,Yes,No,Month-to-month,No,Mailed check,60.32,1218.57,No
CUST-04191,Male,0,No,No,6,Yes,No phone service,Fiber optic,No internet service,Yes,No internet service,No internet service,No internet service,No,Two year,No,Mailed check,51.69,321.18,No
CUST-04192,Female,0,Yes,No,54,Yes,No phone service,No,No internet service,No internet service,Yes,Yes,Yes,Yes,Month-to-month,No,Bank transfer (automatic),36.7,2141.17,No
CUST-04193,Male,1,Yes,Yes,32,Yes,No phone service,Fiber optic,No,Yes,No,No,No,No,One year,Yes,Electronic check,41.57,1212.92,No
CUST-04194,Male,0,No,Yes,68,Yes,Yes,DSL,Yes,No,Yes,No,Yes,No,Two year,Yes,Electronic check,69.56,5080.57,No
CUST-04195,Male,0,No,No,17,Yes,No,Fiber optic,No,No,No,No internet service,Yes,Yes,Two year,Yes,Credit card (automatic),74.32,1192.77,Yes
CUST-04196,Female,0,No,Yes,41,Yes,No,DSL,No,Yes,No,Yes,Yes,Yes,One year,No,Mailed check,66.11,2906.13,No
CUST-04197,Female,1,No,Yes,9,Yes,Yes,DSL,No,No internet service,No,No,No internet service,No internet service,Month-to-month,No,Bank transfer (automatic),69.67,675.84,No
CUST-04198,Female,0,Yes,No,5,Yes,No,Fiber optic,No,Yes,No internet service,No,No,No,Month-to-month,No,Bank transfer (automatic),98.28,518.47,Yes
CUST-04199,Male,1,No,No,1,Yes,No,DSL,No,Yes,Yes,Yes,No,No,Month-to-month,Yes,Electronic check,23.27,25.24,No
CUST-04200,Female,0,No,No,11,No,Yes,Fiber optic,Yes,No internet service,No,No,Yes,No internet service,Month-to-month,Yes,Electronic check,73.27,880.31,Yes
CUST-04201,Male,1,No,No,43,Yes,No,DSL,No,No,Yes,No,Yes,Yes,One year,No,Credit card (automatic),63.39,2957.56,No
CUST-04202,Male,0,Yes,Yes,26,No,Yes,DSL,No,No,No internet service,No,Yes,No,One year,No,Bank transfer (automatic),86.64,2258.56,Yes
CUST-04203,Female,1,No,Yes,28,Yes,Yes,Fiber optic,No,No,No,No,No internet service,Yes,One year,No,Mailed check,74.63,2074.46,Yes
CUST-04204,Male,0,No,No,14,Yes,Yes,Fiber optic,No,No,Yes,No,No,No internet service,One year,No,Electronic check,73.61,949.17,Yes
CUST-04205,Male,0,Yes,No,6,Yes,No,No,No,No,No,No,Yes,Yes,Month-to-month,No,Electronic check,94.38,534.13,Yes
CUST-04206,Male,0,Yes,No,36,Yes,Yes,DSL,No internet service,Yes,No,No,No internet service,No internet service,Month-to-month,Yes,Electronic check,24.25,899.6,No
CUST-04207,Female,0,Yes,No,5,Yes,No,No,Yes,Yes,No,No,No,Yes,Two year,Yes,Electronic check,78.39,362.74,Yes
CUST-04208,Female,0,No,No,60,Yes,Yes,Fiber optic,No internet service,No,No internet service,No,No internet service,No internet service,Month-to-month,No,Bank transfer (automatic),61.41,4010.6,No
CUST-04209,Male,0,No,Yes,37,Yes,Yes,No,Yes,No,No internet service,No,Yes,Yes,One year,No,Credit card (automatic),28.23,987.49,No
CUST-04210,Male,0,No,Yes,11,Yes,Yes,DSL,No,Yes,No,No internet service,Yes,Yes,One year,Yes,Credit card (automatic),98.04,989.56,Yes
CUST-04211,Female,0,No,Yes,63,Yes,Yes,No,Yes,No internet service,No,Yes,No internet service,Yes,One year,No,Mailed check,20.67,1233.26,No
CUST-04212,Male,0,No,No,61,Yes,Yes,No,No,No,Yes,No internet service,No,Yes,Two year,No,Credit card (automatic),69.59,3862.02,No
CUST-04213,Female,0,Yes,No,17,Yes,Yes,DSL,No,Yes,Yes,No internet service,No,No,Two year,No,Credit card (automatic),95.46,1514.44,Yes
CUST-04214,Male,0,Yes,No,50,Yes,No,DSL,No,No,No internet service,No,Yes,Yes,Month-to-month,Yes,Electronic check,57.95,2948.31,No
CUST-04215,Female,0,No,No,24,Yes,Yes,Fiber optic,Yes,No,Yes,No internet service,No internet service,Yes,Month-to-month,Yes,Mailed check,58.7,1349.39,Yes
CUST-04216,Female,0,Yes,No,1,Yes,Yes,DSL,Yes,Yes,Yes,Yes,No internet service,No internet service,Two year,No,Bank transfer (automatic),99.88,105.9,Yes
CUST-04217,Female,0,Yes,No,15,Yes,No,DSL,Yes,Yes,No,No,No,No,Month-to-month,No,Electronic check,42.51,625.5,No
CUST-04218,Male,1,No,Yes,59,No,No,No,No,No internet service,No,No,No,Yes,One year,Yes,Electronic check,37.97,2336.1,No
CUST-04219,Male,0,Yes,No,50,Yes,Yes,Fiber optic,No,No,No internet service,No,No,Yes,Month-to-month,Yes,Mailed check,77.42,4032.26,No
CUST-04220,Female,0,Yes,No,63,Yes,No,No,Yes,No,No internet service,No,Yes,No internet service,Two year,Yes,Bank transfer (automatic),67.12,3920.53,No
CUST-04221,Male,0,No,No,50,Yes,Yes,No,No,No internet service,No,No,Yes,Yes,Two year,Yes,Electronic check,75.36,3433.84,No
CUST-04222,Male,0,No,Yes,35,Yes,Yes,Fiber optic,No,Yes,No internet service,No,Yes,No,One year,Yes,Credit card (automatic),64.03,2394.34,No
CUST-04223,Male,0,Yes,No,21,Yes,Yes,Fiber optic,Yes,No,No,Yes,Yes,No,Month-to-month,No,Credit card (automatic),69.74,1523.37,No
CUST-04224,Male,0,No,Yes,15,Yes,No,Fiber optic,Yes,Yes,No,No,No,No internet service,One year,No,Electronic check,82.45,1156.36,Yes
CUST-04225,Female,0,Yes,No,53,Yes,Yes,Fiber optic,Yes,Yes,No,No,No internet service,No internet service,Two year,Yes,Credit card (automatic),47.22,2592.75,No
CUST-04226,Male,0,No,Yes,63,Yes,Yes,DSL,Yes,Yes,No internet service,No,Yes,Yes,Month-to-month,Yes,Credit card (automatic),74.41,4527.94,No
CUST-04227,Male,1,No,Yes,42,Yes,Yes,Fiber optic,Yes,Yes,Yes,No,No,Yes,One year,No,Bank transfer (automatic),22.58,864.29,No
CUST-04228,Female,1,Yes,No,37,Yes,No,No,Yes,No internet service,No,No internet service,Yes,Yes,Two year,No,Mailed check,26.47,926.26,No
CUST-04229,Female,1,Yes,No,3,Yes,Yes,DSL,No,No,No,No,No,No internet service,Month-to-month,Yes,Mailed check,49.42,155.85,No
CUST-04230,Male,0,Yes,Yes,5,Yes,No phone service,DSL,No,Yes,No,Yes,No,No,Month-to-month,Yes,Bank transfer (automatic),47.24,231.04,No
CUST-04231,Female,0,Yes,Yes,51,Yes,No phone service,No,No,No internet service,No,Yes,No,No internet service,Month-to-month,Yes,Mailed check,46.29,2381.97,No
CUST-04232,Female,1,Yes,Yes,5,Yes,No,DSL,No internet service,No,Yes,No internet service,Yes,Yes,Month-to-month,No,Credit card (automatic),82.32,381.68,Yes
CUST-04233,Male,0,Yes,No,6,Yes,No,Fiber optic,No internet service,Yes,No,Yes,No,Yes,Month-to-month,Yes,Mailed check,52.3,288.24,No
CUST-04234,Male,0,No,No,56,Yes,Yes,Fiber optic,Yes,No,No internet service,No,Yes,No,One year,Yes,Electronic check,72.23,3833.94,No
CUST-04235,Female,1,No,No,19,Yes,Yes,DSL,No internet service,Yes,No,No,No,Yes,Month-to-month,Yes,Credit card (automatic),88.56,1673.4,Yes
CUST-04236,Male,0,Yes,Yes,8,Yes,Yes,Fiber optic,No,No,No,Yes,No,No internet service,Month-to-month,No,Credit card (automatic),38.97,333.4,No
CUST-04237,Female,0,No,No,36,No,Yes,Fiber optic,No,No,Yes,Yes,No,No,Two year,Yes,Bank transfer (automatic),62.11,2353.75,No
CUST-04238,Male,0,No,No,34,Yes,No,DSL,No internet service,No internet service,No,No,Yes,No,Two year,Yes,Bank transfer (automatic),58.91,1866.77,No
CUST-04239,Female,0,No,Yes,1,Yes,Yes,Fiber optic,No,No,No,No,No internet service,Yes,Month-to-month,Yes,Credit card (automatic),69.79,63.81,No
CUST-04240,Female,0,No,No,43,Yes,Yes,Fiber optic,No,No,No,Yes,Yes,Yes,Month-to-month,Yes,Bank transfer (automatic),38.56,1567.05,No
CUST-04241,Male,0,No,No,4,Yes,No,Fiber optic,No,No internet service,No internet service,No,No internet service,No,Two year,Yes,Electronic check,79.07,338.57,Yes
CUST-04242,Male,0,No,Yes,63,Yes,Yes,DSL,No internet service,Yes,No,Yes,Yes,No,Two year,Yes,Credit card (automatic),76.64,4843.62,No
CUST-04243,Male,0,Yes,No,9,Yes,Yes,No,No,No,No,No,Yes,No,Month-to-month,No,Credit card (automatic),22.65,216.36,No
CUST-04244,Female,0,No,No,61,Yes,Yes,No,Yes,No,No internet service,Yes,No,No internet service,Two year,Yes,Mailed check,60.8,3612.06,No
CUST-04245,Female,1,Yes,No,1,Yes,No,No,No,No,No,No,No,No internet service,One year,Yes,Bank transfer (automatic),39.31,40.02,No
CUST-04246,Male,0,No,No,55,Yes,Yes,Fiber optic,No,Yes,No,No,No internet service,No,Month-to-month,Yes,Mailed check,45.41,2544.87,No
CUST-04247,Male,0,No,No,10,Yes,No phone service,No,No,Yes,No,Yes,Yes,Yes,One year,Yes,Electronic check,74.48,763.68,Yes
CUST-04248,Male,0,Yes,No,29,Yes,Yes,No,No,Yes,Yes,No,No internet service,Yes,Two year,Yes,Electronic check,45.17,1302.11,No
CUST-04249,Female,0,No,No,20,No,Yes,No,Yes,Yes,Yes,No,No internet service,Yes,One year,Yes,Electronic check,28.66,543.31,No
CUST-04250,Female,0,No,Yes,25,Yes,Yes,No,No,No,Yes,No internet service,No,Yes,One year,No,Credit card (automatic),71.66,1765.88,Yes
CUST-04251,Female,0,Yes,No,25,Yes,Yes,DSL,Yes,No internet service,No,No,No,No,One year,No,Credit card (automatic),21.21,580.6,No
CUST-04252,Female,0,No,Yes,12,Yes,Yes,DSL,No,No,No,No,No internet service,Yes,Month-to-month,No,Mailed check,77.18,883.95,Yes
CUST-04253,Male,0,No,Yes,52,Yes,No phone service,Fiber optic,No,No internet service,No internet service,No,No,Yes,One year,Yes,Electronic check,52.28,2840.8,No
CUST-04254,Male,0,No,No,11,Yes,No,Fiber optic,No,No internet service,Yes,No,No,No,Month-to-month,Yes,Mailed check,95.17,1139.98,Yes
CUST-04255,Male,0,No,No,11,Yes,Yes,No,No internet service,Yes,No,No,No,Yes,Month-to-month,No,Electronic check,87.02,969.9,Yes
CUST-04256,Female,0,Yes,Yes,40,Yes,Yes,DSL,No,No,Yes,No internet service,Yes,No,Month-to-month,No,Electronic check,42.88,1711.54,No
CUST-04257,Male,0,No,No,2,Yes,Yes,Fiber optic,Yes,No,No,No,Yes,Yes,Month-to-month,Yes,Electronic check,89.29,165.04,Yes
CUST-04258,Male,0,No,Yes,70,Yes,Yes,Fiber optic,No,Yes,No internet service,No,Yes,No,Month-to-month,No,Mailed check,40.92,3009.49,No
CUST-04259,Female,1,Yes,Yes,55,Yes,No,Fiber optic,No,No,No,No internet service,No,No internet service,One year,No,Mailed check,73.24,4359.71,No
CUST-04260,Male,1,Yes,No,40,Yes,Yes,Fiber optic,No,No,No,No internet service,Yes,No internet service,Month-to-month,Yes,Mailed check,21.04,922.51,No
CUST-04261,Male,0,No,Yes,43,Yes,No,No,Yes,No,No,Yes,No internet service,Yes,Month-to-month,Yes,Credit card (automatic),76.38,3088.37,No
CUST-04262,Female,0,No,No,46,Yes,Yes,Fiber optic,Yes,No,Yes,No,Yes,Yes,Month-to-month,No,Mailed check,41.49,2068.88,No
CUST-04263,Male,0,No,Yes,33,Yes,No,Fiber optic,No,No,Yes,Yes,No internet service,No,Two year,Yes,Mailed check,41.89,1346.5,No
CUST-04264,Female,0,Yes,No,49,No,No,DSL,No,Yes,No,No internet service,No,No,Month-to-month,Yes,Credit card (automatic),63.55,3188.16,No
CUST-04265,Female,0,No,Yes,14,Yes,Yes,Fiber optic,No,Yes,No,No internet service,No internet service,No internet service,Month-to-month,Yes,Credit card (automatic),43.3,572.7,No
CUST-04266,Male,0,No,Yes,59,Yes,Yes,DSL,Yes,Yes,No internet service,Yes,Yes,Yes,Month-to-month,No,Electronic check,57.0,3193.77,No
CUST-04267,Male,0,No,No,20,Yes,Yes,Fiber optic,No,No,No internet service,Yes,No internet service,No,Month-to-month,Yes,Credit card (automatic),73.85,1512.14,Yes
CUST-04268,Female,0,Yes,No,31,Yes,No,DSL,No,No,No,Yes,No,No,Month-to-month,Yes,Bank transfer (automatic),70.77,2187.22,No
CUST-04269,Male,0,Yes,Yes,16,Yes,No phone service,DSL,No,No internet service,No internet service,No internet service,Yes,No,Month-to-month,Yes,Bank transfer (automatic),73.28,1281.38,Yes
CUST-04270,Female,0,Yes,Yes,36,Yes,No,Fiber optic,No,No internet service,No,No,No,Yes,Month-to-month,No,Electronic check,63.0,2161.16,No
CUST-04271,Female,0,Yes,Yes,8,Yes,No phone service,Fiber optic,No,No,Yes,No,No,No,Two year,Yes,Bank transfer (automatic),71.61,616.19,Yes
CUST-04272,Male,0,No,No,13,Yes,Yes,No,No,No internet service,No,No,Yes,Yes,Month-to-month,Yes,Mailed check,66.56,858.44,No
CUST-04273,Female,0,Yes,No,17,Yes,Yes,Fiber optic,No,Yes,No internet service,No,No,Yes,Month-to-month,Yes,Credit card (automatic),95.11,1498.69,Yes
CUST-04274,Male,0,No,Yes,44,Yes,No phone service,Fiber optic,No,Yes,No,No internet service,Yes,No,Month-to-month,No,Electronic check,22.74,948.36,No
CUST-04275,Male,0,No,Yes,50,Yes,No,No,Yes,No,No,No internet service,No,No,One year,Yes,Credit card (automatic),52.44,2756.09,No
CUST-04276,Male,1,Yes,No,21,No,Yes,DSL,Yes,No,Yes,Yes,No,No internet service,Month-to-month,No,Credit card (automatic),32.92,736.48,No
CUST-04277,Male,0,No,No,9,No,No,DSL,No,No,No,No,Yes,No internet service,Month-to-month,Yes,Electronic check,63.72,520.67,No
CUST-04278,Female,0,No,Yes,37,Yes,No,DSL,Yes,Yes,No,No,No,No internet service,Month-to-month,Yes,Electronic check,26.08,947.6,No
CUST-04279,Female,0,No,Yes,28,Yes,No,Fiber optic,No internet service,No,No internet service,No,No,Yes,Month-to-month,No,Electronic check,57.28,1601.97,Yes
CUST-04280,Female,0,No,No,18,Yes,No,Fiber optic,No,Yes,No,No,Yes,No,Month-to-month,Yes,Electronic check,70.73,1302.43,Yes
CUST-04281,Male,1,No,No,1,Yes,Yes,No,Yes,Yes,No,No,Yes,No internet service,Month-to-month,Yes,Electronic check,50.05,51.56,No
CUST-04282,Female,1,No,No,2,No,No,Fiber optic,No internet service,No internet service,Yes,No internet service,No internet service,Yes,Two year,No,Credit card (automatic),77.12,164.44,No
CUST-04283,Female,0,Yes,No,28,Yes,Yes,DSL,No internet service,No internet service,Yes,No internet service,No,No,Month-to-month,Yes,Credit card (automatic),34.85,931.57,No
CUST-04284,Female,0,Yes,Yes,41,Yes,No,No,Yes,No,Yes,No internet service,No internet service,Yes,Two year,Yes,Electronic check,27.4,1036.21,No
CUST-04285,Male,0,No,No,1,Yes,No,DSL,No,No,No internet service,Yes,No,No internet service,Month-to-month,No,Credit card (automatic),21.39,20.05,No
CUST-04286,Male,0,No,No,13,Yes,Yes,Fiber optic,No,No internet service,No,No,Yes,No internet service,Two year,Yes,Credit card (automatic),46.65,659.44,No
CUST-04287,Male,1,No,No,30,Yes,No,Fiber optic,No,No,Yes,No internet service,No,Yes,Month-to-month,No,Electronic check,26.05,788.8,No
CUST-04288,Female,0,Yes,Yes,20,Yes,Yes,Fiber optic,No,Yes,No internet service,No,Yes,No,Two year,Yes,Bank transfer (automatic),66.54,1256.03,No
CUST-04289,Female,0,No,No,51,Yes,No,Fiber optic,No internet service,No,No,No,Yes,No internet service,One year,No,Electronic check,24.32,1311.23,No
CUST-04290,Female,0,No,Yes,3,Yes,No,DSL,No,No,No,No,Yes,Yes,One year,No,Mailed check,75.25,229.68,No
CUST-04291,Female,0,No,No,10,Yes,No phone service,Fiber optic,No,No,Yes,No,No,No internet service,Month-to-month,Yes,Mailed check,93.0,905.32,Yes
CUST-04292,Female,1,Yes,Yes,13,Yes,Yes,No,No,Yes,Yes,No,Yes,No,Month-to-month,Yes,Electronic check,61.78,725.77,No
CUST-04293,Male,0,Yes,No,32,Yes,No,DSL,No internet service,No,No,No internet service,No,Yes,Month-to-month,Yes,Credit card (automatic),27.86,941.94,No
CUST-04294,Male,0,No,No,16,Yes,Yes,No,No internet service,No,No internet service,Yes,No,Yes,Month-to-month,No,Electronic check,99.18,1655.89,Yes
CUST-04295,Female,0,No,No,29,Yes,Yes,Fiber optic,No,No internet service,No,No,No,Yes,Month-to-month,Yes,Electronic check,58.24,1608.6,Yes
CUST-04296,Female,0,Yes,No,26,Yes,Yes,No,No,No,Yes,No,No,Yes,Month-to-month,Yes,Mailed check,67.44,1671.25,Yes
CUST-04297,Female,0,Yes,Yes,18,No,Yes,DSL,No,Yes,Yes,No,No internet service,Yes,Two year,Yes,Electronic check,73.75,1266.83,Yes
CUST-04298,Female,0,Yes,Yes,29,Yes,Yes,No,Yes,Yes,No,Yes,No internet service,No,Month-to-month,No,Bank transfer (automatic),81.22,2435.66,Yes
CUST-04299,Male,0,Yes,No,6,No,No,Fiber optic,No internet service,No,No,No,No internet service,No,Two year,No,Mailed check,36.36,209.18,No
CUST-04300,Female,0,No,No,44,Yes,No,DSL,Yes,No,No,Yes,No,No,Month-to-month,Yes,Bank transfer (automatic),78.88,3339.08,No
CUST-04301,Male,0,Yes,No,16,Yes,Yes,Fiber optic,Yes,No,No internet service,No,Yes,No,One year,Yes,Bank transfer (automatic),95.33,1487.64,Yes
CUST-04302,Male,1,No,No,56,Yes,No,No,Yes,Yes,No,Yes,No,No internet service,Month-to-month,No,Electronic check,28.28,1735.78,No
CUST-04303,Male,0,Yes,Yes,9,No,Yes,Fiber optic,No,Yes,No,Yes,No,No,Month-to-month,Yes,Bank transfer (automatic),41.57,371.14,No
CUST-04304,Male,0,No,Yes,64,Yes,Yes,DSL,Yes,Yes,No internet service,Yes,No,No,Month-to-month,Yes,Electronic check,38.23,2386.71,No
CUST-04305,Male,0,No,No,35,No,Yes,DSL,No,No,No,No,No,No,One year,Yes,Mailed check,45.3,1575.99,No
CUST-04306,Male,1,No,No,11,Yes,Yes,DSL,Yes,Yes,No,No,No,Yes,Two year,Yes,Bank transfer (automatic),68.47,786.19,Yes
CUST-04307,Male,0,Yes,No,41,Yes,No phone service,DSL,No internet service,Yes,No internet service,No internet service,No,Yes,One year,Yes,Credit card (automatic),56.19,2480.58,No
CUST-04308,Female,0,Yes,No,3,Yes,Yes,Fiber optic,No internet service,No internet service,No internet service,Yes,Yes,No,Month-to-month,Yes,Bank transfer (automatic),61.9,203.93,No
CUST-04309,Female,0,Yes,Yes,15,Yes,Yes,Fiber optic,No,No,No,Yes,No internet service,Yes,Two year,Yes,Electronic check,89.36,1336.66,Yes
CUST-04310,Female,0,No,No,51,No,No,No,No internet service,No,Yes,No,No,Yes,Month-to-month,Yes,Electronic check,22.76,1151.51,No
CUST-04311,Female,0,Yes,Yes,23,Yes,Yes,No,Yes,No,Yes,No,No,Yes,One year,No,Electronic check,61.92,1375.83,Yes
CUST-04312,Male,0,Yes,No,28,Yes,Yes,Fiber optic,No,Yes,No internet service,Yes,Yes,No internet service,One year,No,Mailed check,89.19,2636.72,Yes
CUST-04313,Female,0,Yes,No,39,Yes,Yes,DSL,Yes,No internet service,No,Yes,No,No,Two year,Yes,Credit card (automatic),38.94,1565.92,No
CUST-04314,Male,0,Yes,No,29,Yes,No,Fiber optic,No internet service,Yes,No,No,No,No,One year,Yes,Mailed check,97.72,2756.44,Yes
CUST-04315,Male,1,Yes,No,18,Yes,Yes,Fiber optic,No,Yes,Yes,Yes,No,No,One year,Yes,Bank transfer (automatic),78.82,1424.02,Yes
CUST-04316,Female,0,Yes,Yes,33,Yes,No,DSL,No,Yes,No,No,No,No internet service,Month-to-month,Yes,Mailed check,29.82,926.16,No
CUST-04317,Male,0,Yes,No,29,No,Yes,No,No,Yes,Yes,No,No,No internet service,Month-to-month,Yes,Electronic check,74.14,2233.48,No
CUST-04318,Female,1,Yes,No,26,Yes,No,Fiber optic,No,No internet service,Yes,Yes,No,Yes,Month-to-month,Yes,Electronic check,39.29,970.9,No
CUST-04319,Male,0,Yes,No,2,Yes,Yes,No,No,Yes,No internet service,No internet service,No,Yes,Month-to-month,No,Bank transfer (automatic),74.63,144.77,Yes
CUST-04320,Female,0,Yes,Yes,28,Yes,No,Fiber optic,No,No,No,No,No,No internet service,Month-to-month,No,Mailed check,37.12,949.58,No
CUST-04321,Male,0,No,Yes,3,Yes,No,Fiber optic,No,No,No,Yes,No,No,Two year,Yes,Mailed check,63.54,179.94,No
CUST-04322,Male,0,Yes,No,27,Yes,No phone service,Fiber optic,Yes,Yes,No,No,No,No internet service,Month-to-month,No,Electronic check,87.42,2216.3,Yes
CUST-04323,Female,0,Yes,No,21,Yes,Yes,DSL,Yes,No,No,No,No internet service,No,Month-to-month,Yes,Mailed check,82.39,1811.62,Yes
CUST-04324,Female,0,No,No,27,Yes,Yes,DSL,No,No,No internet service,No internet service,Yes,No,Month-to-month,No,Mailed check,47.74,1339.11,No
CUST-04325,Male,0,Yes,No,45,Yes,No,DSL,Yes,No,No internet service,No,No internet service,No,Month-to-month,No,Credit card (automatic),72.23,3275.15,No
CUST-04326,Female,0,No,No,6,Yes,Yes,Fiber optic,No,No internet service,Yes,No,Yes,No internet service,Month-to-month,Yes,Bank transfer (automatic),60.7,355.97,Yes
CUST-04327,Male,0,Yes,No,66,Yes,Yes,DSL,No internet service,Yes,Yes,No,Yes,Yes,Month-to-month,No,Electronic check,55.16,3924.1,No
CUST-04328,Female,0,Yes,Yes,57,Yes,Yes,Fiber optic,Yes,Yes,Yes,Yes,No,Yes,Month-to-month,No,Credit card (automatic),35.0,2148.25,No
CUST-04329,Female,0,Yes,No,42,Yes,Yes,Fiber optic,No internet service,No,No internet service,Yes,Yes,No internet service,One year,No,Bank transfer (automatic),35.59,1525.52,No
CUST-04330,Male,0,Yes,No,2,Yes,Yes,Fiber optic,No,No internet service,No internet service,No,No internet service,Yes,One year,Yes,Credit card (automatic),79.49,164.0,No
CUST-04331,Female,1,No,No,37,Yes,Yes,Fiber optic,No,No internet service,No internet service,No,No,No internet service,Month-to-month,No,Mailed check,75.52,2959.91,No
CUST-04332,Male,0,Yes,No,59,Yes,No,No,Yes,No internet service,Yes,Yes,No internet service,Yes,Month-to-month,No,Bank transfer (automatic),28.31,1744.71,No
CUST-04333,Female,0,Yes,No,60,Yes,No,Fiber optic,No internet service,No internet service,No,No internet service,Yes,No internet service,Two year,Yes,Credit card (automatic),32.24,1827.97,No
CUST-04334,Female,0,No,No,55,Yes,No,No,No,Yes,Yes,No,Yes,Yes,Two year,Yes,Credit card (automatic),26.41,1453.53,No
CUST-04335,Male,0,No,No,71,Yes,Yes,Fiber optic,No,No internet service,Yes,No internet service,Yes,Yes,Month-to-month,No,Bank transfer (automatic),32.08,2119.1,No
CUST-04336,Male,0,Yes,No,37,No,No phone service,Fiber optic,No internet service,Yes,No internet service,No,Yes,Yes,One year,Yes,Electronic check,37.41,1469.82,No
CUST-04337,Female,1,Yes,Yes,20,Yes,Yes,DSL,Yes,No,No,No,Yes,No internet service,Month-to-month,No,Mailed check,75.71,1560.71,Yes
CUST-04338,Male,0,No,Yes,36,Yes,Yes,DSL,Yes,No,No,No,No internet service,Yes,One year,Yes,Bank transfer (automatic),25.71,1014.25,No
CUST-04339,Male,0,Yes,No,23,No,Yes,DSL,Yes,No,Yes,No,No,No,Month-to-month,No,Credit card (automatic),72.93,1555.45,No
CUST-04340,Female,0,Yes,Yes,22,Yes,Yes,DSL,No internet service,Yes,Yes,No,Yes,Yes,Month-to-month,No,Credit card (automatic),72.05,1588.32,Yes
CUST-04341,Male,0,No,No,56,Yes,No,No,No internet service,No,No,No,No,No,Two year,No,Mailed check,36.9,2158.98,No
CUST-04342,Male,0,No,No,31,Yes,Yes,DSL,No,Yes,No,Yes,No,No,Month-to-month,Yes,Electronic check,47.37,1576.36,No
CUST-04343,Male,0,Yes,No,10,Yes,No,No,No,No internet service,Yes,Yes,No,No,Month-to-month,Yes,Electronic check,65.18,697.87,Yes
CUST-04344,Male,0,No,No,12,Yes,No,Fiber optic,No internet service,No,Yes,No,Yes,No,Month-to-month,No,Credit card (automatic),32.34,364.95,No
CUST-04345,Female,0,No,No,4,Yes,Yes,Fiber optic,No,Yes,No,No,No,No internet service,Month-to-month,Yes,Bank transfer (automatic),63.89,280.21,No
CUST-04346,Male,0,Yes,No,23,Yes,Yes,DSL,Yes,Yes,No,Yes,No internet service,No,Two year,Yes,Bank transfer (automatic),54.8,1381.74,No
CUST-04347,Male,0,Yes,Yes,18,Yes,No,No,No internet service,No internet service,No,No,No internet service,Yes,One year,No,Electronic check,26.73,526.28,No
CUST-04348,Female,0,No,No,19,Yes,Yes,DSL,Yes,No,No,No,No,No internet service,Month-to-month,Yes,Credit card (automatic),73.76,1433.28,No
CUST-04349,Female,0,No,No,9,Yes,Yes,Fiber optic,No,No,No internet service,No,Yes,Yes,One year,No,Electronic check,60.67,582.28,Yes
CUST-04350,Male,0,No,Yes,49,Yes,Yes,DSL,No,No,Yes,Yes,Yes,Yes,Month-to-month,Yes,Credit card (automatic),29.37,1317.1,No
CUST-04351,Male,1,Yes,Yes,40,Yes,Yes,No,No,No internet service,Yes,No,No,No,Month-to-month,No,Bank transfer (automatic),78.91,3002.03,No
CUST-04352,Female,0,Yes,No,23,Yes,No,Fiber optic,No,No,Yes,No internet service,Yes,No internet service,Two year,Yes,Credit card (automatic),87.8,1854.62,Yes
CUST-04353,Female,0,Yes,Yes,60,Yes,Yes,Fiber optic,No internet service,No internet service,Yes,No internet service,No internet service,Yes,Month-to-month,Yes,Electronic check,23.58,1416.37,No
CUST-04354,Female,0,No,No,46,Yes,Yes,DSL,No,Yes,Yes,No internet service,No,Yes,Two year,No,Mailed check,34.25,1721.94,No
CUST-04355,Male,0,Yes,No,11,Yes,No phone service,Fiber optic,No internet service,No internet service,Yes,No internet service,No internet service,No internet service,Month-to-month,Yes,Electronic check,59.36,672.44,Yes
CUST-04356,Female,0,Yes,Yes,34,Yes,Yes,DSL,Yes,No,Yes,No internet service,No,No,Month-to-month,Yes,Credit card (automatic),46.03,1552.89,No
CUST-04357,Female,0,No,No,40,Yes,No phone service,Fiber optic,Yes,No internet service,Yes,Yes,Yes,Yes,Month-to-month,No,Bank transfer (automatic),61.11,2587.56,No
CUST-04358,Female,0,No,No,60,Yes,No,DSL,Yes,No internet service,No,No internet service,No,No internet service,Month-to-month,No,Electronic check,41.94,2541.73,No
CUST-04359,Female,0,Yes,Yes,52,Yes,Yes,No,No,No internet service,No,No internet service,Yes,No internet service,Month-to-month,Yes,Credit card (automatic),53.56,2761.53,No
CUST-04360,Female,0,Yes,No,35,Yes,Yes,DSL,Yes,No,Yes,No,Yes,No,Month-to-month,No,Electronic check,20.35,730.67,No
CUST-04361,Female,0,No,No,48,Yes,Yes,Fiber optic,No internet service,No,Yes,No internet service,No,No internet service,Month-to-month,Yes,Electronic check,43.09,2073.2,No
CUST-04362,Male,0,No,No,16,Yes,Yes,DSL,No internet service,No,No,Yes,No,Yes,One year,No,Credit card (automatic),95.35,1568.79,Yes
CUST-04363,Female,0,No,No,24,Yes,Yes,Fiber optic,No internet service,No,Yes,No,Yes,No internet service,Month-to-month,Yes,Electronic check,66.49,1692.35,No
CUST-04364,Male,0,No,No,24,Yes,No,DSL,Yes,No,No internet service,No internet service,Yes,Yes,Month-to-month,Yes,Bank transfer (automatic),57.67,1373.68,Yes
CUST-04365,Female,0,Yes,No,44,Yes,No,No,No,Yes,Yes,No,Yes,No internet service,One year,Yes,Electronic check,38.27,1655.26,No
CUST-04366,Female,0,No,No,14,Yes,No,DSL,No internet service,Yes,No,Yes,No internet service,No,Month-to-month,Yes,Electronic check,49.29,698.16,No
CUST-04367,Male,0,No,Yes,25,Yes,No,Fiber optic,No,No,Yes,Yes,No internet service,No internet service,Two year,No,Electronic check,86.24,2330.53,Yes
CUST-04368,Male,0,Yes,Yes,49,Yes,Yes,No,No,No internet service,No,No,Yes,No internet service,One year,No,Credit card (automatic),72.81,3512.73,No
CUST-04369,Female,0,Yes,No,28,Yes,No,Fiber optic,Yes,Yes,Yes,No,No internet service,No,Month-to-month,Yes,Electronic check,62.63,1875.61,No
CUST-04370,Male,0,Yes,Yes,16,No,No,Fiber optic,No internet service,Yes,Yes,No,No,Yes,Month-to-month,Yes,Mailed check,47.39,776.01,No
CUST-04371,Female,0,No,No,66,Yes,No,No,No,No internet service,Yes,No internet service,Yes,No internet service,Two year,No,Electronic check,24.39,1452.76,No
CUST-04372,Female,0,No,No,14,Yes,Yes,DSL,No internet service,No,No,No,Yes,No,One year,Yes,Mailed check,90.2,1256.79,Yes
CUST-04373,Male,1,No,No,4,No,No,Fiber optic,Yes,No,Yes,No,No,No internet service,One year,Yes,Mailed check,20.02,75.44,No
CUST-04374,Male,0,No,No,46,No,No,Fiber optic,No,Yes,Yes,No,No,Yes,Two year,No,Electronic check,41.55,1777.65,No
CUST-04375,Male,0,No,No,24,Yes,Yes,Fiber optic,Yes,No,Yes,No,No,Yes,One year,Yes,Credit card (automatic),78.06,1773.94,Yes
CUST-04376,Male,0,No,No,1,Yes,Yes,No,Yes,No,No,No,No internet service,Yes,Month-to-month,No,Credit card (automatic),90.24,94.07,Yes
CUST-04377,Male,0,No,No,41,Yes,No,Fiber optic,No internet service,Yes,Yes,No internet service,Yes,No,Month-to-month,No,Credit card (automatic),55.85,2348.19,No
CUST-04378,Male,0,No,Yes,21,Yes,No,No,Yes,No,No,No internet service,Yes,Yes,Month-to-month,No,Bank transfer (automatic),76.55,1619.4,Yes
CUST-04379,Male,0,Yes,Yes,37,Yes,No,DSL,No,No internet service,No,No,No,No,Month-to-month,Yes,Mailed check,53.32,1970.97,No
CUST-04380,Female,0,No,No,31,Yes,Yes,No,No,No,Yes,No,No,No,Month-to-month,Yes,Mailed check,33.57,1017.6,No
CUST-04381,Female,0,No,No,42,Yes,Yes,Fiber optic,No internet service,Yes,No,No,Yes,No internet service,One year,Yes,Credit card (automatic),51.15,2314.39,No
CUST-04382,Female,1,No,No,1,Yes,Yes,Fiber optic,No,No,Yes,No,No internet service,Yes,Month-to-month,Yes,Bank transfer (automatic),92.08,100.04,Yes
CUST-04383,Female,0,No,Yes,12,Yes,No,DSL,No,Yes,Yes,No,No,No,Month-to-month,No,Mailed check,46.68,589.79,No
CUST-04384,Female,1,No,Yes,25,Yes,No,DSL,No,Yes,Yes,No,Yes,No internet service,Month-to-month,Yes,Electronic check,64.82,1551.86,Yes
CUST-04385,Female,1,Yes,Yes,16,Yes,Yes,DSL,No,No,No internet service,No internet service,No,No internet service,Month-to-month,No,Mailed check,42.88,742.87,No
CUST-04386,Male,0,Yes,No,3,Yes,No,Fiber optic,No internet service,No internet service,Yes,No internet service,Yes,Yes,Month-to-month,No,Bank transfer (automatic),57.38,183.13,No
CUST-04387,Male,0,Yes,No,18,Yes,No phone service,Fiber optic,Yes,Yes,No internet service,Yes,Yes,No internet service,Month-to-month,Yes,Electronic check,82.89,1379.83,Yes
CUST-04388,Female,0,No,No,18,Yes,No,Fiber optic,Yes,No,No,No internet service,No internet service,No internet service,Two year,Yes,Credit card (automatic),99.27,1730.28,Yes
CUST-04389,Male,1,Yes,Yes,14,Yes,Yes,DSL,No,No,No internet service,No,Yes,Yes,Month-to-month,No,Credit card (automatic),73.84,998.12,No
CUST-04390,Male,0,Yes,Yes,15,Yes,No,No,No,No,No internet service,No,Yes,Yes,Two year,Yes,Credit card (automatic),71.9,1128.12,Yes
CUST-04391,Male,0,No,Yes,62,Yes,No,DSL,No,Yes,Yes,No,Yes,No internet service,One year,No,Electronic check,65.44,4076.67,No
CUST-04392,Male,0,No,Yes,42,Yes,No,Fiber optic,No,Yes,No,No,No,No internet service,Month-to-month,Yes,Electronic check,72.95,2921.05,No
CUST-04393,Male,0,Yes,No,25,Yes,No,No,No,No,Yes,No internet service,No internet service,No internet service,One year,Yes,Electronic check,79.71,1885.46,Yes
CUST-04394,Female,0,Yes,Yes,11,Yes,Yes,Fiber optic,No internet service,No internet service,No,No,No,No,One year,Yes,Credit card (automatic),84.98,926.84,Yes
CUST-04395,Female,0,No,Yes,18,Yes,No,Fiber optic,Yes,No internet service,No internet service,No,No,No,Two year,No,Electronic check,59.93,1114.54,Yes
CUST-04396,Male,0,No,No,20,Yes,Yes,DSL,No internet service,No internet service,No,No,No,No,Month-to-month,Yes,Credit card (automatic),66.5,1332.32,Yes
CUST-04397,Female,0,Yes,No,55,Yes,No,Fiber optic,No,No internet service,Yes,No,No internet service,Yes,Month-to-month,No,Electronic check,63.76,3339.2,No
CUST-04398,Female,0,No,No,63,Yes,Yes,No,No internet service,Yes,No,No,No internet service,No internet service,Month-to-month,Yes,Electronic check,77.49,4999.02,No
CUST-04399,Male,0,No,Yes,8,Yes,No,Fiber optic,No,Yes,No,No internet service,No,No,Two year,No,Mailed check,37.55,330.37,No
CUST-04400,Female,0,No,No,34,Yes,No,No,No internet service,Yes,Yes,No,Yes,Yes,Month-to-month,Yes,Mailed check,67.28,2139.59,No
CUST-04401,Male,0,Yes,Yes,29,Yes,Yes,Fiber optic,No,No,No,No,Yes,No internet service,Month-to-month,No,Mailed check,68.09,1985.83,No
CUST-04402,Male,0,Yes,Yes,53,No,No,No,No internet service,No,No internet service,No,No,Yes,Month-to-month,Yes,Credit card (automatic),71.44,3692.16,No
CUST-04403,Female,0,No,No,15,Yes,Yes,DSL,No,No internet service,Yes,No,No,No internet service,One year,Yes,Credit card (automatic),61.52,870.83,No
CUST-04404,Female,0,No,No,35,Yes,Yes,Fiber optic,No,Yes,No internet service,No,Yes,No,Two year,Yes,Credit card (automatic),28.3,1064.89,No
CUST-04405,Male,0,No,Yes,61,Yes,No,DSL,No,Yes,No,No,Yes,Yes,Two year,Yes,Credit card (automatic),60.86,4052.35,No
CUST-04406,Female,0,Yes,No,34,Yes,No,Fiber optic,No,Yes,No,No internet service,Yes,No,Month-to-month,No,Credit card (automatic),56.27,1855.86,No
CUST-04407,Male,0,No,No,56,Yes,No,Fiber optic,No,Yes,No internet service,Yes,No,No,Two year,Yes,Credit card (automatic),40.02,2172.67,No
CUST-04408,Female,0,Yes,No,45,Yes,No phone service,DSL,No,No,No,No,No internet service,No internet service,Month-to-month,Yes,Credit card (automatic),32.52,1343.92,No
CUST-04409,Male,0,No,Yes,43,Yes,No,No,Yes,No,No,No,No,No,Month-to-month,Yes,Mailed check,73.11,3217.77,No
CUST-04410,Male,0,No,No,19,Yes,Yes,Fiber optic,Yes,Yes,No internet service,No,No,No internet service,Month-to-month,Yes,Bank transfer (automatic),28.52,490.57,No
CUST-04411,Male,0,No,Yes,24,Yes,Yes,Fiber optic,No internet service,No,No,Yes,Yes,No,Month-to-month,No,Electronic check,67.54,1619.73,Yes
CUST-04412,Male,0,Yes,Yes,18,Yes,Yes,No,No internet service,Yes,Yes,No,Yes,No internet service,Two year,Yes,Electronic check,57.37,960.96,No
CUST-04413,Female,1,No,Yes,67,Yes,No,No,Yes,Yes,Yes,Yes,Yes,No,Two year,Yes,Bank transfer (automatic),78.31,5427.59,No
CUST-04414,Female,0,Yes,No,71,Yes,No phone service,No,No,No,No,No internet service,Yes,No,Two year,No,Electronic check,60.26,4645.47,No
CUST-04415,Female,0,No,No,37,Yes,Yes,Fiber optic,No,No internet service,No,No internet service,Yes,No,Two year,Yes,Mailed check,38.29,1300.21,No
CUST-04416,Male,0,No,Yes,62,Yes,No,Fiber optic,No,No internet service,Yes,No,No,No,Month-to-month,No,Mailed check,23.64,1547.1,No
CUST-04417,Female,0,Yes,Yes,51,Yes,Yes,DSL,No,Yes,No,Yes,Yes,No internet service,Month-to-month,Yes,Mailed check,39.06,2123.76,No
CUST-04418,Male,0,No,No,5,Yes,No,Fiber optic,No internet service,Yes,No,No internet service,No,Yes,Month-to-month,No,Bank transfer (automatic),79.22,370.45,Yes
CUST-04419,Male,0,No,No,5,Yes,No,Fiber optic,No,No,Yes,Yes,No,Yes,Month-to-month,Yes,Credit card (automatic),69.14,374.92,No
CUST-04420,Male,0,Yes,No,10,Yes,No,Fiber optic,No,No internet service,No,No,Yes,Yes,Two year,Yes,Electronic check,42.6,436.3,No
CUST-04421,Female,0,Yes,No,5,Yes,No,No,No internet service,No,No internet service,No,No internet service,No,Two year,Yes,Credit card (automatic),25.91,130.46,No
CUST-04422,Male,0,No,No,3,Yes,No,Fiber optic,No,No,Yes,No internet service,Yes,Yes,One year,Yes,Bank transfer (automatic),72.2,224.03,No
CUST-04423,Female,0,Yes,No,19,Yes,Yes,Fiber optic,Yes,No,No,No,Yes,No internet service,Two year,Yes,Electronic check,91.64,1667.37,Yes
CUST-04424,Male,0,No,Yes,13,Yes,No,Fiber optic,Yes,No,Yes,No,No internet service,Yes,Two year,No,Electronic check,20.18,237.44,No
CUST-04425,Female,0,Yes,No,1,No,Yes,DSL,No,No internet service,Yes,No,Yes,No internet service,Two year,Yes,Bank transfer (automatic),48.49,47.93,No
CUST-04426,Female,0,Yes,No,67,Yes,Yes,Fiber optic,No,No,Yes,Yes,No,No,Two year,No,Electronic check,24.15,1696.8,No
CUST-04427,Male,0,Yes,No,20,Yes,No,Fiber optic,Yes,Yes,Yes,No,No,Yes,Two year,No,Bank transfer (automatic),30.63,663.89,No
CUST-04428,Female,0,No,No,58,Yes,No,No,No internet service,No internet service,Yes,Yes,Yes,Yes,Month-to-month,Yes,Electronic check,79.12,4524.81,No
CUST-04429,Female,0,No,Yes,69,Yes,Yes,DSL,No internet service,No,No,Yes,Yes,No,Month-to-month,Yes,Mailed check,70.66,4645.07,No
CUST-04430,Female,0,No,No,18,Yes,No,Fiber optic,No internet service,Yes,No internet service,No internet service,Yes,No,Month-to-month,Yes,Mailed check,56.68,945.01,Yes
CUST-04431,Female,0,No,No,66,Yes,No,Fiber optic,No,No,Yes,No,No,No,Two year,No,Mailed check,60.25,4322.85,No
CUST-04432,Female,0,Yes,No,69,Yes,Yes,Fiber optic,No,No internet service,Yes,Yes,No,No,Month-to-month,Yes,Electronic check,22.87,1493.11,No
CUST-04433,Female,1,No,Yes,11,Yes,No,DSL,Yes,No,Yes,No,No internet service,No,Month-to-month,Yes,Mailed check,70.15,835.09,No
CUST-04434,Male,0,Yes,No,27,Yes,No,Fiber optic,No,Yes,No,No internet service,No,Yes,One year,No,Bank transfer (automatic),95.45,2414.15,Yes
CUST-04435,Male,0,No,No,27,Yes,No,DSL,No,No,No,Yes,Yes,No,Month-to-month,No,Electronic check,25.9,631.91,No
CUST-04436,Male,0,Yes,Yes,25,Yes,No phone service,Fiber optic,No internet service,No,No internet service,No internet service,No,No internet service,Two year,Yes,Credit card (automatic),62.4,1473.96,Yes
CUST-04437,Male,0,Yes,No,56,Yes,Yes,Fiber optic,Yes,No,Yes,Yes,No,Yes,Month-to-month,No,Mailed check,50.12,2802.67,No
CUST-04438,Female,1,No,No,7,Yes,No,DSL,No,Yes,No,Yes,No,No,Two year,Yes,Credit card (automatic),94.67,642.64,Yes
CUST-04439,Female,0,No,No,22,Yes,No,No,No,No internet service,No internet service,No,No,Yes,Month-to-month,Yes,Electronic check,72.99,1736.72,Yes
CUST-04440,Male,0,No,Yes,22,Yes,Yes,Fiber optic,Yes,Yes,No,No,No internet service,No internet service,Month-to-month,No,Electronic check,40.16,891.49,No
CUST-04441,Male,0,No,No,20,Yes,No,No,No internet service,Yes,No,No,Yes,No internet service,Month-to-month,Yes,Credit card (automatic),47.83,883.47,No
CUST-04442,Female,0,Yes,Yes,67,Yes,Yes,Fiber optic,No internet service,No,No,No internet service,No,Yes,Month-to-month,No,Bank transfer (automatic),20.12,1381.83,No
CUST-04443,Female,0,Yes,No,29,Yes,Yes,Fiber optic,Yes,Yes,No internet service,Yes,No,No internet service,Month-to-month,Yes,Bank transfer (automatic),53.93,1529.23,No
CUST-04444,Female,0,Yes,No,62,No,No,Fiber optic,Yes,No internet service,No,No,Yes,Yes,Two year,Yes,Electronic check,31.86,2046.01,No
CUST-04445,Female,0,Yes,Yes,4,Yes,Yes,DSL,No,No internet service,No,No internet service,No,No,One year,No,Mailed check,55.84,236.14,No
CUST-04446,Female,0,No,Yes,14,Yes,Yes,DSL,Yes,No,Yes,No,No internet service,Yes,Month-to-month,No,Credit card (automatic),77.36,1188.21,Yes
CUST-04447,Female,0,No,Yes,22,Yes,No,Fiber optic,No,No,No internet service,No,No,No,Month-to-month,Yes,Electronic check,68.8,1536.8,Yes
CUST-04448,Female,0,Yes,No,18,Yes,Yes,DSL,No internet service,No internet service,No internet service,No,Yes,No,Two year,No,Electronic check,57.42,1006.02,No
CUST-04449,Male,0,Yes,No,6,Yes,No,Fiber optic,No,No,No,Yes,No,No,Two year,Yes,Electronic check,59.39,351.61,No
CUST-04450,Male,0,Yes,No,43,Yes,No,DSL,No internet service,No,No,No internet service,Yes,No internet service,Month-to-month,Yes,Electronic check,21.84,920.83,No
CUST-04451,Female,0,No,Yes,3,Yes,Yes,DSL,Yes,No,No,No internet service,No internet service,No,One year,Yes,Mailed check,65.32,194.02,Yes
CUST-04452,Male,0,No,No,5,Yes,Yes,Fiber optic,Yes,No internet service,Yes,No,No,Yes,One year,Yes,Electronic check,69.0,312.57,No
CUST-04453,Male,0,Yes,No,29,Yes,No,Fiber optic,No,Yes,No,No,Yes,No,Month-to-month,No,Electronic check,32.39,891.84,No
CUST-04454,Male,0,Yes,Yes,23,Yes,Yes,DSL,No,Yes,No,No,No,No,Month-to-month,Yes,Mailed check,98.62,2489.53,Yes
CUST-04455,Female,0,No,No,38,Yes,Yes,DSL,No,Yes,No,No,No internet service,Yes,Two year,Yes,Electronic check,46.86,1933.11,No
CUST-04456,Female,0,No,No,42,Yes,Yes,Fiber optic,No,No,Yes,No,No,Yes,Month-to-month,No,Mailed check,71.0,2712.6,No
CUST-04457,Male,1,Yes,Yes,2,No,No,Fiber optic,No internet service,Yes,Yes,Yes,Yes,No internet service,Month-to-month,Yes,Bank transfer (automatic),46.33,101.55,No
CUST-04458,Male,0,Yes,No,6,Yes,No,DSL,No,No,Yes,No,No internet service,No internet service,One year,No,Bank transfer (automatic),78.93,501.23,Yes
CUST-04459,Male,0,No,No,25,Yes,Yes,Fiber optic,Yes,No,No,No internet service,Yes,No,Month-to-month,Yes,Bank transfer (automatic),59.15,1331.69,No
CUST-04460,Female,0,Yes,No,11,Yes,Yes,Fiber optic,No,Yes,No,No,Yes,No,Two year,No,Credit card (automatic),55.65,662.77,Yes
CUST-04461,Male,0,No,No,24,Yes,No,Fiber optic,No,No internet service,No internet service,No,No internet service,Yes,Two year,Yes,Electronic check,88.97,2331.88,Yes
CUST-04462,Female,0,Yes,No,17,Yes,No,DSL,No,No,No internet service,Yes,No,No,One year,Yes,Mailed check,55.79,972.85,No
CUST-04463,Female,0,No,Yes,4,Yes,Yes,No,Yes,Yes,No,No internet service,No internet service,No,One year,Yes,Mailed check,57.97,245.25,Yes
CUST-04464,Male,0,No,No,10,Yes,No,Fiber optic,No,No internet service,Yes,No,No,Yes,Month-to-month,No,Bank transfer (automatic),77.9,752.91,Yes
CUST-04465,Female,0,Yes,No,47,Yes,Yes,DSL,Yes,No,No,Yes,No,Yes,Month-to-month,Yes,Credit card (automatic),37.07,1767.49,No
CUST-04466,Male,0,No,No,28,Yes,No,No,Yes,No,Yes,No internet service,Yes,No,Two year,Yes,Bank transfer (automatic),60.22,1764.25,No
CUST-04467,Male,0,No,No,6,Yes,Yes,Fiber optic,Yes,No,No,No internet service,Yes,Yes,One year,Yes,Bank transfer (automatic),62.14,377.41,Yes
CUST-04468,Male,0,Yes,No,42,Yes,No,DSL,No,No internet service,Yes,No,Yes,No,Month-to-month,Yes,Credit card (automatic),75.72,3055.96,No
CUST-04469,Male,0,No,No,52,Yes,Yes,No,No,No,Yes,No,Yes,No internet service,Month-to-month,Yes,Bank transfer (automatic),33.33,1784.88,No
CUST-04470,Male,0,No,No,6,Yes,No,Fiber optic,No,No internet service,No internet service,No,Yes,Yes,Month-to-month,Yes,Mailed check,57.44,367.97,Yes
CUST-04471,Female,0,Yes,No,3,Yes,No,DSL,Yes,No internet service,No,Yes,No internet service,No internet service,Month-to-month,No,Electronic check,70.76,226.55,No
CUST-04472,Male,0,No,No,50,Yes,Yes,Fiber optic,Yes,No internet service,No internet service,No,No,No internet service,Two year,Yes,Credit card (automatic),71.75,3323.58,No
CUST-04473,Male,0,No,Yes,47,Yes,Yes,Fiber optic,No,No,Yes,No internet service,No,No,Month-to-month,Yes,Bank transfer (automatic),64.43,2995.15,No
CUST-04474,Female,0,No,No,24,Yes,Yes,DSL,No,No,Yes,No,Yes,Yes,Two year,No,Electronic check,61.76,1345.5,Yes
CUST-04475,Male,0,No,No,45,Yes,No phone service,Fiber optic,No,No,Yes,No internet service,No,Yes,Month-to-month,No,Bank transfer (automatic),72.67,3356.98,No
CUST-04476,Male,0,No,No,6,Yes,No,DSL,No,No,No,No internet service,Yes,Yes,Month-to-month,Yes,Electronic check,55.97,318.5,No
CUST-04477,Female,1,Yes,No,46,Yes,No,DSL,No internet service,No,No internet service,Yes,Yes,Yes,One year,No,Electronic check,64.44,3219.38,No
CUST-04478,Male,0,No,No,53,No,Yes,DSL,No internet service,No,No internet service,No,No internet service,Yes,One year,No,Electronic check,32.32,1753.47,No
CUST-04479,Male,0,Yes,No,29,No,No,DSL,No,No internet service,Yes,No,Yes,Yes,One year,Yes,Electronic check,75.59,2148.54,Yes
CUST-04480,Female,0,Yes,No,52,Yes,Yes,Fiber optic,Yes,No internet service,Yes,No internet service,Yes,Yes,Month-to-month,No,Credit card (automatic),36.61,1991.85,No
CUST-04481,Male,0,No,No,9,Yes,Yes,Fiber optic,No internet service,Yes,No,No,Yes,No internet service,Month-to-month,No,Credit card (automatic),50.68,429.43,No
CUST-04482,Female,1,No,No,19,Yes,Yes,DSL,No,No,No,Yes,Yes,No,Month-to-month,Yes,Mailed check,45.0,785.13,No
CUST-04483,Male,0,No,No,51,Yes,Yes,DSL,No,No internet service,No,Yes,No,Yes,One year,No,Electronic check,73.26,3427.93,No
CUST-04484,Male,0,No,No,26,Yes,No,Fiber optic,No internet service,No internet service,No,No,No internet service,Yes,Month-to-month,No,Credit card (automatic),20.78,549.23,No
CUST-04485,Female,0,Yes,No,27,No,No,Fiber optic,Yes,Yes,No,No internet service,No,No internet service,Month-to-month,Yes,Credit card (automatic),99.15,2885.25,Yes
CUST-04486,Male,0,No,No,68,Yes,No,Fiber optic,No,No internet service,No internet service,No,No,No,One year,Yes,Credit card (automatic),39.52,2538.35,No
CUST-04487,Female,0,No,Yes,71,Yes,No,DSL,No,No internet service,No internet service,No internet service,Yes,Yes,Month-to-month,No,Electronic check,30.06,2245.26,No
CUST-04488,Male,0,No,No,8,No,No,Fiber optic,Yes,Yes,No,No internet service,Yes,Yes,One year,No,Mailed check,44.41,322.43,No
CUST-04489,Male,0,No,No,13,No,Yes,No,Yes,No internet service,Yes,No internet service,No,No,Month-to-month,Yes,Credit card (automatic),63.06,795.73,No
CUST-04490,Female,0,No,No,14,Yes,No,No,Yes,No,No internet service,Yes,No,No internet service,Two year,Yes,Electronic check,79.61,1148.8,No
CUST-04491,Male,1,Yes,No,42,No,No,Fiber optic,No,No,Yes,Yes,No internet service,No internet service,Two year,No,Credit card (automatic),32.12,1437.07,No
CUST-04492,Male,0,No,No,31,Yes,No,DSL,No internet service,Yes,No,No internet service,No,No,Month-to-month,No,Mailed check,35.96,1213.57,No
CUST-04493,Male,1,Yes,Yes,53,Yes,No,Fiber optic,No internet service,Yes,Yes,No,Yes,Yes,Month-to-month,Yes,Mailed check,66.12,3597.27,No
CUST-04494,Female,0,No,No,21,Yes,No,DSL,No,No,Yes,Yes,Yes,Yes,Month-to-month,Yes,Electronic check,36.32,757.03,No
CUST-04495,Male,1,No,Yes,15,Yes,Yes,Fiber optic,No,Yes,No,Yes,No,Yes,Month-to-month,Yes,Mailed check,62.22,851.29,No
CUST-04496,Male,0,No,No,10,Yes,Yes,Fiber optic,Yes,No,Yes,Yes,Yes,Yes,Month-to-month,No,Credit card (automatic),71.78,685.59,Yes
CUST-04497,Male,0,No,No,44,Yes,Yes,DSL,No,Yes,No,No internet service,No,No internet service,Two year,Yes,Bank transfer (automatic),71.29,3402.2,No
CUST-04498,Male,0,No,No,50,Yes,Yes,Fiber optic,No,Yes,Yes,No internet service,No internet service,No internet service,One year,Yes,Electronic check,22.0,1118.24,No
CUST-04499,Male,0,No,No,14,Yes,No phone service,Fiber optic,No,No,No internet service,No internet service,No internet service,Yes,Two year,Yes,Electronic check,93.04,1261.58,Yes
CUST-04500,Male,0,No,No,1,Yes,Yes,No,Yes,No,No,Yes,No,Yes,Two year,No,Credit card (automatic),86.73,82.37,Yes
CUST-04501,Female,1,No,No,66,Yes,Yes,No,No,Yes,Yes,No,No,No,Month-to-month,Yes,Credit card (automatic),21.34,1299.61,No
CUST-04502,Male,0,Yes,Yes,24,Yes,Yes,DSL,No,Yes,No,Yes,Yes,Yes,Two year,Yes,Credit card (automatic),65.7,1656.15,Yes
CUST-04503,Male,0,Yes,No,67,Yes,No,No,No,Yes,No internet service,No,Yes,No internet service,Month-to-month,Yes,Mailed check,44.09,2902.26,No
CUST-04504,Female,1,No,No,31,Yes,No,DSL,Yes,Yes,Yes,Yes,Yes,No,One year,Yes,Bank transfer (automatic),35.25,1188.16,No
CUST-04505,Female,1,Yes,No,4,Yes,No,Fiber optic,No,No internet service,No,No internet service,No,No internet service,Month-to-month,Yes,Electronic check,78.67,311.81,No
CUST-04506,Female,0,No,No,54,No,No,Fiber optic,Yes,No,No internet service,No,Yes,Yes,One year,No,Electronic check,30.48,1750.72,No
CUST-04507,Female,0,No,Yes,33,No,Yes,DSL,No,Yes,Yes,No internet service,Yes,Yes,Month-to-month,Yes,Electronic check,35.81,1094.34,No
CUST-04508,Male,1,Yes,Yes,3,Yes,No,Fiber optic,Yes,No internet service,No internet service,Yes,No internet service,No,Month-to-month,Yes,Mailed check,20.49,57.18,No
CUST-04509,Male,0,Yes,No,10,Yes,Yes,Fiber optic,No,No internet service,Yes,No,Yes,No internet service,Month-to-month,No,Electronic check,54.81,523.24,No
CUST-04510,Male,0,No,No,17,Yes,Yes,Fiber optic,Yes,No internet service,Yes,No internet service,No,Yes,One year,Yes,Mailed check,93.49,1491.18,Yes
CUST-04511,Female,0,No,No,14,Yes,No,Fiber optic,Yes,No,No,Yes,Yes,No,Month-to-month,Yes,Electronic check,57.31,878.84,No
CUST-04512,Male,0,Yes,Yes,49,Yes,Yes,Fiber optic,No internet service,No,Yes,No,Yes,No,Two year,Yes,Electronic check,59.1,3074.37,No
CUST-04513,Female,0,No,Yes,44,Yes,No,DSL,No,No,No internet service,Yes,No,Yes,Two year,No,Electronic check,23.98,1023.13,No
CUST-04514,Male,1,Yes,No,24,Yes,No phone service,DSL,No,Yes,No,Yes,Yes,Yes,Month-to-month,Yes,Electronic check,62.89,1515.34,No
CUST-04515,Male,0,Yes,No,18,Yes,Yes,DSL,Yes,No,No internet service,No internet service,Yes,Yes,One year,Yes,Credit card (automatic),71.15,1289.22,Yes
CUST-04516,Female,0,Yes,No,6,Yes,No,Fiber optic,No,No,Yes,Yes,No,No,Two year,No,Bank transfer (automatic),48.42,296.75,No
CUST-04517,Male,0,Yes,No,68,Yes,No phone service,DSL,No,No,Yes,No,Yes,No,One year,Yes,Electronic check,55.1,3449.77,No
CUST-04518,Female,0,Yes,No,17,Yes,No,Fiber optic,No,Yes,No,No,Yes,Yes,Month-to-month,Yes,Mailed check,94.6,1559.63,Yes
CUST-04519,Female,0,Yes,No,8,Yes,Yes,Fiber optic,No internet service,Yes,No,Yes,No,Yes,One year,No,Bank transfer (automatic),64.89,476.13,No
CUST-04520,Male,0,No,Yes,51,Yes,No,No,Yes,No,No,No internet service,Yes,No internet service,Month-to-month,Yes,Electronic check,61.04,3373.95,No
CUST-04521,Male,0,Yes,No,62,Yes,Yes,No,No,No,Yes,Yes,No,No,Month-to-month,No,Mailed check,45.91,2791.46,No
CUST-04522,Female,0,No,No,9,Yes,Yes,DSL,Yes,No,Yes,No,Yes,No,One year,Yes,Bank transfer (automatic),22.07,207.65,No
CUST-04523,Female,0,Yes,No,68,Yes,Yes,Fiber optic,No,Yes,No,Yes,Yes,No,Month-to-month,Yes,Bank transfer (automatic),52.32,3857.2,No
CUST-04524,Male,0,Yes,No,52,Yes,Yes,DSL,Yes,No,Yes,Yes,Yes,No internet service,Month-to-month,No,Mailed check,59.65,2983.58,No
CUST-04525,Female,0,Yes,No,18,Yes,No,No,No,Yes,Yes,No,No,Yes,One year,No,Credit card (automatic),62.25,1028.14,No
CUST-04526,Female,0,Yes,No,20,Yes,Yes,Fiber optic,No,Yes,Yes,No internet service,Yes,Yes,Month-to-month,No,Credit card (automatic),86.44,1672.17,Yes
CUST-04527,Male,1,Yes,No,30,Yes,Yes,DSL,No internet service,Yes,No,No internet service,No internet service,No,Month-to-month,Yes,Credit card (automatic),38.02,1179.61,No
CUST-04528,Female,0,Yes,No,46,Yes,No,DSL,Yes,Yes,No internet service,Yes,No,No,Two year,Yes,Bank transfer (automatic),33.26,1529.9,No
CUST-04529,Female,0,No,No,10,Yes,Yes,No,No,Yes,Yes,No internet service,No,Yes,Two year,Yes,Bank transfer (automatic),25.41,232.5,No
CUST-04530,Female,1,No,Yes,22,Yes,Yes,Fiber optic,No,Yes,No,No,Yes,No,Month-to-month,No,Electronic check,56.04,1126.9,Yes
CUST-04531,Female,1,Yes,No,55,Yes,Yes,No,No,No internet service,No,No,No,Yes,One year,Yes,Credit card (automatic),78.25,4475.52,No
CUST-04532,Male,0,No,Yes,15,Yes,No,Fiber optic,Yes,Yes,No internet service,No,No internet service,No,Two year,Yes,Mailed check,62.12,975.88,Yes
CUST-04533,Male,0,Yes,Yes,12,Yes,No,Fiber optic,No,No internet service,Yes,No,No internet service,Yes,Month-to-month,Yes,Electronic check,55.9,618.41,Yes
CUST-04534,Male,1,No,No,16,Yes,Yes,No,No,No,No internet service,Yes,Yes,No internet service,Month-to-month,Yes,Mailed check,61.56,1043.02,No
CUST-04535,Male,0,Yes,No,44,Yes,No,Fiber optic,No internet service,Yes,No,No internet service,No,No,One year,No,Bank transfer (automatic),29.69,1266.01,No
CUST-04536,Male,0,Yes,No,65,Yes,Yes,Fiber optic,No,No,No,Yes,No,No internet service,Month-to-month,Yes,Mailed check,31.51,1871.28,No
CUST-04537,Male,0,Yes,No,48,Yes,No,DSL,No,No,No,No,No,No,Month-to-month,No,Electronic check,32.49,1507.7,No
CUST-04538,Female,0,Yes,Yes,16,Yes,No,No,No,Yes,No,No internet service,Yes,No internet service,Two year,No,Electronic check,91.39,1529.64,Yes
CUST-04539,Female,0,No,Yes,28,Yes,Yes,No,Yes,Yes,No,No,No internet service,Yes,Two year,Yes,Credit card (automatic),20.93,604.3,No
CUST-04540,Male,0,No,Yes,4,Yes,Yes,No,No internet service,Yes,No,Yes,No,No internet service,Month-to-month,No,Electronic check,52.47,209.1,No
CUST-04541,Female,0,No,Yes,55,Yes,No,DSL,No,No,No internet service,No,No internet service,No,Month-to-month,No,Mailed check,42.63,2241.32,No
CUST-04542,Male,0,No,No,57,Yes,Yes,No,No,Yes,No internet service,No internet service,No internet service,Yes,Two year,No,Electronic check,59.56,3339.2,No
CUST-04543,Female,0,No,No,32,Yes,No,Fiber optic,No internet service,No,Yes,No,Yes,No,One year,No,Electronic check,33.23,1038.18,No
CUST-04544,Male,0,No,Yes,36,Yes,No,DSL,Yes,Yes,Yes,Yes,No,No internet service,Two year,No,Electronic check,77.67,2734.62,No
CUST-04545,Female,0,Yes,No,9,Yes,Yes,Fiber optic,No,No,Yes,No,Yes,No,One year,No,Mailed check,83.84,753.0,Yes
CUST-04546,Male,1,Yes,No,33,Yes,Yes,Fiber optic,Yes,Yes,Yes,Yes,Yes,No,Two year,Yes,Bank transfer (automatic),75.56,2471.18,No
CUST-04547,Female,1,No,No,13,Yes,Yes,DSL,No,No,No,Yes,No,Yes,Month-to-month,Yes,Electronic check,86.73,1037.85,Yes
CUST-04548,Female,0,Yes,No,30,Yes,No,DSL,No,No internet service,Yes,No,Yes,No internet service,Month-to-month,Yes,Bank transfer (automatic),44.87,1289.61,No
CUST-04549,Male,1,Yes,No,10,Yes,No phone service,Fiber optic,No,No,No,Yes,No internet service,No,Month-to-month,Yes,Bank transfer (automatic),64.03,592.8,No
CUST-04550,Female,0,Yes,Yes,44,Yes,Yes,No,No,No,No,Yes,Yes,No,Two year,Yes,Mailed check,53.18,2387.7,No
CUST-04551,Female,0,No,No,18,Yes,No,DSL,No,Yes,Yes,No,No internet service,No internet service,One year,Yes,Credit card (automatic),28.31,501.71,No
CUST-04552,Female,1,Yes,No,52,Yes,Yes,Fiber optic,No,No,Yes,No internet service,Yes,No,Month-to-month,Yes,Bank transfer (automatic),62.27,3349.38,No
CUST-04553,Male,1,No,No,11,Yes,No,No,No internet service,No,Yes,Yes,No,Yes,One year,Yes,Credit card (automatic),91.6,924.49,Yes
CUST-04554,Female,0,No,No,64,Yes,Yes,No,Yes,Yes,Yes,No internet service,Yes,No internet service,Two year,Yes,Electronic check,53.94,3345.08,No
CUST-04555,Male,0,Yes,No,16,Yes,No,DSL,No,No internet service,No,No,No internet service,Yes,One year,Yes,Mailed check,64.29,962.88,No
CUST-04556,Male,0,Yes,No,20,Yes,Yes,Fiber optic,No,No,Yes,No internet service,No internet service,Yes,Month-to-month,No,Electronic check,59.21,1087.59,No
CUST-04557,Male,0,Yes,No,12,Yes,No,Fiber optic,No,No internet service,Yes,No,No,No,Month-to-month,No,Credit card (automatic),73.34,928.21,Yes
CUST-04558,Male,0,No,No,45,Yes,No phone service,Fiber optic,No,No,Yes,No,No,No,Month-to-month,No,Mailed check,39.11,1630.04,No
CUST-04559,Male,0,Yes,No,8,No,No,Fiber optic,No internet service,No,Yes,Yes,No internet service,Yes,One year,Yes,Bank transfer (automatic),35.05,262.17,No
CUST-04560,Female,0,No,No,49,Yes,No,No,Yes,No,No,No,Yes,Yes,Two year,No,Electronic check,54.51,2599.82,No
CUST-04561,Female,0,No,No,59,Yes,No,Fiber optic,No,No,No,No internet service,No,No,Month-to-month,Yes,Electronic check,37.99,2148.51,No
CUST-04562,Female,0,No,No,29,Yes,No,Fiber optic,Yes,No,Yes,No,Yes,No internet service,One year,Yes,Electronic check,99.27,3120.55,Yes
CUST-04563,Male,1,No,No,10,Yes,No,No,Yes,No,Yes,No,Yes,No internet service,One year,Yes,Bank transfer (automatic),66.96,735.04,No
CUST-04564,Female,0,No,Yes,36,Yes,No,No,Yes,Yes,Yes,No,No,No internet service,Month-to-month,Yes,Electronic check,32.55,1153.61,No
CUST-04565,Female,1,Yes,No,38,Yes,No,DSL,No internet service,Yes,No,Yes,No,Yes,Month-to-month,Yes,Credit card (automatic),29.89,1067.93,No
CUST-04566,Male,0,Yes,Yes,20,Yes,No,Fiber optic,No internet service,No internet service,Yes,Yes,Yes,No,Month-to-month,No,Bank transfer (automatic),60.18,1203.15,Yes
CUST-04567,Male,0,Yes,No,34,Yes,Yes,No,No,No internet service,No,No internet service,Yes,Yes,Month-to-month,No,Electronic check,62.13,2110.59,No
CUST-04568,Female,0,No,Yes,55,Yes,No phone service,No,No,No,No,No,Yes,Yes,Month-to-month,Yes,Credit card (automatic),65.97,3603.71,No
CUST-04569,Male,0,Yes,No,60,Yes,No phone service,No,Yes,Yes,No,No internet service,Yes,Yes,Two year,Yes,Mailed check,41.02,2225.09,No
CUST-04570,Female,0,No,No,15,Yes,No,Fiber optic,No,Yes,Yes,No internet service,No internet service,Yes,Month-to-month,Yes,Mailed check,78.77,1093.73,Yes
CUST-04571,Female,0,No,Yes,24,Yes,No phone service,DSL,No internet service,No,No,No internet service,No internet service,Yes,Two year,Yes,Bank transfer (automatic),75.93,1691.48,No
CUST-04572,Female,0,Yes,Yes,15,Yes,Yes,DSL,No internet service,No internet service,No internet service,Yes,Yes,No,Month-to-month,Yes,Electronic check,36.96,537.96,No
CUST-04573,Female,1,Yes,No,29,Yes,Yes,DSL,No,No,Yes,No,Yes,Yes,Two year,Yes,Bank transfer (automatic),24.14,711.37,No
CUST-04574,Male,0,Yes,No,39,Yes,No phone service,Fiber optic,No,No internet service,No,No,Yes,No internet service,Month-to-month,Yes,Credit card (automatic),30.25,1268.9,No
CUST-04575,Male,0,Yes,No,51,Yes,No,No,No,No,Yes,No,No internet service,No internet service,Month-to-month,Yes,Bank transfer (automatic),73.85,3557.96,No
CUST-04576,Female,0,Yes,No,20,Yes,No phone service,Fiber optic,Yes,No internet service,Yes,No internet service,No internet service,Yes,Month-to-month,Yes,Mailed check,36.89,777.82,No
CUST-04577,Male,0,Yes,No,10,Yes,Yes,Fiber optic,Yes,No,No,No internet service,Yes,No,Two year,No,Electronic check,91.75,867.26,Yes
CUST-04578,Female,0,Yes,Yes,3,Yes,No,Fiber optic,Yes,No,No,Yes,Yes,No,Month-to-month,Yes,Mailed check,52.07,141.61,No
CUST-04579,Male,0,Yes,Yes,16,Yes,No,DSL,No,No,Yes,No,No internet service,No,Month-to-month,Yes,Mailed check,94.88,1563.58,Yes
CUST-04580,Female,1,No,No,4,No,Yes,DSL,Yes,Yes,Yes,No,No internet service,No,Month-to-month,Yes,Bank transfer (automatic),38.09,143.66,No
CUST-04581,Female,0,Yes,Yes,15,Yes,No,Fiber optic,No,No internet service,No,No internet service,No,Yes,Two year,Yes,Bank transfer (automatic),51.28,833.76,No
CUST-04582,Female,0,Yes,No,50,Yes,No,Fiber optic,No,Yes,No internet service,Yes,No,No,One year,Yes,Electronic check,77.49,4210.36,No
CUST-04583,Male,0,Yes,No,55,Yes,Yes,Fiber optic,No,Yes,No internet service,Yes,Yes,No,Month-to-month,Yes,Bank transfer (automatic),32.08,1625.02,No
CUST-04584,Female,0,Yes,No,17,Yes,Yes,Fiber optic,No internet service,No internet service,Yes,No,No internet service,No,Month-to-month,Yes,Electronic check,83.01,1325.01,Yes
CUST-04585,Male,0,No,No,39,Yes,No,No,No internet service,Yes,No,No,Yes,No internet service,Month-to-month,No,Credit card (automatic),23.82,875.18,No
CUST-04586,Male,0,No,No,10,Yes,No,DSL,Yes,No internet service,No,No internet service,No,No internet service,Two year,No,Bank transfer (automatic),90.81,982.83,Yes
CUST-04587,Female,0,Yes,No,64,Yes,Yes,Fiber optic,No internet service,No internet service,No,No internet service,No,No,Month-to-month,Yes,Credit card (automatic),24.15,1415.16,No
CUST-04588,Male,0,No,Yes,11,Yes,No,DSL,No internet service,No,No internet service,No internet service,No internet service,No,Month-to-month,Yes,Mailed check,39.81,459.91,No
CUST-04589,Female,1,Yes,Yes,45,Yes,No,Fiber optic,No,No internet service,Yes,Yes,Yes,No,Month-to-month,No,Bank transfer (automatic),32.39,1395.66,No
CUST-04590,Male,0,Yes,No,59,No,No,Fiber optic,No,No internet service,No,No,No,No,Two year,No,Credit card (automatic),67.9,4072.15,No
CUST-04591,Male,0,No,Yes,36,Yes,No,Fiber optic,Yes,No,Yes,No internet service,No,No internet service,Month-to-month,Yes,Electronic check,47.8,1609.73,No
CUST-04592,Male,0,No,No,19,Yes,No phone service,Fiber optic,Yes,No,No,No,Yes,No,Month-to-month,Yes,Bank transfer (automatic),44.3,893.3,No
CUST-04593,Female,1,Yes,No,45,Yes,No phone service,Fiber optic,No internet service,No,No,Yes,No internet service,No internet service,One year,Yes,Credit card (automatic),61.54,2863.88,No
CUST-04594,Female,0,No,No,71,Yes,Yes,DSL,No internet service,Yes,Yes,No,Yes,No internet service,Two year,Yes,Credit card (automatic),76.83,4932.51,No
CUST-04595,Male,0,No,No,17,Yes,Yes,No,No,No,Yes,No,No,Yes,Two year,Yes,Electronic check,38.09,613.49,No
CUST-04596,Male,0,Yes,No,40,Yes,No,Fiber optic,Yes,Yes,No,No internet service,Yes,No,Month-to-month,No,Electronic check,24.01,953.94,No
CUST-04597,Female,0,No,Yes,4,Yes,No,Fiber optic,Yes,No internet service,Yes,No,No,No,Month-to-month,Yes,Electronic check,26.59,107.02,No
CUST-04598,Male,0,No,No,17,Yes,Yes,No,No,No,No,Yes,Yes,Yes,Month-to-month,No,Bank transfer (automatic),71.43,1293.79,No
CUST-04599,Male,0,No,No,55,Yes,No,Fiber optic,Yes,Yes,No,No,No internet service,Yes,Month-to-month,Yes,Electronic check,70.75,3803.28,No
CUST-04600,Female,0,Yes,No,24,Yes,Yes,DSL,No,No internet service,No,Yes,No,No,One year,Yes,Mailed check,97.11,2529.6,Yes
CUST-04601,Female,1,No,No,21,No,No,Fiber optic,Yes,No internet service,No,Yes,No,No internet service,Two year,No,Mailed check,72.02,1419.83,Yes
CUST-04602,Male,1,No,Yes,24,Yes,Yes,Fiber optic,No internet service,No,Yes,No internet service,No,No internet service,Two year,No,Mailed check,51.59,1326.74,No
CUST-04603,Female,0,Yes,No,9,Yes,No,DSL,Yes,Yes,No,Yes,Yes,No,One year,Yes,Electronic check,60.11,584.73,No
CUST-04604,Male,0,No,No,56,No,No,Fiber optic,No,No internet service,Yes,No,Yes,Yes,Two year,No,Bank transfer (automatic),39.93,2292.74,No
CUST-04605,Female,0,Yes,No,67,Yes,Yes,Fiber optic,Yes,No internet service,No internet service,No,No,No internet service,Two year,No,Bank transfer (automatic),24.95,1827.96,No
CUST-04606,Female,0,Yes,No,8,No,No phone service,Fiber optic,No,Yes,Yes,Yes,No,No,Month-to-month,Yes,Electronic check,39.32,308.93,No
CUST-04607,Female,0,Yes,Yes,17,Yes,No,DSL,No,No,Yes,Yes,Yes,No internet service,Two year,Yes,Credit card (automatic),61.43,1085.93,No
CUST-04608,Male,0,No,No,61,Yes,No,Fiber optic,No,No internet service,Yes,No,No internet service,Yes,Month-to-month,Yes,Mailed check,78.7,4330.33,No
CUST-04609,Female,0,No,No,14,Yes,No,DSL,No internet service,No internet service,No internet service,No,Yes,No internet service,Month-to-month,Yes,Credit card (automatic),83.96,1122.47,Yes
CUST-04610,Male,0,Yes,No,55,Yes,Yes,DSL,No internet service,No internet service,No,No,Yes,Yes,One year,Yes,Bank transfer (automatic),74.87,4172.51,No
CUST-04611,Female,0,Yes,No,51,Yes,No,No,No,No,No,No,No,No internet service,One year,No,Bank transfer (automatic),47.4,2599.16,No
CUST-04612,Male,0,No,No,21,Yes,No,Fiber optic,No internet service,Yes,Yes,Yes,Yes,No internet service,Two year,Yes,Mailed check,77.11,1766.0,Yes
CUST-04613,Female,0,Yes,No,27,Yes,No phone service,Fiber optic,Yes,No,Yes,No,No,No,Month-to-month,Yes,Bank transfer (automatic),75.73,2077.19,Yes
CUST-04614,Female,0,No,No,64,Yes,Yes,DSL,No,No,No,No,No,No,Two year,No,Electronic check,53.45,3664.27,No
CUST-04615,Male,0,No,No,24,Yes,Yes,Fiber optic,Yes,No,No,No internet service,No,No,Month-to-month,Yes,Electronic check,59.98,1525.67,Yes
CUST-04616,Male,0,Yes,Yes,17,Yes,Yes,DSL,No,No,No,Yes,No,No,Month-to-month,No,Credit card (automatic),35.95,644.6,No
CUST-04617,Female,0,Yes,No,6,Yes,Yes,DSL,No internet service,No internet service,No,No,No internet service,No internet service,Month-to-month,No,Bank transfer (automatic),78.86,436.39,Yes
CUST-04618,Female,1,No,No,37,Yes,Yes,No,No,No,No,No,Yes,Yes,Month-to-month,Yes,Electronic check,53.17,1958.89,No
CUST-04619,Male,0,Yes,Yes,3,Yes,Yes,DSL,Yes,No,Yes,No,No internet service,Yes,Month-to-month,No,Mailed check,83.31,249.24,Yes
CUST-04620,Male,1,No,No,61,Yes,No,No,Yes,Yes,Yes,Yes,Yes,No,Two year,Yes,Electronic check,55.0,3547.88,No
CUST-04621,Female,1,No,No,5,Yes,Yes,Fiber optic,No internet service,No,No,Yes,No,No,Month-to-month,Yes,Mailed check,64.93,330.24,Yes
CUST-04622,Male,0,Yes,Yes,27,No,No phone service,DSL,No internet service,No internet service,No internet service,Yes,Yes,Yes,Two year,No,Electronic check,34.46,989.94,No
CUST-04623,Female,1,No,No,23,Yes,Yes,DSL,No,No internet service,No internet service,Yes,Yes,Yes,Month-to-month,No,Credit card (automatic),72.73,1825.5,Yes
CUST-04624,Male,0,No,No,5,Yes,No,DSL,No,No internet service,No,No,No,No internet service,Two year,Yes,Credit card (automatic),44.0,222.41,No
CUST-04625,Female,0,Yes,No,52,Yes,Yes,Fiber optic,Yes,Yes,No,No,Yes,No,Month-to-month,No,Bank transfer (automatic),36.44,2005.43,No
CUST-04626,Female,0,Yes,Yes,21,Yes,No,DSL,Yes,No,Yes,No,Yes,No,Month-to-month,Yes,Electronic check,44.55,946.88,No
CUST-04627,Female,0,No,Yes,2,Yes,Yes,No,No,No,No internet service,No,Yes,No,Month-to-month,Yes,Mailed check,75.24,154.26,No
CUST-04628,Male,0,No,Yes,18,Yes,Yes,DSL,No,Yes,No,No,Yes,No,Month-to-month,Yes,Bank transfer (automatic),30.85,552.64,No
CUST-04629,Female,0,No,Yes,53,Yes,No,Fiber optic,Yes,Yes,Yes,No,No,Yes,Month-to-month,Yes,Bank transfer (automatic),31.11,1800.39,No
CUST-04630,Female,1,Yes,No,2,Yes,Yes,DSL,No,No,No,No,No internet service,Yes,Two year,No,Bank transfer (automatic),91.72,195.09,Yes
CUST-04631,Female,0,No,No,6,Yes,No,Fiber optic,Yes,No internet service,Yes,No,No,No,Month-to-month,Yes,Electronic check,23.63,148.92,No
CUST-04632,Female,1,Yes,No,33,Yes,Yes,DSL,Yes,Yes,No internet service,Yes,Yes,No internet service,Month-to-month,No,Mailed check,24.5,780.94,No
CUST-04633,Female,0,No,No,15,No,Yes,Fiber optic,No,No,No,No,No,No,Two year,No,Electronic check,20.66,309.0,No
CUST-04634,Male,1,No,Yes,49,Yes,Yes,Fiber optic,No,No,No internet service,No,Yes,No internet service,Month-to-month,Yes,Mailed check,28.77,1512.05,No
CUST-04635,Male,0,No,No,56,Yes,Yes,No,Yes,Yes,No,Yes,No,Yes,Two year,No,Credit card (automatic),58.42,3557.05,No
CUST-04636,Male,1,No,No,9,Yes,No,DSL,No,Yes,No,Yes,Yes,Yes,Two year,No,Electronic check,97.47,964.52,Yes
CUST-04637,Female,0,Yes,Yes,26,Yes,Yes,Fiber optic,Yes,No internet service,No internet service,No internet service,Yes,No,Month-to-month,Yes,Mailed check,42.67,1161.44,No
CUST-04638,Male,0,No,No,22,Yes,No,DSL,Yes,Yes,Yes,No internet service,No,Yes,Two year,No,Electronic check,62.34,1434.8,No
CUST-04639,Female,0,Yes,No,22,Yes,No,DSL,No internet service,No,Yes,No,Yes,Yes,Month-to-month,Yes,Mailed check,21.91,442.87,No
CUST-04640,Female,0,Yes,No,55,Yes,No,No,Yes,Yes,No,No internet service,No,No,Month-to-month,No,Bank transfer (automatic),32.54,1879.74,No
CUST-04641,Female,0,No,No,32,Yes,No,No,No,Yes,No internet service,No internet service,Yes,Yes,Month-to-month,No,Electronic check,79.75,2473.78,No
CUST-04642,Female,0,No,No,2,Yes,No,DSL,Yes,No,Yes,Yes,Yes,Yes,Month-to-month,Yes,Mailed check,55.82,119.78,No
CUST-04643,Male,1,No,No,68,Yes,Yes,Fiber optic,No,No,Yes,Yes,No,Yes,Two year,No,Bank transfer (automatic),59.6,3656.64,No
CUST-04644,Female,0,Yes,No,8,Yes,Yes,Fiber optic,Yes,Yes,No,No,Yes,No,One year,Yes,Mailed check,50.96,443.1,No
CUST-04645,Male,1,No,No,13,Yes,Yes,DSL,Yes,No internet service,No internet service,No internet service,Yes,No internet service,One year,No,Electronic check,58.39,756.62,Yes
CUST-04646,Female,0,No,No,12,Yes,Yes,DSL,No,No,No internet service,No,Yes,No,Month-to-month,Yes,Credit card (automatic),28.66,318.33,No
CUST-04647,Female,0,Yes,Yes,39,Yes,Yes,No,No internet service,No,No internet service,No internet service,No internet service,No,Two year,No,Mailed check,24.04,956.5,No
CUST-04648,Female,0,Yes,Yes,16,Yes,No,Fiber optic,Yes,No,No,No internet service,No,Yes,Month-to-month,No,Mailed check,97.72,1623.57,Yes
CUST-04649,Female,1,No,No,49,Yes,Yes,DSL,No,No,No,No internet service,No,No,Month-to-month,Yes,Electronic check,20.25,1047.78,No
CUST-04650,Female,0,No,No,18,Yes,No,DSL,No,No internet service,Yes,No,No internet service,No,Month-to-month,Yes,Credit card (automatic),80.0,1498.13,Yes
CUST-04651,Male,0,No,No,27,Yes,No,No,No,Yes,No,No,No internet service,Yes,Two year,Yes,Credit card (automatic),20.08,547.95,No
CUST-04652,Male,1,No,No,19,Yes,No phone service,Fiber optic,No internet service,No,No internet service,No,No,No,Month-to-month,No,Electronic check,78.21,1361.74,Yes
CUST-04653,Female,0,Yes,Yes,69,Yes,Yes,Fiber optic,No,Yes,No,No,No internet service,No,Two year,Yes,Mailed check,59.05,4370.17,No
CUST-04654,Female,1,No,No,18,Yes,Yes,DSL,No internet service,Yes,No,Yes,Yes,No internet service,Two year,Yes,Bank transfer (automatic),52.84,1043.08,No
CUST-04655,Male,0,No,No,16,Yes,No,DSL,No internet service,No internet service,No internet service,Yes,Yes,Yes,Month-to-month,Yes,Mailed check,53.59,905.11,No
CUST-04656,Female,0,Yes,No,5,Yes,Yes,Fiber optic,No internet service,No internet service,No,Yes,No,Yes,Two year,No,Electronic check,29.44,133.5,No
CUST-04657,Female,0,Yes,No,4,Yes,Yes,DSL,Yes,Yes,No,No,Yes,No,Month-to-month,No,Bank transfer (automatic),66.37,279.06,Yes
CUST-04658,Female,0,No,No,49,Yes,Yes,DSL,No,No,Yes,No,Yes,No,Two year,Yes,Bank transfer (automatic),62.6,2926.08,No
CUST-04659,Female,0,Yes,No,44,Yes,Yes,DSL,No,No,No,Yes,No,Yes,Month-to-month,No,Mailed check,21.4,1028.62,No
CUST-04660,Male,0,No,No,2,Yes,Yes,Fiber optic,Yes,No,No,No,No,No,Month-to-month,Yes,Bank transfer (automatic),55.72,101.71,No
CUST-04661,Female,0,Yes,No,57,Yes,No,DSL,No,No internet service,No,No,Yes,No internet service,One year,No,Bank transfer (automatic),51.02,2670.99,No
CUST-04662,Female,0,No,No,23,Yes,No,No,No,No,Yes,No,Yes,Yes,One year,No,Electronic check,89.17,1920.21,Yes
CUST-04663,Female,0,Yes,No,4,Yes,No,No,No,No,No,No internet service,No,No,Month-to-month,No,Credit card (automatic),69.38,291.57,Yes
CUST-04664,Female,0,Yes,No,14,Yes,Yes,Fiber optic,No,Yes,No internet service,No,No,Yes,Month-to-month,No,Bank transfer (automatic),56.71,817.98,Yes
CUST-04665,Female,0,Yes,No,19,Yes,Yes,No,Yes,No internet service,Yes,No,No,No internet service,Month-to-month,No,Credit card (automatic),42.92,852.54,No
CUST-04666,Female,0,No,No,51,Yes,No,DSL,Yes,No,Yes,No internet service,Yes,No,One year,Yes,Bank transfer (automatic),24.79,1227.34,No
CUST-04667,Male,0,Yes,No,29,Yes,No,Fiber optic,No internet service,No,No internet service,No internet service,No,Yes,Month-to-month,Yes,Credit card (automatic),77.72,2424.98,No
CUST-04668,Female,0,No,No,43,Yes,No,Fiber optic,No internet service,Yes,Yes,No,No,Yes,Two year,No,Bank transfer (automatic),27.82,1183.4,No
CUST-04669,Female,0,Yes,No,24,Yes,No,No,Yes,Yes,Yes,No,No,No internet service,Month-to-month,No,Credit card (automatic),67.85,1509.24,No
CUST-04670,Female,1,No,No,47,No,Yes,Fiber optic,Yes,Yes,Yes,Yes,Yes,No,Month-to-month,No,Electronic check,20.84,1031.88,No
CUST-04671,Male,0,Yes,No,68,Yes,Yes,DSL,Yes,Yes,No,Yes,No,No internet service,Two year,No,Bank transfer (automatic),41.86,2863.3,No
CUST-04672,Male,0,Yes,No,47,Yes,Yes,Fiber optic,No,No,Yes,No internet service,No,No,Month-to-month,No,Credit card (automatic),50.91,2437.47,No
CUST-04673,Male,0,Yes,No,66,No,Yes,Fiber optic,Yes,No,No,No,Yes,No,One year,No,Mailed check,21.79,1405.1,No
CUST-04674,Male,0,Yes,No,67,Yes,Yes,DSL,No,Yes,Yes,No internet service,Yes,Yes,One year,No,Credit card (automatic),64.05,4472.2,No
CUST-04675,Male,1,Yes,No,9,Yes,No,Fiber optic,No internet service,No,No,No,Yes,No internet service,Month-to-month,No,Electronic check,35.63,290.88,No
CUST-04676,Female,0,No,No,26,No,Yes,Fiber optic,No,No,No,Yes,No internet service,No,Two year,Yes,Credit card (automatic),95.31,2473.69,Yes
CUST-04677,Female,0,Yes,No,59,Yes,Yes,DSL,No,Yes,Yes,Yes,No,Yes,Two year,Yes,Credit card (automatic),67.54,3926.81,No
CUST-04678,Male,0,Yes,No,31,Yes,Yes,DSL,No,Yes,No,No,Yes,Yes,Two year,Yes,Bank transfer (automatic),55.47,1804.34,No
CUST-04679,Female,1,Yes,No,43,Yes,No,Fiber optic,Yes,No,Yes,No internet service,No internet service,No,Month-to-month,Yes,Credit card (automatic),47.34,1940.3,No
CUST-04680,Female,0,No,No,44,Yes,No,Fiber optic,No,No internet service,No internet service,No,No,No,Month-to-month,Yes,Mailed check,40.17,1673.35,No
CUST-04681,Female,1,No,No,56,Yes,No phone service,DSL,No,Yes,No internet service,No,No,No,Month-to-month,No,Credit card (automatic),22.71,1225.93,No
CUST-04682,Female,0,Yes,No,57,Yes,Yes,DSL,Yes,No,No,Yes,No internet service,Yes,Month-to-month,Yes,Bank transfer (automatic),74.78,4245.87,No
CUST-04683,Female,0,Yes,Yes,10,Yes,No,DSL,No,Yes,Yes,No,No,No,One year,Yes,Mailed check,55.13,519.31,Yes
CUST-04684,Female,1,No,No,1,No,No,No,No,Yes,Yes,Yes,No,No internet service,Month-to-month,No,Electronic check,57.89,60.02,No
CUST-04685,Female,0,Yes,No,18,Yes,Yes,Fiber optic,No internet service,Yes,No internet service,No,No,No,Month-to-month,Yes,Mailed check,46.43,807.59,No
CUST-04686,Female,1,No,Yes,38,No,Yes,Fiber optic,Yes,No,Yes,Yes,No internet service,No,One year,No,Electronic check,42.36,1584.42,No
CUST-04687,Female,0,No,No,61,Yes,Yes,DSL,Yes,No,Yes,Yes,No internet service,No,One year,No,Electronic check,22.8,1406.82,No
CUST-04688,Male,0,Yes,Yes,47,Yes,No,Fiber optic,Yes,No,No internet service,No internet service,No,No,Two year,Yes,Bank transfer (automatic),30.14,1381.7,No
CUST-04689,Female,1,Yes,No,16,No,No,No,Yes,No,No,No,No internet service,Yes,Two year,Yes,Electronic check,88.46,1472.32,Yes
CUST-04690,Male,0,No,No,51,No,No,No,No,No,No,No internet service,Yes,No,Month-to-month,Yes,Electronic check,34.5,1814.47,No
CUST-04691,Male,0,No,No,8,No,No,Fiber optic,Yes,No,No internet service,Yes,No,No,Two year,Yes,Credit card (automatic),84.01,706.6,Yes
CUST-04692,Female,0,Yes,No,5,Yes,No,No,Yes,Yes,No,No,No,No,One year,Yes,Electronic check,80.16,402.64,Yes
CUST-04693,Female,0,Yes,No,10,Yes,Yes,Fiber optic,No internet service,Yes,No,No,Yes,No,Month-to-month,Yes,Electronic check,74.39,724.18,Yes
CUST-04694,Female,1,Yes,No,21,Yes,No,Fiber optic,Yes,Yes,Yes,No,No,No,Month-to-month,No,Electronic check,45.28,894.04,No
CUST-04695,Male,0,No,Yes,44,Yes,Yes,Fiber optic,No,No,No,No,No,No internet service,Month-to-month,No,Credit card (automatic),67.05,2912.96,No
CUST-04696,Female,0,No,No,13,Yes,No,Fiber optic,No,No,No,No internet service,No,Yes,Month-to-month,No,Electronic check,55.97,781.89,No
CUST-04697,Male,0,No,No,28,No,No phone service,Fiber optic,No internet service,Yes,Yes,No,No internet service,No internet service,Month-to-month,Yes,Credit card (automatic),20.08,519.63,No
CUST-04698,Female,0,Yes,No,40,Yes,No,DSL,No internet service,Yes,No internet service,Yes,No,No,One year,Yes,Credit card (automatic),65.71,2478.79,No
CUST-04699,Male,0,No,No,1,Yes,No phone service,No,No,No,No,Yes,Yes,No,Month-to-month,No,Mailed check,74.35,76.81,Yes
CUST-04700,Female,0,Yes,No,66,Yes,No,DSL,No,No internet service,No,Yes,No internet service,No,Two year,Yes,Electronic check,51.01,3417.13,No
CUST-04701,Male,0,Yes,No,28,Yes,No,Fiber optic,No,Yes,No internet service,No,No internet service,No internet service,Month-to-month,No,Bank transfer (automatic),75.34,2285.11,Yes
CUST-04702,Male,1,No,No,64,Yes,No,No,No,No,Yes,No,Yes,Yes,Month-to-month,Yes,Credit card (automatic),26.55,1539.15,No
CUST-04703,Female,0,No,Yes,17,No,No,DSL,No internet service,Yes,No,No internet service,Yes,No internet service,Two year,Yes,Electronic check,64.47,1178.96,Yes
CUST-04704,Female,1,Yes,No,26,Yes,No phone service,No,No internet service,Yes,No,No,Yes,No internet service,Month-to-month,Yes,Electronic check,36.93,1003.48,No
CUST-04705,Male,0,Yes,No,10,Yes,No phone service,Fiber optic,No,Yes,No,No,Yes,Yes,Two year,Yes,Electronic check,22.2,234.23,No
CUST-04706,Male,1,No,No,19,Yes,Yes,Fiber optic,No internet service,No,Yes,Yes,Yes,No internet service,Month-to-month,No,Electronic check,46.24,857.24,No
CUST-04707,Female,0,Yes,No,7,Yes,Yes,DSL,No,Yes,Yes,Yes,No,No internet service,Month-to-month,No,Mailed check,83.12,559.42,Yes
CUST-04708,Female,0,No,No,57,Yes,No,Fiber optic,No,No,Yes,No internet service,Yes,No,Month-to-month,Yes,Electronic check,20.09,1033.91,No
CUST-04709,Male,0,No,No,44,Yes,Yes,Fiber optic,No,No internet service,No internet service,Yes,No,Yes,Two year,No,Credit card (automatic),49.58,2306.92,No
CUST-04710,Male,1,No,No,52,Yes,No,No,No,Yes,Yes,No,No,Yes,One year,Yes,Credit card (automatic),38.67,1874.73,No
CUST-04711,Female,1,Yes,No,8,Yes,Yes,Fiber optic,No,No,No,No internet service,No,No,Two year,No,Mailed check,46.05,348.22,No
CUST-04712,Male,0,No,No,36,Yes,No,Fiber optic,No,Yes,Yes,No internet service,Yes,Yes,Month-to-month,No,Bank transfer (automatic),20.7,711.9,No
CUST-04713,Male,0,No,No,3,No,No,Fiber optic,No internet service,No,No,Yes,No,Yes,Month-to-month,Yes,Bank transfer (automatic),93.07,299.85,Yes
CUST-04714,Female,1,No,Yes,28,Yes,No,No,No,No internet service,Yes,No internet service,No internet service,No,Month-to-month,No,Bank transfer (automatic),48.22,1292.89,No
CUST-04715,Female,0,No,No,64,Yes,No,Fiber optic,No,Yes,No,Yes,No,No,Month-to-month,No,Bank transfer (automatic),47.96,3023.82,No
CUST-04716,Male,0,Yes,No,9,Yes,Yes,Fiber optic,Yes,No,No,Yes,No internet service,Yes,Month-to-month,Yes,Mailed check,63.02,595.24,No
CUST-04717,Male,0,No,Yes,20,Yes,No phone service,Fiber optic,No,No,No internet service,No,No,No,Two year,No,Mailed check,94.38,2035.69,Yes
CUST-04718,Male,0,No,No,56,Yes,Yes,DSL,No,No internet service,No,Yes,No internet service,No,One year,Yes,Electronic check,21.67,1284.19,No
CUST-04719,Female,0,Yes,No,25,Yes,No,No,No internet service,Yes,No internet service,No,No,No,One year,No,Mailed check,95.69,2409.19,Yes
CUST-04720,Female,0,No,No,44,Yes,No,Fiber optic,No internet service,Yes,No internet service,No internet service,No internet service,Yes,Two year,Yes,Electronic check,71.4,2828.81,No
CUST-04721,Female,0,No,No,67,No,No,DSL,No,Yes,Yes,No internet service,No internet service,No internet service,Two year,Yes,Bank transfer (automatic),57.54,3591.36,No
CUST-04722,Male,0,No,No,4,Yes,Yes,DSL,No,No,No,Yes,Yes,Yes,Month-to-month,No,Credit card (automatic),99.9,379.91,Yes
CUST-04723,Female,0,Yes,Yes,12,Yes,No,Fiber optic,No,No,No,Yes,No,No internet service,Two year,Yes,Electronic check,62.8,740.6,No
CUST-04724,Female,0,No,Yes,66,Yes,No,Fiber optic,No internet service,No,No,No,No internet service,Yes,Month-to-month,No,Bank transfer (automatic),63.45,4072.28,No
CUST-04725,Female,0,No,Yes,8,Yes,Yes,DSL,No,Yes,No,No,Yes,No,Two year,No,Credit card (automatic),24.57,197.13,No
CUST-04726,Female,0,No,No,47,No,No,No,Yes,No,No,No,No,Yes,One year,No,Mailed check,36.52,1686.24,No
CUST-04727,Male,0,Yes,Yes,19,Yes,Yes,Fiber optic,No internet service,No internet service,No internet service,Yes,No,Yes,Month-to-month,Yes,Mailed check,55.03,1092.84,No
CUST-04728,Male,1,Yes,No,66,Yes,No phone service,No,No,No,No,No,Yes,Yes,Two year,No,Mailed check,51.34,3084.99,No
CUST-04729,Male,0,No,No,70,Yes,Yes,DSL,No,No internet service,Yes,No,Yes,No,Month-to-month,Yes,Credit card (automatic),65.76,5058.67,No
CUST-04730,Male,0,No,Yes,34,Yes,Yes,Fiber optic,Yes,No,No internet service,Yes,Yes,Yes,Month-to-month,No,Electronic check,79.62,2892.82,No
CUST-04731,Male,0,Yes,Yes,6,Yes,No,No,Yes,No,No,Yes,Yes,Yes,Two year,Yes,Mailed check,67.36,390.82,Yes
CUST-04732,Male,0,Yes,No,4,Yes,Yes,Fiber optic,No,No internet service,Yes,No internet service,No,No internet service,Month-to-month,Yes,Electronic check,86.0,336.9,Yes
CUST-04733,Male,0,No,No,31,Yes,No phone service,Fiber optic,Yes,No,No internet service,No internet service,Yes,No,Month-to-month,Yes,Credit card (automatic),72.01,2439.34,No
CUST-04734,Female,0,No,No,67,Yes,Yes,Fiber optic,No,No,No,Yes,Yes,No,One year,Yes,Electronic check,70.29,5119.91,No
CUST-04735,Male,0,No,No,21,No,No,Fiber optic,No,Yes,Yes,Yes,Yes,Yes,Month-to-month,Yes,Mailed check,69.03,1418.66,No
CUST-04736,Female,0,No,Yes,69,Yes,No,No,No,Yes,No internet service,No,No internet service,Yes,Month-to-month,Yes,Electronic check,57.22,3600.44,No
CUST-04737,Female,0,No,No,47,Yes,Yes,Fiber optic,No,No,No,No,No,No,Month-to-month,No,Electronic check,79.59,4105.8,No
CUST-04738,Male,0,No,Yes,15,Yes,No,Fiber optic,No internet service,No,Yes,Yes,No,No internet service,Month-to-month,Yes,Credit card (automatic),73.09,1130.06,Yes
CUST-04739,Female,1,Yes,No,44,Yes,Yes,Fiber optic,No,Yes,Yes,No,Yes,Yes,Month-to-month,Yes,Electronic check,26.98,1232.94,No
CUST-04740,Female,0,Yes,Yes,59,Yes,Yes,DSL,No,Yes,No internet service,No,No,Yes,One year,Yes,Mailed check,27.95,1574.71,No
CUST-04741,Female,0,Yes,No,29,Yes,No,No,No,No,Yes,Yes,Yes,No internet service,One year,No,Electronic check,68.72,2119.91,Yes
CUST-04742,Female,1,Yes,Yes,33,Yes,No,DSL,No,No,No,No internet service,No,No internet service,One year,Yes,Mailed check,68.3,2279.81,No
CUST-04743,Female,0,No,Yes,19,Yes,Yes,No,Yes,Yes,Yes,No,No,No,Month-to-month,Yes,Electronic check,47.17,890.9,No
CUST-04744,Male,0,Yes,No,15,No,Yes,Fiber optic,No,No internet service,No internet service,Yes,No,No,Two year,No,Credit card (automatic),56.68,891.21,No
CUST-04745,Female,0,No,No,18,Yes,No,Fiber optic,Yes,No,Yes,No internet service,No,No,Two year,Yes,Electronic check,91.64,1607.26,Yes
CUST-04746,Female,1,No,No,28,Yes,No,No,Yes,Yes,No,No,Yes,Yes,Month-to-month,Yes,Mailed check,62.89,1736.06,No
CUST-04747,Male,0,No,No,71,No,Yes,No,No,Yes,No internet service,Yes,Yes,Yes,Two year,Yes,Credit card (automatic),29.19,2135.63,No
CUST-04748,Male,0,No,No,67,Yes,No,No,No internet service,No internet service,No,Yes,Yes,Yes,Month-to-month,Yes,Mailed check,51.21,3526.86,No
CUST-04749,Female,0,Yes,No,25,Yes,Yes,Fiber optic,No,No,No,No,No,Yes,Month-to-month,No,Bank transfer (automatic),62.21,1701.81,Yes
CUST-04750,Male,0,Yes,No,26,Yes,No,Fiber optic,No,Yes,No,No,No internet service,No,Month-to-month,Yes,Electronic check,48.12,1266.85,No
CUST-04751,Male,0,Yes,No,37,Yes,Yes,DSL,Yes,Yes,No internet service,No,No,Yes,Month-to-month,No,Bank transfer (automatic),45.83,1635.0,No
CUST-04752,Male,0,No,Yes,54,Yes,Yes,Fiber optic,No,Yes,No,No,No,Yes,One year,Yes,Bank transfer (automatic),56.27,2909.4,No
CUST-04753,Male,1,No,Yes,1,Yes,No,Fiber optic,Yes,No,No internet service,No,Yes,Yes,Month-to-month,Yes,Mailed check,50.57,50.91,No
CUST-04754,Female,0,No,No,19,Yes,Yes,DSL,No internet service,No,Yes,Yes,Yes,No internet service,Month-to-month,Yes,Mailed check,83.13,1459.29,Yes
CUST-04755,Female,0,No,Yes,4,No,Yes,Fiber optic,No,No,No internet service,No,Yes,Yes,One year,Yes,Bank transfer (automatic),90.79,369.56,Yes
CUST-04756,Male,0,No,No,69,Yes,Yes,Fiber optic,No internet service,Yes,Yes,No internet service,Yes,Yes,Month-to-month,Yes,Electronic check,37.64,2540.15,No
CUST-04757,Male,0,Yes,No,7,Yes,No,Fiber optic,No,No internet service,No,No internet service,No,No internet service,Month-to-month,Yes,Electronic check,27.27,185.24,No
CUST-04758,Female,0,Yes,No,13,Yes,No,Fiber optic,Yes,No,No,No,No,No,One year,No,Electronic check,89.38,1090.48,Yes
CUST-04759,Male,0,No,No,44,Yes,No phone service,No,No internet service,No,No internet service,No internet service,No internet service,Yes,Month-to-month,No,Mailed check,31.88,1401.43,No
CUST-04760,Male,0,Yes,No,29,Yes,Yes,Fiber optic,No,Yes,No,No internet service,No,No,One year,Yes,Credit card (automatic),91.7,2413.39,Yes
CUST-04761,Male,0,Yes,No,13,Yes,Yes,Fiber optic,No,No internet service,Yes,No,Yes,No,One year,Yes,Bank transfer (automatic),73.32,973.59,No
CUST-04762,Female,0,Yes,No,35,Yes,No,Fiber optic,Yes,No,Yes,Yes,Yes,Yes,Month-to-month,No,Credit card (automatic),75.49,2528.83,No
CUST-04763,Female,0,Yes,No,11,Yes,No,Fiber optic,No,Yes,No internet service,Yes,Yes,No,Month-to-month,No,Electronic check,59.03,701.93,Yes
CUST-04764,Male,0,Yes,No,71,Yes,Yes,Fiber optic,Yes,No internet service,Yes,No internet service,No internet service,Yes,One year,Yes,Credit card (automatic),65.52,4676.45,No
CUST-04765,Male,0,No,No,7,Yes,No,DSL,Yes,No,No,No,Yes,Yes,Two year,No,Electronic check,94.27,696.92,Yes
CUST-04766,Female,0,Yes,No,16,Yes,Yes,Fiber optic,No,Yes,No,No,Yes,No,Month-to-month,Yes,Electronic check,42.65,730.33,No
CUST-04767,Female,0,No,No,68,Yes,No,No,No internet service,No,No,No,No,No,Two year,No,Mailed check,72.3,5289.05,No
CUST-04768,Male,0,No,No,14,No,No,DSL,No internet service,No internet service,Yes,Yes,No,No,Two year,Yes,Electronic check,79.32,1192.8,No
CUST-04769,Male,0,No,Yes,65,Yes,No,Fiber optic,No,No,No,Yes,Yes,Yes,One year,Yes,Bank transfer (automatic),78.07,4795.93,No
CUST-04770,Male,0,No,No,22,Yes,No,No,Yes,No,No internet service,Yes,Yes,Yes,Month-to-month,Yes,Mailed check,83.97,1774.67,Yes
CUST-04771,Female,1,Yes,No,22,Yes,No,Fiber optic,No internet service,No,No internet service,No,No internet service,No,One year,No,Bank transfer (automatic),42.3,969.3,No
CUST-04772,Male,0,Yes,No,49,No,No,Fiber optic,No,No internet service,No,No,No internet service,No,Month-to-month,No,Mailed check,33.62,1659.77,No
CUST-04773,Female,0,No,No,57,Yes,No,Fiber optic,No,Yes,Yes,Yes,Yes,No,Month-to-month,No,Credit card (automatic),79.57,4634.67,No
CUST-04774,Male,0,No,No,22,Yes,Yes,Fiber optic,Yes,Yes,No,No,Yes,Yes,One year,No,Bank transfer (automatic),98.24,2238.1,Yes
CUST-04775,Male,0,Yes,Yes,50,Yes,Yes,Fiber optic,Yes,No,No,Yes,Yes,Yes,One year,Yes,Electronic check,46.3,2136.4,No
CUST-04776,Male,1,No,No,10,Yes,No phone service,No,Yes,Yes,Yes,No,No internet service,Yes,Two year,Yes,Electronic check,35.85,334.72,No
CUST-04777,Female,0,Yes,No,37,Yes,No,Fiber optic,Yes,No,No,No,No,No internet service,One year,Yes,Electronic check,49.77,1892.25,No
CUST-04778,Male,1,Yes,Yes,37,No,No,No,No,No internet service,No internet service,No,No,Yes,Month-to-month,No,Electronic check,26.62,1009.64,No
CUST-04779,Male,0,No,Yes,41,Yes,No,Fiber optic,No,Yes,No,No internet service,No,No,One year,No,Credit card (automatic),68.54,2988.55,No
CUST-04780,Male,0,Yes,No,68,Yes,Yes,Fiber optic,Yes,Yes,No,Yes,No,No,Two year,Yes,Bank transfer (automatic),50.31,3553.67,No
CUST-04781,Male,0,No,No,59,No,Yes,No,Yes,Yes,No,Yes,No internet service,No internet service,One year,Yes,Electronic check,45.17,2509.22,No
CUST-04782,Male,0,Yes,No,43,Yes,Yes,DSL,No,No,No,No,Yes,Yes,Month-to-month,No,Bank transfer (automatic),41.79,1642.46,No
CUST-04783,Male,0,No,Yes,29,No,No,No,No,No,No,No,No internet service,No,One year,No,Credit card (automatic),54.79,1554.28,No
CUST-04784,Female,0,Yes,No,18,Yes,No,Fiber optic,No,No internet service,No,No internet service,No,No internet service,One year,Yes,Mailed check,67.86,1190.03,Yes
CUST-04785,Male,0,No,No,2,Yes,No phone service,Fiber optic,No,Yes,No,No,No,No,Two year,Yes,Bank transfer (automatic),74.15,156.23,No
CUST-04786,Female,0,No,No,40,Yes,No phone service,Fiber optic,No,Yes,No internet service,No internet service,No,No,Month-to-month,Yes,Electronic check,70.49,2916.3,No
CUST-04787,Female,0,No,No,18,Yes,No,No,No,No internet service,No internet service,No,No internet service,No,Month-to-month,No,Mailed check,46.73,903.75,No
CUST-04788,Male,1,Yes,No,63,Yes,No phone service,No,Yes,No,No,No internet service,Yes,Yes,Month-to-month,Yes,Mailed check,70.04,4416.28,No
CUST-04789,Female,1,No,No,55,Yes,No,Fiber optic,No internet service,No,No,No,Yes,Yes,One year,Yes,Mailed check,51.72,2724.39,No
CUST-04790,Male,0,Yes,Yes,65,Yes,No phone service,No,No internet service,No internet service,No,No,No,No,Month-to-month,No,Electronic check,58.29,3792.07,No
CUST-04791,Female,0,No,No,71,Yes,Yes,Fiber optic,No,Yes,No internet service,No,Yes,Yes,Two year,Yes,Credit card (automatic),60.47,4049.08,No
CUST-04792,Female,0,Yes,No,29,Yes,No,Fiber optic,No,No,No internet service,No,No,No,Two year,Yes,Credit card (automatic),43.98,1163.32,No
CUST-04793,Male,1,Yes,Yes,31,No,Yes,Fiber optic,No,No,No,No,Yes,Yes,Two year,No,Mailed check,49.16,1523.86,No
CUST-04794,Female,0,Yes,Yes,3,Yes,Yes,DSL,No internet service,No,No,No internet service,Yes,No internet service,One year,No,Electronic check,64.28,189.51,Yes
CUST-04795,Female,1,No,No,31,Yes,Yes,DSL,Yes,Yes,No,No,No,No internet service,One year,No,Electronic check,38.48,1081.28,No
CUST-04796,Male,0,No,No,20,Yes,Yes,Fiber optic,Yes,Yes,No internet service,Yes,No,No,Month-to-month,No,Bank transfer (automatic),64.81,1353.56,No
CUST-04797,Female,0,No,Yes,28,No,Yes,DSL,No,No,Yes,Yes,No internet service,Yes,Two year,Yes,Mailed check,90.71,2613.21,Yes
CUST-04798,Female,0,No,No,9,Yes,No,No,Yes,Yes,No,Yes,No internet service,No internet service,Month-to-month,Yes,Electronic check,99.86,822.13,Yes
CUST-04799,Male,0,Yes,Yes,67,Yes,No,Fiber optic,No internet service,Yes,Yes,No,Yes,No internet service,Month-to-month,Yes,Electronic check,70.26,4905.15,No
CUST-04800,Male,0,No,Yes,16,Yes,No,DSL,No internet service,Yes,No,No,No,No,Two year,Yes,Mailed check,21.39,313.69,No
CUST-04801,Female,1,Yes,Yes,32,No,Yes,Fiber optic,No internet service,No,No,No,Yes,No internet service,Month-to-month,No,Bank transfer (automatic),34.42,1105.33,No
CUST-04802,Male,0,No,No,38,Yes,No,Fiber optic,Yes,No internet service,No,Yes,No internet service,No,One year,Yes,Electronic check,53.67,2089.32,No
CUST-04803,Female,1,No,No,24,Yes,No phone service,Fiber optic,Yes,No,Yes,Yes,Yes,Yes,Month-to-month,No,Mailed check,78.92,1893.7,Yes
CUST-04804,Female,0,Yes,No,42,Yes,No phone service,No,No internet service,No,No internet service,No,Yes,No internet service,Month-to-month,No,Mailed check,32.34,1425.49,No
CUST-04805,Female,1,Yes,Yes,5,Yes,No,Fiber optic,No,Yes,No,Yes,Yes,No internet service,Month-to-month,No,Credit card (automatic),64.95,317.32,No
CUST-04806,Female,1,Yes,Yes,24,Yes,Yes,Fiber optic,No,Yes,Yes,No,No,No internet service,Month-to-month,No,Electronic check,21.55,487.51,No
CUST-04807,Female,0,Yes,Yes,63,Yes,Yes,Fiber optic,No,Yes,No internet service,No,No,No internet service,Month-to-month,Yes,Bank transfer (automatic),56.6,3556.11,No
CUST-04808,Female,0,No,No,20,No,No,Fiber optic,No internet service,No,No,No,Yes,Yes,Month-to-month,Yes,Electronic check,22.05,427.09,No
CUST-04809,Male,0,Yes,No,25,Yes,Yes,Fiber optic,No internet service,No,No,No internet service,No,No internet service,Two year,Yes,Credit card (automatic),26.96,626.99,No
CUST-04810,Male,0,No,No,11,Yes,Yes,Fiber optic,No,Yes,Yes,No internet service,No,No,Month-to-month,Yes,Electronic check,43.42,474.86,No
CUST-04811,Female,0,Yes,No,17,Yes,Yes,Fiber optic,No,No,Yes,No internet service,Yes,Yes,Two year,Yes,Credit card (automatic),75.81,1211.81,Yes
CUST-04812,Male,0,No,Yes,22,Yes,Yes,Fiber optic,No internet service,No,Yes,No,No,No,Month-to-month,No,Electronic check,71.78,1569.78,Yes
CUST-04813,Female,0,No,Yes,27,Yes,Yes,DSL,No,No,No,No,Yes,Yes,Month-to-month,No,Mailed check,38.73,1065.06,No
CUST-04814,Female,0,No,Yes,18,Yes,Yes,Fiber optic,No,No internet service,No,No,No,Yes,Two year,No,Electronic check,89.58,1703.45,Yes
CUST-04815,Female,1,Yes,Yes,64,Yes,No,DSL,No internet service,Yes,No internet service,No,No internet service,Yes,One year,Yes,Mailed check,54.13,3709.02,No
CUST-04816,Male,0,No,No,16,Yes,Yes,Fiber optic,No internet service,No,No,No,Yes,No internet service,Month-to-month,Yes,Electronic check,57.16,945.32,No
CUST-04817,Male,0,No,No,28,Yes,No,Fiber optic,No internet service,Yes,Yes,No,No,No,Month-to-month,Yes,Mailed check,67.04,2024.87,Yes
CUST-04818,Female,0,No,No,9,Yes,Yes,DSL,No,Yes,No internet service,No internet service,Yes,No internet service,Month-to-month,Yes,Electronic check,31.84,289.87,No
CUST-04819,Male,0,No,No,1,Yes,Yes,Fiber optic,No,Yes,Yes,Yes,Yes,Yes,Two year,No,Electronic check,55.06,57.38,Yes
CUST-04820,Male,0,No,No,71,Yes,No,DSL,No internet service,Yes,No,Yes,No,No internet service,Month-to-month,Yes,Mailed check,58.69,4392.31,No
CUST-04821,Male,0,Yes,No,22,Yes,Yes,No,Yes,Yes,Yes,Yes,Yes,Yes,One year,No,Electronic check,68.99,1616.39,No
CUST-04822,Male,0,No,Yes,19,Yes,No phone service,Fiber optic,No,No internet service,Yes,No internet service,Yes,Yes,Month-to-month,Yes,Electronic check,55.57,1109.01,No
CUST-04823,Male,0,No,Yes,29,Yes,Yes,DSL,Yes,No,No internet service,No,No,No internet service,Month-to-month,No,Bank transfer (automatic),61.55,1928.61,No
CUST-04824,Male,0,Yes,Yes,64,No,Yes,Fiber optic,No,No,No,No,Yes,Yes,Month-to-month,No,Bank transfer (automatic),49.04,3121.52,No
CUST-04825,Female,0,No,Yes,23,Yes,No,Fiber optic,No,No,No,No,Yes,No internet service,Month-to-month,Yes,Mailed check,87.55,2196.28,Yes
CUST-04826,Female,0,Yes,Yes,44,No,Yes,No,No,No internet service,Yes,Yes,Yes,No,Month-to-month,Yes,Mailed check,58.13,2506.71,No
CUST-04827,Female,0,Yes,No,56,Yes,Yes,No,No,Yes,No,No,No,No,Month-to-month,Yes,Mailed check,34.18,1749.54,No
CUST-04828,Female,0,No,No,10,Yes,Yes,Fiber optic,No internet service,Yes,No internet service,Yes,No,No internet service,Month-to-month,Yes,Electronic check,67.1,628.34,Yes
CUST-04829,Female,0,Yes,No,43,Yes,Yes,Fiber optic,Yes,No,No internet service,No,No,No,Two year,Yes,Credit card (automatic),40.72,1771.36,No
CUST-04830,Male,0,Yes,No,40,Yes,No,No,No,No internet service,Yes,Yes,No internet service,Yes,Month-to-month,No,Bank transfer (automatic),56.28,2032.65,No
CUST-04831,Male,0,Yes,Yes,38,Yes,No,DSL,No,Yes,Yes,Yes,Yes,No,Two year,Yes,Mailed check,53.66,1899.36,No
CUST-04832,Female,0,Yes,Yes,13,Yes,No,No,No internet service,No,Yes,No,Yes,Yes,Month-to-month,Yes,Mailed check,71.2,902.29,No
CUST-04833,Female,1,No,No,11,Yes,No,No,Yes,No,Yes,No internet service,Yes,No internet service,Month-to-month,No,Electronic check,70.31,792.64,Yes
CUST-04834,Male,0,No,No,61,Yes,No phone service,No,Yes,No internet service,Yes,No,No,No,Month-to-month,No,Credit card (automatic),73.05,4157.98,No
CUST-04835,Male,0,No,No,3,Yes,No,No,Yes,No,Yes,No,No,No,One year,No,Mailed check,28.22,85.93,No
CUST-04836,Male,1,No,No,59,No,Yes,DSL,Yes,No internet service,No,No internet service,No internet service,No,Month-to-month,Yes,Bank transfer (automatic),28.67,1746.72,No
CUST-04837,Male,0,No,No,41,Yes,Yes,Fiber optic,No,No,No,No,Yes,No internet service,Month-to-month,Yes,Bank transfer (automatic),71.74,3096.44,No
CUST-04838,Female,0,No,No,13,Yes,Yes,DSL,No internet service,Yes,Yes,No internet service,No,No,Two year,No,Electronic check,80.73,1083.17,Yes
CUST-04839,Male,0,No,No,9,Yes,No,DSL,No,No,No internet service,No,Yes,No,One year,Yes,Bank transfer (automatic),56.71,484.88,No
CUST-04840,Female,1,Yes,No,2,Yes,No,No,No internet service,No,No,Yes,No internet service,No,Month-to-month,Yes,Electronic check,58.81,129.32,Yes
CUST-04841,Female,0,No,Yes,1,Yes,No phone service,No,No,No,No,No,No internet service,No,Two year,Yes,Electronic check,76.06,81.97,No
CUST-04842,Female,0,Yes,No,13,Yes,No phone service,Fiber optic,No,Yes,Yes,No internet service,Yes,No internet service,Month-to-month,No,Bank transfer (automatic),81.55,1033.33,Yes
CUST-04843,Female,0,Yes,No,8,No,Yes,Fiber optic,Yes,Yes,No,No,No,No internet service,One year,No,Bank transfer (automatic),65.03,471.25,Yes
CUST-04844,Male,0,No,No,65,Yes,Yes,DSL,No internet service,No,No internet service,No,Yes,No,One year,Yes,Electronic check,68.81,4498.33,No
CUST-04845,Female,0,No,No,13,No,Yes,Fiber optic,No,Yes,Yes,Yes,No,No internet service,Two year,No,Electronic check,33.55,468.01,No
CUST-04846,Male,0,Yes,No,11,Yes,Yes,DSL,No internet service,Yes,Yes,Yes,Yes,No internet service,Month-to-month,Yes,Credit card (automatic),93.06,1089.57,Yes
CUST-04847,Male,0,Yes,No,27,Yes,No phone service,Fiber optic,No,No,Yes,No internet service,No internet service,No,Month-to-month,No,Bank transfer (automatic),96.02,2798.68,Yes
CUST-04848,Male,0,Yes,No,3,Yes,No,DSL,No,No,No,No,Yes,No,Month-to-month,Yes,Mailed check,62.19,204.09,No
CUST-04849,Male,0,No,No,52,Yes,No,DSL,No,No,No internet service,No,No internet service,No,Month-to-month,Yes,Bank transfer (automatic),59.4,3220.4,No
CUST-04850,Male,0,No,Yes,63,Yes,No phone service,Fiber optic,No internet service,No,No,No internet service,No internet service,No,Month-to-month,Yes,Credit card (automatic),69.8,4100.49,No
CUST-04851,Female,0,Yes,No,16,Yes,No,Fiber optic,Yes,No,No internet service,No internet service,Yes,No internet service,Month-to-month,No,Credit card (automatic),53.37,774.75,No
CUST-04852,Female,0,No,No,69,No,Yes,Fiber optic,No internet service,No,No,No,No,No,Month-to-month,Yes,Electronic check,75.7,4859.14,No
CUST-04853,Female,0,Yes,No,57,Yes,No,Fiber optic,Yes,No internet service,No internet service,No,Yes,No,Month-to-month,Yes,Mailed check,28.69,1537.57,No
CUST-04854,Female,1,Yes,Yes,53,Yes,Yes,DSL,Yes,Yes,No,No,No,No internet service,Month-to-month,Yes,Mailed check,41.34,1998.82,No
CUST-04855,Female,0,Yes,No,24,No,No,DSL,Yes,Yes,No internet service,No,No internet service,No,Month-to-month,Yes,Credit card (automatic),66.98,1592.55,No
CUST-04856,Female,0,Yes,No,11,Yes,Yes,No,No,No,No internet service,No internet service,No,No internet service,Month-to-month,Yes,Electronic check,61.4,713.75,Yes
CUST-04857,Male,0,Yes,Yes,9,Yes,Yes,DSL,No,No,Yes,Yes,No,Yes,One year,No,Mailed check,62.42,506.08,Yes
CUST-04858,Female,0,Yes,Yes,58,Yes,Yes,Fiber optic,No internet service,No internet service,No,Yes,Yes,No,Month-to-month,No,Electronic check,66.37,4083.22,No
CUST-04859,Male,0,No,Yes,23,Yes,No,DSL,No,No,Yes,No,Yes,No,Month-to-month,Yes,Electronic check,89.55,2234.85,Yes
CUST-04860,Female,0,Yes,No,46,Yes,No phone service,No,No,No,No internet service,No,No internet service,No internet service,One year,No,Bank transfer (automatic),31.26,1337.87,No
CUST-04861,Female,0,No,No,56,Yes,No,Fiber optic,No,No,No,Yes,No,No,Month-to-month,Yes,Credit card (automatic),30.49,1543.99,No
CUST-04862,Male,1,No,No,25,Yes,No,DSL,No,No,No internet service,No,No,Yes,One year,Yes,Electronic check,38.07,947.82,No
CUST-04863,Female,0,No,Yes,3,No,No,Fiber optic,No,No internet service,No internet service,Yes,Yes,Yes,Two year,No,Mailed check,38.18,122.98,No
CUST-04864,Male,1,Yes,No,63,No,No,No,Yes,Yes,No,No internet service,No internet service,Yes,Two year,Yes,Mailed check,28.2,1860.75,No
CUST-04865,Female,0,No,Yes,44,Yes,Yes,Fiber optic,No,No,No,No,Yes,No internet service,One year,Yes,Electronic check,70.08,2796.57,No
CUST-04866,Male,0,Yes,No,41,Yes,Yes,Fiber optic,No,No,Yes,No,No,No,Month-to-month,No,Bank transfer (automatic),36.96,1567.87,No
CUST-04867,Female,0,Yes,No,41,Yes,No,DSL,No internet service,No internet service,No,Yes,Yes,No,Month-to-month,Yes,Electronic check,68.13,2970.84,No
CUST-04868,Male,0,No,Yes,6,No,No,Fiber optic,No,Yes,No,Yes,No internet service,No,Month-to-month,No,Bank transfer (automatic),72.71,416.28,Yes
CUST-04869,Female,0,No,No,55,Yes,No,DSL,Yes,Yes,Yes,No,Yes,No,Month-to-month,Yes,Bank transfer (automatic),39.92,2262.97,No
CUST-04870,Female,0,Yes,No,48,Yes,No,DSL,No,Yes,Yes,Yes,Yes,No internet service,Month-to-month,Yes,Mailed check,78.21,3749.54,No
CUST-04871,Female,0,Yes,No,56,No,No,No,No,Yes,No internet service,Yes,Yes,No,Month-to-month,Yes,Electronic check,31.47,1658.56,No
CUST-04872,Female,0,No,No,21,Yes,Yes,Fiber optic,No,No internet service,No,No,No,No internet service,Month-to-month,Yes,Electronic check,58.85,1335.09,No
CUST-04873,Male,0,No,Yes,51,Yes,No,DSL,No,No,No,No internet service,No,No internet service,Month-to-month,Yes,Mailed check,79.47,3828.44,No
CUST-04874,Male,0,No,No,70,Yes,No,Fiber optic,No,No,No internet service,No internet service,Yes,Yes,One year,No,Electronic check,68.5,5121.52,No
CUST-04875,Female,0,Yes,No,17,Yes,Yes,No,No,No,No,No,No internet service,Yes,One year,Yes,Electronic check,33.78,597.42,No
CUST-04876,Male,0,No,No,41,Yes,Yes,Fiber optic,No,Yes,No,No,No internet service,No internet service,One year,Yes,Credit card (automatic),35.44,1371.93,No
CUST-04877,Male,0,No,No,27,Yes,No,Fiber optic,Yes,No,Yes,No,Yes,Yes,Two year,No,Bank transfer (automatic),56.85,1599.82,Yes
CUST-04878,Female,1,Yes,No,37,Yes,No phone service,Fiber optic,No,No,No,No internet service,Yes,Yes,One year,Yes,Mailed check,76.58,2564.85,No
CUST-04879,Female,0,Yes,Yes,22,Yes,Yes,Fiber optic,No,No internet service,Yes,Yes,Yes,No,Month-to-month,Yes,Bank transfer (automatic),95.76,1995.6,Yes
CUST-04880,Male,0,Yes,No,27,No,Yes,No,No internet service,Yes,No,No,No internet service,No,Month-to-month,Yes,Mailed check,97.74,2525.72,Yes
CUST-04881,Female,0,No,No,16,Yes,Yes,DSL,No,Yes,No,No,Yes,Yes,Month-to-month,No,Mailed check,40.99,706.89,No
CUST-04882,Female,0,No,No,21,Yes,No,Fiber optic,No internet service,No internet service,Yes,No,Yes,No,Month-to-month,No,Electronic check,64.22,1460.66,Yes
CUST-04883,Male,0,Yes,No,61,Yes,Yes,Fiber optic,Yes,No internet service,No,Yes,Yes,Yes,Month-to-month,Yes,Bank transfer (automatic),44.49,2589.59,No
CUST-04884,Male,0,No,No,49,Yes,No,DSL,No,No,Yes,Yes,No,No internet service,One year,Yes,Electronic check,40.7,1984.19,No
CUST-04885,Male,0,No,Yes,42,No,No phone service,DSL,No,Yes,No,Yes,No,Yes,Month-to-month,No,Electronic check,56.0,2578.56,No
CUST-04886,Male,0,Yes,No,31,Yes,No,No,No internet service,Yes,Yes,Yes,Yes,Yes,Month-to-month,Yes,Electronic check,45.53,1458.28,No
CUST-04887,Male,0,No,No,1,Yes,No phone service,DSL,No,Yes,No internet service,No,No,Yes,One year,Yes,Mailed check,59.92,54.76,Yes
CUST-04888,Male,1,No,No,67,Yes,No,Fiber optic,Yes,No internet service,Yes,No,No,No internet service,One year,No,Mailed check,50.36,3300.86,No
CUST-04889,Female,1,No,No,49,No,Yes,DSL,No,No internet service,Yes,No,Yes,Yes,Month-to-month,No,Electronic check,41.37,1995.28,No
CUST-04890,Male,0,Yes,Yes,69,Yes,Yes,Fiber optic,No,No,Yes,Yes,No,No,Month-to-month,Yes,Mailed check,65.27,4329.25,No
CUST-04891,Male,0,No,No,22,Yes,Yes,DSL,No internet service,No internet service,No,No internet service,Yes,No internet service,Month-to-month,Yes,Mailed check,73.64,1626.53,Yes
CUST-04892,Female,0,Yes,Yes,55,No,Yes,Fiber optic,Yes,No,No,No internet service,Yes,Yes,Month-to-month,Yes,Credit card (automatic),50.55,2911.49,No
CUST-04893,Female,0,Yes,No,40,Yes,Yes,Fiber optic,No,Yes,Yes,No,No internet service,No,Two year,No,Bank transfer (automatic),32.59,1353.53,No
CUST-04894,Female,0,No,No,18,Yes,No phone service,No,No internet service,No,No,Yes,Yes,Yes,Month-to-month,Yes,Electronic check,21.85,381.62,No
CUST-04895,Male,0,No,No,13,Yes,No,DSL,No,No internet service,Yes,Yes,No internet service,No,Month-to-month,Yes,Electronic check,67.17,914.54,Yes
CUST-04896,Male,0,Yes,No,29,Yes,No phone service,Fiber optic,No,No internet service,No internet service,No,No,No,Month-to-month,Yes,Bank transfer (automatic),55.89,1631.86,Yes
CUST-04897,Male,0,Yes,No,16,Yes,Yes,Fiber optic,No,Yes,No,No,No internet service,No,Two year,No,Bank transfer (automatic),97.56,1645.1,Yes
CUST-04898,Male,0,Yes,Yes,2,Yes,No,No,Yes,No internet service,No,Yes,No internet service,Yes,Month-to-month,Yes,Credit card (automatic),41.6,76.78,No
CUST-04899,Female,0,Yes,No,69,Yes,Yes,Fiber optic,No,No,No,No internet service,No internet service,Yes,Month-to-month,Yes,Bank transfer (automatic),41.48,2807.6,No
CUST-04900,Male,0,No,No,59,Yes,No,DSL,No,No,No internet service,Yes,No,Yes,Month-to-month,No,Credit card (automatic),61.05,3526.06,No
CUST-04901,Female,0,No,No,26,Yes,Yes,Fiber optic,Yes,No,No internet service,No internet service,No internet service,No,Month-to-month,Yes,Bank transfer (automatic),31.23,787.91,No
CUST-04902,Male,0,No,No,20,Yes,Yes,DSL,No internet service,Yes,Yes,No,No internet service,No,Month-to-month,No,Mailed check,60.67,1261.46,Yes
CUST-04903,Male,0,Yes,No,9,Yes,No,DSL,No internet service,No,No,No,No,Yes,Month-to-month,No,Mailed check,23.71,215.83,No
CUST-04904,Male,1,No,No,67,Yes,Yes,DSL,No,No,Yes,Yes,Yes,No,Two year,No,Mailed check,78.43,5134.89,No
CUST-04905,Male,0,Yes,Yes,17,Yes,No,Fiber optic,No,No internet service,No,No,Yes,Yes,Month-to-month,Yes,Bank transfer (automatic),24.13,413.19,No
CUST-04906,Male,0,No,Yes,1,Yes,No phone service,No,No,No internet service,No,No,No,Yes,Month-to-month,No,Mailed check,63.61,66.21,Yes
CUST-04907,Male,0,Yes,Yes,17,Yes,Yes,No,No internet service,Yes,Yes,No,No internet service,Yes,Month-to-month,Yes,Electronic check,90.89,1599.25,Yes
CUST-04908,Female,0,No,No,4,Yes,No,DSL,No internet service,Yes,No internet service,No internet service,Yes,No,Month-to-month,Yes,Credit card (automatic),76.18,320.61,Yes
CUST-04909,Male,0,Yes,No,46,Yes,Yes,DSL,No,Yes,No internet service,Yes,No internet service,Yes,Month-to-month,No,Electronic check,79.68,3922.93,No
CUST-04910,Male,0,No,Yes,71,Yes,No,Fiber optic,No,Yes,Yes,No,No,Yes,Month-to-month,No,Electronic check,47.5,3533.97,No
CUST-04911,Male,0,Yes,No,61,Yes,No,Fiber optic,Yes,No,Yes,No,No,No internet service,Month-to-month,Yes,Electronic check,27.17,1551.34,No
CUST-04912,Male,0,No,Yes,38,Yes,Yes,Fiber optic,No,No,Yes,No internet service,Yes,Yes,Two year,No,Credit card (automatic),78.94,3207.65,No
CUST-04913,Female,0,Yes,No,10,Yes,Yes,No,Yes,Yes,No internet service,Yes,Yes,Yes,Month-to-month,Yes,Bank transfer (automatic),34.56,333.99,No
CUST-04914,Male,0,No,No,62,Yes,No,Fiber optic,No internet service,Yes,Yes,No internet service,No,No,Two year,Yes,Electronic check,24.35,1559.81,No
CUST-04915,Female,1,No,Yes,19,No,No,DSL,No,No,No,Yes,Yes,Yes,One year,Yes,Credit card (automatic),21.45,447.57,No
CUST-04916,Female,0,No,Yes,65,Yes,Yes,Fiber optic,Yes,No internet service,Yes,No,No internet service,Yes,Month-to-month,Yes,Mailed check,47.79,2978.77,No
CUST-04917,Male,0,Yes,No,29,Yes,Yes,Fiber optic,No,No internet service,No,No,No,No internet service,Month-to-month,No,Electronic check,75.1,2077.81,No
CUST-04918,Male,1,No,Yes,37,Yes,Yes,DSL,No,Yes,No internet service,No,No,Yes,Two year,Yes,Mailed check,21.02,728.3,No
CUST-04919,Female,0,Yes,No,32,Yes,No,DSL,No internet service,No,Yes,No,No,Yes,Month-to-month,Yes,Credit card (automatic),63.51,2229.08,No
CUST-04920,Female,0,Yes,Yes,33,Yes,Yes,No,No,No internet service,No,No internet service,No,Yes,Month-to-month,No,Mailed check,35.63,1158.61,No
CUST-04921,Male,0,Yes,No,12,Yes,No,Fiber optic,Yes,No internet service,No,No,No internet service,No,Two year,No,Bank transfer (automatic),33.14,420.26,No
CUST-04922,Female,0,Yes,No,40,Yes,Yes,Fiber optic,No internet service,No internet service,Yes,No,Yes,No internet service,Month-to-month,No,Bank transfer (automatic),62.23,2264.79,No
CUST-04923,Female,0,Yes,No,29,Yes,No,DSL,No internet service,No internet service,No internet service,No,No internet service,Yes,One year,No,Mailed check,64.87,1760.99,No
CUST-04924,Female,0,No,No,61,Yes,No,No,No,No,No,No,No,No,Month-to-month,Yes,Mailed check,53.54,2980.62,No
CUST-04925,Female,0,No,No,34,Yes,Yes,Fiber optic,No internet service,No internet service,Yes,Yes,No,No,Month-to-month,No,Bank transfer (automatic),32.14,1161.74,No
CUST-04926,Male,1,No,No,69,Yes,No phone service,DSL,No,No internet service,Yes,Yes,No internet service,Yes,Two year,Yes,Credit card (automatic),20.38,1295.57,No
CUST-04927,Female,0,Yes,No,22,Yes,No,Fiber optic,No,No,No internet service,No,Yes,No,One year,Yes,Electronic check,64.24,1532.89,No
CUST-04928,Male,0,Yes,No,26,Yes,Yes,Fiber optic,No internet service,Yes,Yes,No,Yes,Yes,Two year,Yes,Electronic check,66.95,1797.71,Yes
CUST-04929,Male,0,No,No,3,Yes,Yes,DSL,No,Yes,No internet service,No,Yes,Yes,Two year,No,Electronic check,45.35,147.19,No
CUST-04930,Male,0,No,Yes,16,Yes,No,Fiber optic,No internet service,No,Yes,Yes,No,No,Month-to-month,Yes,Bank transfer (automatic),92.75,1456.95,Yes
CUST-04931,Female,1,Yes,No,11,Yes,Yes,DSL,No internet service,No,No internet service,Yes,No,Yes,Month-to-month,No,Credit card (automatic),88.57,979.27,Yes
CUST-04932,Male,0,No,No,21,Yes,Yes,Fiber optic,No,No,Yes,No,Yes,No internet service,Month-to-month,No,Bank transfer (automatic),24.25,461.13,No
CUST-04933,Male,0,No,No,14,Yes,Yes,Fiber optic,No,Yes,No internet service,No,Yes,No,One year,No,Mailed check,80.24,1115.7,Yes
CUST-04934,Female,0,No,No,44,Yes,No,DSL,No internet service,Yes,No internet service,No,No internet service,Yes,Month-to-month,No,Electronic check,61.3,2746.14,No
CUST-04935,Female,0,Yes,No,5,Yes,Yes,DSL,No,No internet service,Yes,No,Yes,No,Month-to-month,Yes,Mailed check,70.75,325.49,Yes
CUST-04936,Female,0,Yes,No,9,Yes,No,No,No,Yes,No internet service,No,Yes,Yes,Month-to-month,Yes,Mailed check,88.91,877.21,Yes
CUST-04937,Male,0,Yes,No,55,No,No phone service,DSL,No internet service,No internet service,No internet service,No,Yes,Yes,One year,Yes,Mailed check,51.21,2537.37,No
CUST-04938,Female,0,Yes,No,63,Yes,No,Fiber optic,No,No,No internet service,Yes,No,Yes,Month-to-month,Yes,Bank transfer (automatic),55.48,3332.68,No
CUST-04939,Male,0,Yes,Yes,48,Yes,No,Fiber optic,No,Yes,Yes,No,Yes,No,Month-to-month,Yes,Electronic check,74.07,3637.58,No
CUST-04940,Female,0,Yes,Yes,32,Yes,No,No,Yes,No,No internet service,No internet service,Yes,Yes,Month-to-month,No,Bank transfer (automatic),52.78,1688.16,No
CUST-04941,Female,0,Yes,No,10,Yes,No phone service,Fiber optic,No,No internet service,No internet service,No internet service,No internet service,Yes,Month-to-month,Yes,Electronic check,24.04,227.86,No
CUST-04942,Male,0,Yes,No,27,Yes,No,DSL,No,No,Yes,Yes,No internet service,Yes,Month-to-month,Yes,Bank transfer (automatic),40.7,1205.88,No
CUST-04943,Female,0,Yes,No,51,Yes,Yes,Fiber optic,No,No internet service,No internet service,No,No internet service,No,Month-to-month,No,Credit card (automatic),57.7,2759.59,No
CUST-04944,Female,0,Yes,No,18,Yes,No phone service,Fiber optic,No,No internet service,Yes,Yes,No,No,Month-to-month,Yes,Electronic check,39.99,729.66,No
CUST-04945,Female,1,Yes,No,12,Yes,Yes,Fiber optic,No internet service,No internet service,Yes,Yes,No,No,Two year,Yes,Mailed check,86.41,957.26,Yes
CUST-04946,Female,0,No,Yes,10,Yes,No,Fiber optic,No,No,No,No,Yes,Yes,Two year,No,Bank transfer (automatic),31.39,286.03,No
CUST-04947,Female,1,No,Yes,5,Yes,No,DSL,No internet service,Yes,No internet service,No,No,Yes,Two year,Yes,Bank transfer (automatic),59.27,295.63,Yes
CUST-04948,Male,0,Yes,No,21,Yes,Yes,Fiber optic,No,No,No,No internet service,No,No,Month-to-month,Yes,Credit card (automatic),93.9,2092.07,Yes
CUST-04949,Male,0,Yes,No,17,Yes,No phone service,DSL,No internet service,No,No internet service,No,No,No,Month-to-month,Yes,Mailed check,72.57,1241.42,No
CUST-04950,Male,0,Yes,No,62,Yes,Yes,Fiber optic,No,No,No,No,Yes,No,Month-to-month,No,Bank transfer (automatic),60.86,3617.58,No
CUST-04951,Male,1,Yes,Yes,27,Yes,Yes,DSL,No,No internet service,No,Yes,No,No,One year,No,Electronic check,51.2,1248.79,No
CUST-04952,Male,0,No,No,7,Yes,Yes,No,No,No,No,Yes,No internet service,No,Month-to-month,No,Electronic check,67.55,514.51,Yes
CUST-04953,Female,0,Yes,No,29,Yes,No phone service,Fiber optic,No,No,Yes,No,Yes,Yes,Month-to-month,Yes,Credit card (automatic),75.12,2052.95,No
CUST-04954,Female,0,Yes,No,23,Yes,Yes,DSL,Yes,No,Yes,No,No,No internet service,Month-to-month,Yes,Mailed check,73.33,1711.74,No
CUST-04955,Male,0,No,Yes,66,Yes,No,Fiber optic,No,No,Yes,Yes,Yes,Yes,Month-to-month,Yes,Electronic check,43.96,2620.23,No
CUST-04956,Female,0,No,Yes,8,Yes,No,No,No,No,No,No,Yes,No internet service,Month-to-month,No,Electronic check,64.03,470.97,Yes
CUST-04957,Female,1,Yes,No,12,Yes,No,DSL,No internet service,Yes,No,No internet service,Yes,No,One year,No,Bank transfer (automatic),74.81,838.5,No
CUST-04958,Female,0,Yes,No,22,Yes,Yes,Fiber optic,No,No,Yes,Yes,No,No,Month-to-month,No,Electronic check,96.64,1961.23,Yes
CUST-04959,Male,0,No,No,6,Yes,Yes,Fiber optic,No,No,Yes,Yes,Yes,Yes,Month-to-month,Yes,Electronic check,39.72,239.79,No
CUST-04960,Female,0,No,No,18,Yes,No,Fiber optic,Yes,No internet service,No internet service,No internet service,Yes,No internet service,Two year,Yes,Credit card (automatic),75.2,1325.73,Yes
CUST-04961,Male,0,No,No,47,No,Yes,Fiber optic,Yes,No internet service,Yes,No,No,No internet service,Month-to-month,Yes,Bank transfer (automatic),44.5,2217.53,No
CUST-04962,Male,0,Yes,Yes,67,Yes,Yes,Fiber optic,No,No internet service,No,No,No internet service,No,Month-to-month,No,Mailed check,65.69,4063.4,No
CUST-04963,Male,0,Yes,Yes,35,Yes,No,Fiber optic,Yes,No,No,Yes,Yes,Yes,One year,No,Electronic check,52.22,1802.5,No
CUST-04964,Female,0,No,No,6,Yes,Yes,Fiber optic,Yes,No internet service,Yes,No,Yes,Yes,One year,Yes,Credit card (automatic),32.71,193.44,No
CUST-04965,Female,1,No,No,4,Yes,No,DSL,No internet service,Yes,No,No,Yes,No,Month-to-month,Yes,Credit card (automatic),41.38,156.61,No
CUST-04966,Female,0,No,No,30,Yes,No,Fiber optic,Yes,No,No internet service,Yes,No,Yes,Month-to-month,Yes,Credit card (automatic),60.27,1661.99,No
CUST-04967,Male,0,No,No,19,Yes,No,No,No internet service,No internet service,No,No,Yes,No internet service,Two year,No,Bank transfer (automatic),23.21,397.83,No
CUST-04968,Female,0,No,Yes,41,Yes,Yes,DSL,No,Yes,No,No internet service,Yes,Yes,Two year,No,Bank transfer (automatic),40.53,1501.81,No
CUST-04969,Male,0,Yes,No,28,No,Yes,DSL,Yes,No,Yes,No,Yes,No,Two year,No,Credit card (automatic),55.75,1529.35,Yes
CUST-04970,Female,0,Yes,No,19,Yes,No,DSL,Yes,No,No internet service,No internet service,Yes,No internet service,Month-to-month,No,Mailed check,62.65,1084.24,Yes
CUST-04971,Male,0,No,No,40,Yes,No,DSL,Yes,Yes,No internet service,No,Yes,No,Month-to-month,Yes,Bank transfer (automatic),27.03,1058.4,No
CUST-04972,Female,0,No,Yes,20,Yes,No,Fiber optic,Yes,Yes,No internet service,No,Yes,No,One year,No,Electronic check,24.63,486.43,No
CUST-04973,Male,1,Yes,Yes,19,Yes,Yes,No,No internet service,Yes,No,Yes,No internet service,Yes,Month-to-month,No,Credit card (automatic),55.9,1050.5,Yes
CUST-04974,Female,0,Yes,No,16,Yes,No,DSL,No internet service,No,No,Yes,Yes,Yes,Two year,Yes,Electronic check,25.37,380.89,No
CUST-04975,Male,0,Yes,No,4,Yes,No phone service,No,No internet service,No internet service,No internet service,No,No,No,Two year,Yes,Bank transfer (automatic),61.06,244.18,No
CUST-04976,Female,0,Yes,Yes,14,Yes,No phone service,Fiber optic,No,No internet service,No internet service,Yes,No,No,Month-to-month,No,Electronic check,79.65,1091.08,Yes
CUST-04977,Female,0,Yes,No,24,Yes,Yes,Fiber optic,Yes,No,No internet service,No,No,No internet service,One year,Yes,Bank transfer (automatic),69.3,1826.04,No
CUST-04978,Male,1,Yes,No,27,Yes,No,DSL,No,No internet service,Yes,No,No,No,Month-to-month,Yes,Electronic check,90.57,2223.04,Yes
CUST-04979,Female,0,No,No,64,Yes,Yes,DSL,Yes,No,No,No,No,Yes,One year,Yes,Electronic check,25.07,1461.32,No
CUST-04980,Male,0,No,Yes,31,No,Yes,DSL,Yes,Yes,No,No internet service,No internet service,Yes,One year,Yes,Credit card (automatic),33.7,1112.51,No
CUST-04981,Male,1,No,No,21,Yes,No,DSL,No,No,No internet service,Yes,Yes,Yes,Month-to-month,No,Mailed check,75.93,1519.91,No
CUST-04982,Male,0,No,Yes,30,Yes,Yes,Fiber optic,Yes,Yes,Yes,No,Yes,Yes,One year,No,Mailed check,69.75,1960.16,No
CUST-04983,Male,0,No,Yes,44,Yes,No,Fiber optic,Yes,No internet service,No,No,No,No internet service,Month-to-month,Yes,Electronic check,37.15,1757.03,No
CUST-04984,Female,0,No,Yes,28,Yes,No phone service,Fiber optic,No,No,No internet service,Yes,No internet service,Yes,Month-to-month,Yes,Electronic check,32.37,912.29,No
CUST-04985,Male,0,Yes,Yes,4,Yes,No phone service,No,No,No internet service,No,Yes,Yes,No internet service,Month-to-month,Yes,Mailed check,95.14,389.37,Yes
CUST-04986,Male,1,Yes,No,69,Yes,Yes,DSL,No,No internet service,Yes,Yes,No,Yes,Month-to-month,Yes,Bank transfer (automatic),33.27,2069.72,No
CUST-04987,Male,1,Yes,Yes,29,Yes,No,No,Yes,No,No internet service,No,Yes,No,Month-to-month,No,Credit card (automatic),32.3,891.88,No
CUST-04988,Male,1,Yes,Yes,10,Yes,Yes,DSL,Yes,Yes,Yes,No,No internet service,Yes,Month-to-month,No,Electronic check,67.89,646.2,Yes
CUST-04989,Male,0,No,Yes,9,Yes,Yes,Fiber optic,Yes,Yes,No internet service,Yes,Yes,No,Month-to-month,No,Electronic check,21.2,200.76,No
CUST-04990,Female,0,No,Yes,17,Yes,Yes,Fiber optic,No,No,Yes,No,No,Yes,Two year,Yes,Bank transfer (automatic),85.69,1423.39,Yes
CUST-04991,Female,0,No,No,30,Yes,Yes,Fiber optic,No,Yes,No,No internet service,Yes,Yes,Two year,Yes,Bank transfer (automatic),22.49,685.15,No
CUST-04992,Female,0,Yes,Yes,24,No,Yes,Fiber optic,Yes,Yes,Yes,No internet service,No,Yes,Month-to-month,Yes,Bank transfer (automatic),69.61,1814.95,No
CUST-04993,Male,0,Yes,No,9,Yes,No,Fiber optic,Yes,No,No internet service,No,Yes,No,One year,No,Electronic check,87.35,862.36,Yes
CUST-04994,Female,0,Yes,No,68,Yes,Yes,DSL,No,No,No,No,No,No,Month-to-month,No,Credit card (automatic),24.63,1550.01,No
CUST-04995,Male,0,Yes,No,7,Yes,No,Fiber optic,No,Yes,Yes,No,No,No,Two year,Yes,Bank transfer (automatic),94.1,666.06,Yes
CUST-04996,Male,0,No,Yes,23,Yes,No,Fiber optic,No,No,No internet service,Yes,No internet service,No internet service,One year,Yes,Electronic check,35.39,846.39,No
CUST-04997,Female,0,Yes,No,20,Yes,Yes,No,Yes,No,No internet service,No,No,Yes,One year,Yes,Bank transfer (automatic),69.09,1459.75,Yes
CUST-04998,Female,0,Yes,Yes,6,Yes,Yes,No,No,No,No internet service,No,Yes,No,One year,No,Bank transfer (automatic),65.14,423.68,No
CUST-04999,Male,1,Yes,Yes,60,Yes,No phone service,DSL,No,No,Yes,No internet service,No,Yes,Month-to-month,No,Bank transfer (automatic),78.91,4950.82,No
CUST-05000,Male,0,No,No,37,No,Yes,Fiber optic,No internet service,No internet service,No internet service,No,Yes,No,One year,Yes,Mailed check,69.91,2684.93,No
CUST-05001,Female,0,Yes,Yes,2,Yes,No,DSL,No,Yes,No internet service,Yes,No,Yes,Two year,Yes,Bank transfer (automatic),34.46,62.77,No
CUST-05002,Male,1,Yes,Yes,17,Yes,Yes,Fiber optic,Yes,No,No internet service,No,Yes,No,Month-to-month,Yes,Mailed check,44.55,764.14,No
CUST-05003,Female,0,Yes,Yes,10,Yes,Yes,DSL,No,No internet service,No internet service,No,No internet service,Yes,Two year,No,Electronic check,93.71,955.61,Yes
CUST-05004,Male,0,No,No,54,Yes,Yes,Fiber optic,No internet service,Yes,No internet service,No,No internet service,No internet service,One year,Yes,Mailed check,38.96,2186.52,No
CUST-05005,Male,1,No,Yes,14,Yes,Yes,DSL,Yes,Yes,No internet service,No internet service,No,Yes,Month-to-month,No,Mailed check,52.79,751.38,No
CUST-05006,Male,0,No,Yes,47,Yes,No,Fiber optic,No,No,Yes,No,No,Yes,Month-to-month,Yes,Credit card (automatic),34.26,1581.06,No
CUST-05007,Female,0,No,No,71,Yes,Yes,Fiber optic,No,No,No internet service,No,No,No,Two year,No,Bank transfer (automatic),59.78,4233.73,No
CUST-05008,Female,0,No,No,49,Yes,Yes,Fiber optic,No,No internet service,No,No internet service,No,No internet service,Month-to-month,No,Electronic check,40.53,2171.59,No
CUST-05009,Male,0,Yes,No,50,Yes,Yes,DSL,Yes,No internet service,Yes,No internet service,No,No internet service,Two year,No,Electronic check,23.31,1125.66,No
CUST-05010,Female,0,No,No,14,No,Yes,No,Yes,Yes,No,No,No internet service,Yes,One year,Yes,Credit card (automatic),78.07,1155.16,No
CUST-05011,Male,0,No,No,9,Yes,No,Fiber optic,No,Yes,Yes,No,Yes,No,Month-to-month,Yes,Electronic check,78.69,723.43,Yes
CUST-05012,Male,0,Yes,No,51,Yes,No phone service,Fiber optic,No,Yes,No,Yes,Yes,Yes,Month-to-month,No,Mailed check,38.22,1927.32,No
CUST-05013,Female,0,No,No,4,Yes,Yes,Fiber optic,No,No,Yes,Yes,No internet service,No internet service,One year,Yes,Mailed check,57.95,227.83,Yes
CUST-05014,Male,1,Yes,No,23,Yes,No,DSL,No,Yes,Yes,No,Yes,Yes,Month-to-month,No,Credit card (automatic),64.11,1485.51,No
CUST-05015,Female,0,Yes,No,63,Yes,No,Fiber optic,No internet service,Yes,No,Yes,No,Yes,Month-to-month,Yes,Electronic check,33.24,2219.68,No
CUST-05016,Female,0,Yes,Yes,3,No,Yes,DSL,No,No internet service,No internet service,No,Yes,Yes,Month-to-month,Yes,Mailed check,92.09,255.39,Yes
CUST-05017,Male,0,No,No,13,Yes,No,Fiber optic,No internet service,No,No,No,Yes,Yes,Two year,Yes,Electronic check,66.74,938.88,No
CUST-05018,Female,0,No,Yes,52,Yes,Yes,No,No,Yes,No,No,No,Yes,Month-to-month,No,Bank transfer (automatic),36.35,1993.84,No
CUST-05019,Male,0,Yes,No,36,Yes,No,DSL,No,Yes,No,No,No,No internet service,Two year,No,Electronic check,37.08,1294.57,No
CUST-05020,Female,0,Yes,No,42,Yes,No,DSL,No internet service,No,No,No internet service,Yes,Yes,One year,No,Bank transfer (automatic),23.7,897.89,No
CUST-05021,Female,0,No,No,37,Yes,Yes,No,No,Yes,No,No,Yes,No,Month-to-month,Yes,Electronic check,39.19,1335.54,No
CUST-05022,Male,0,No,No,62,Yes,No,Fiber optic,Yes,Yes,Yes,Yes,No,Yes,One year,No,Electronic check,55.85,3216.43,No
CUST-05023,Female,1,Yes,No,32,Yes,Yes,Fiber optic,No internet service,Yes,No internet service,No internet service,No internet service,Yes,One year,No,Mailed check,29.35,864.74,No
CUST-05024,Male,0,Yes,No,4,Yes,No phone service,Fiber optic,Yes,No,Yes,Yes,No,Yes,Month-to-month,No,Mailed check,99.43,366.12,Yes
CUST-05025,Female,0,No,No,27,Yes,Yes,DSL,No,No,No,No,No,No,One year,No,Mailed check,68.06,2006.73,Yes
CUST-05026,Male,0,No,No,12,Yes,No,No,No,No,No internet service,Yes,Yes,Yes,Month-to-month,Yes,Mailed check,97.67,1209.18,Yes
CUST-05027,Female,0,Yes,No,29,Yes,Yes,Fiber optic,Yes,No,No,No,No internet service,No,Month-to-month,No,Electronic check,69.87,2156.17,Yes
CUST-05028,Female,0,Yes,No,17,Yes,No phone service,DSL,Yes,No,Yes,No,No,No internet service,Two year,No,Electronic check,43.49,748.62,No
CUST-05029,Female,0,Yes,No,68,Yes,Yes,Fiber optic,No internet service,No,No internet service,No,Yes,No internet service,Month-to-month,Yes,Electronic check,42.94,2989.7,No
CUST-05030,Male,0,No,No,49,Yes,No,No,No,Yes,Yes,No,Yes,No internet service,One year,Yes,Mailed check,53.6,2826.53,No
CUST-05031,Female,0,Yes,No,28,Yes,No,Fiber optic,No,Yes,No internet service,No internet service,No,Yes,Month-to-month,Yes,Electronic check,97.13,2590.17,Yes
CUST-05032,Female,0,No,No,18,Yes,No,Fiber optic,Yes,No,Yes,Yes,No,Yes,Month-to-month,Yes,Mailed check,62.38,1166.52,Yes
CUST-05033,Male,1,Yes,No,34,Yes,No,DSL,No,Yes,Yes,No,No,No,Month-to-month,No,Mailed check,28.98,1064.01,No
CUST-05034,Female,0,Yes,No,4,Yes,No phone service,DSL,No,Yes,Yes,No,No,No,One year,Yes,Mailed check,30.44,132.38,No
CUST-05035,Male,0,Yes,No,66,Yes,No,No,No internet service,Yes,Yes,Yes,No internet service,Yes,One year,Yes,Mailed check,59.31,3870.66,No
CUST-05036,Male,0,No,No,1,No,Yes,No,No,Yes,No,No internet service,Yes,No,Two year,No,Electronic check,96.44,103.32,Yes
CUST-05037,Female,0,Yes,No,22,Yes,Yes,No,No,No internet service,No internet service,Yes,Yes,Yes,Two year,No,Bank transfer (automatic),59.07,1300.54,No
CUST-05038,Female,0,No,No,27,No,No,No,No,No,No internet service,Yes,Yes,Yes,Month-to-month,Yes,Bank transfer (automatic),63.53,1632.25,Yes
CUST-05039,Female,0,No,No,50,Yes,No,Fiber optic,Yes,Yes,No,Yes,No internet service,No internet service,One year,Yes,Bank transfer (automatic),54.62,2594.97,No
CUST-05040,Male,0,Yes,Yes,48,Yes,No phone service,Fiber optic,No,No,Yes,Yes,No internet service,No,Month-to-month,Yes,Electronic check,37.0,1758.87,No
CUST-05041,Female,0,No,No,38,Yes,No,Fiber optic,No internet service,Yes,No,No,Yes,No internet service,One year,Yes,Bank transfer (automatic),72.34,2615.81,No
CUST-05042,Male,0,No,No,12,Yes,No,DSL,Yes,No internet service,No,Yes,Yes,No internet service,One year,No,Electronic check,24.03,261.25,No
CUST-05043,Female,0,No,No,66,Yes,No,Fiber optic,No,No internet service,No internet service,No internet service,No,Yes,Month-to-month,Yes,Electronic check,26.15,1589.74,No
CUST-05044,Female,0,Yes,No,31,Yes,No,No,Yes,No,Yes,No internet service,No internet service,No,Month-to-month,Yes,Electronic check,76.86,2549.07,No
CUST-05045,Female,0,Yes,No,52,Yes,Yes,No,Yes,Yes,Yes,Yes,No,No,Two year,No,Bank transfer (automatic),59.01,3303.27,No
CUST-05046,Female,0,No,No,61,Yes,No,Fiber optic,No,No internet service,No internet service,Yes,Yes,No,Month-to-month,No,Bank transfer (automatic),75.74,4964.84,No
CUST-05047,Male,0,No,No,11,Yes,Yes,DSL,Yes,Yes,Yes,No,No,Yes,Month-to-month,Yes,Electronic check,92.4,1027.32,Yes
CUST-05048,Female,0,No,No,7,Yes,Yes,No,Yes,Yes,No,No,No,Yes,Two year,No,Bank transfer (automatic),66.1,502.98,No
CUST-05049,Female,0,Yes,No,64,Yes,Yes,No,No,No,Yes,No,Yes,Yes,Month-to-month,Yes,Bank transfer (automatic),34.09,2181.36,No
CUST-05050,Female,0,No,No,48,Yes,No,Fiber optic,No,No,No,No,Yes,No internet service,Month-to-month,Yes,Mailed check,40.6,1934.2,No
CUST-05051,Female,0,No,Yes,64,Yes,No,Fiber optic,No,Yes,No,Yes,No,No,Two year,Yes,Credit card (automatic),73.94,4707.91,No
CUST-05052,Male,0,No,Yes,44,Yes,Yes,DSL,No,No,No,No internet service,Yes,Yes,One year,Yes,Bank transfer (automatic),44.68,1869.24,No
CUST-05053,Female,0,Yes,No,65,Yes,Yes,DSL,No internet service,No internet service,No,No,No internet service,Yes,Month-to-month,Yes,Bank transfer (automatic),60.23,4003.82,No
CUST-05054,Male,0,No,Yes,62,Yes,No,DSL,Yes,No internet service,No,Yes,No,No,Two year,Yes,Credit card (automatic),73.24,4494.52,No
CUST-05055,Female,0,No,No,23,Yes,Yes,Fiber optic,Yes,Yes,No internet service,No,No,No internet service,Two year,Yes,Electronic check,99.81,2513.56,Yes
CUST-05056,Male,0,Yes,No,13,Yes,Yes,DSL,No,No,No internet service,No,No internet service,Yes,Month-to-month,No,Electronic check,20.53,249.38,No
CUST-05057,Female,0,Yes,Yes,12,Yes,Yes,Fiber optic,Yes,No internet service,Yes,No internet service,Yes,No,One year,No,Mailed check,29.49,323.92,No
CUST-05058,Male,0,Yes,No,57,Yes,Yes,DSL,No internet service,No,No,No,No internet service,No internet service,Month-to-month,No,Electronic check,75.12,4154.36,No
CUST-05059,Male,0,No,Yes,11,Yes,Yes,No,Yes,No internet service,No,Yes,Yes,No,Month-to-month,Yes,Credit card (automatic),98.63,1023.21,Yes
CUST-05060,Female,0,No,No,1,Yes,No,DSL,No,Yes,No,No,No internet service,No,Month-to-month,Yes,Bank transfer (automatic),81.26,89.25,Yes
CUST-05061,Female,1,Yes,Yes,56,Yes,Yes,Fiber optic,Yes,Yes,Yes,No,No,No,Two year,No,Bank transfer (automatic),23.92,1355.21,No
CUST-05062,Male,0,No,Yes,18,Yes,No phone service,DSL,Yes,Yes,No,No,Yes,No,Month-to-month,No,Credit card (automatic),83.56,1461.88,Yes
CUST-05063,Female,0,Yes,No,5,Yes,Yes,Fiber optic,Yes,Yes,Yes,No,Yes,Yes,Month-to-month,Yes,Bank transfer (automatic),77.2,397.02,No
CUST-05064,Female,0,No,No,22,Yes,Yes,DSL,No,No internet service,Yes,No,No,No internet service,Month-to-month,Yes,Credit card (automatic),57.58,1254.88,Yes
CUST-05065,Male,0,Yes,Yes,7,Yes,Yes,DSL,No,Yes,No,Yes,Yes,Yes,Month-to-month,Yes,Bank transfer (automatic),67.19,442.94,No
CUST-05066,Female,0,Yes,Yes,10,Yes,Yes,Fiber optic,No,No internet service,No internet service,Yes,No internet service,Yes,Month-to-month,Yes,Bank transfer (automatic),86.51,846.85,Yes
CUST-05067,Female,0,Yes,No,53,Yes,No,Fiber optic,No,No,Yes,Yes,No,No,Two year,No,Electronic check,34.22,1736.16,No
CUST-05068,Male,0,Yes,No,2,No,No phone service,DSL,Yes,No,No internet service,No,No internet service,No,One year,No,Bank transfer (automatic),65.35,134.3,Yes
CUST-05069,Male,1,Yes,No,48,Yes,Yes,No,No,No,No,No,Yes,Yes,Month-to-month,Yes,Mailed check,72.56,3703.39,No
CUST-05070,Female,0,Yes,No,8,Yes,Yes,No,No,No,Yes,Yes,No,Yes,Two year,No,Credit card (automatic),37.31,284.31,No
CUST-05071,Male,0,Yes,No,54,Yes,Yes,Fiber optic,No,Yes,No,No internet service,Yes,No,Month-to-month,Yes,Credit card (automatic),39.73,2197.48,No
CUST-05072,Male,0,No,No,31,Yes,Yes,No,No internet service,No internet service,No,Yes,No,No,Month-to-month,No,Electronic check,53.04,1712.8,No
CUST-05073,Male,1,Yes,No,21,Yes,No,Fiber optic,No internet service,Yes,No,No internet service,Yes,No internet service,One year,Yes,Credit card (automatic),22.4,458.17,No
CUST-05074,Female,0,Yes,No,47,Yes,No,Fiber optic,No internet service,Yes,No,No internet service,No internet service,No,One year,No,Mailed check,42.73,2003.3,No
CUST-05075,Male,0,Yes,Yes,24,Yes,Yes,No,No,No,No,No,No internet service,No internet service,Two year,No,Electronic check,71.79,1674.31,Yes
CUST-05076,Male,0,Yes,No,36,No,Yes,Fiber optic,Yes,Yes,Yes,No internet service,No,No,Month-to-month,No,Mailed check,20.29,711.87,No
CUST-05077,Male,0,Yes,Yes,18,Yes,Yes,DSL,No,Yes,No,No,Yes,Yes,Month-to-month,Yes,Electronic check,82.32,1465.82,Yes
CUST-05078,Male,0,No,No,28,Yes,Yes,DSL,No internet service,No,Yes,Yes,No,No internet service,One year,Yes,Mailed check,88.47,2375.81,Yes
CUST-05079,Male,1,No,No,26,Yes,Yes,DSL,No internet service,No internet service,Yes,Yes,No,Yes,Month-to-month,Yes,Credit card (automatic),93.78,2432.59,Yes
CUST-05080,Male,0,No,Yes,26,Yes,No,Fiber optic,No,No,Yes,No,No internet service,No,One year,No,Mailed check,68.1,1859.93,No
CUST-05081,Male,0,No,No,3,Yes,Yes,DSL,No,No,No internet service,No,Yes,Yes,Month-to-month,Yes,Credit card (automatic),70.33,206.53,No
CUST-05082,Female,0,Yes,No,32,Yes,No phone service,Fiber optic,Yes,No,Yes,No,No,No,Month-to-month,Yes,Bank transfer (automatic),60.4,2104.99,No
CUST-05083,Male,0,Yes,No,69,Yes,Yes,Fiber optic,Yes,No,Yes,No,No,No,Month-to-month,No,Bank transfer (automatic),53.69,3495.67,No
CUST-05084,Male,0,No,No,48,Yes,No,Fiber optic,No internet service,No,No internet service,Yes,Yes,No,Month-to-month,No,Electronic check,38.45,1826.96,No
CUST-05085,Female,0,Yes,Yes,46,Yes,Yes,Fiber optic,No internet service,No,No,No internet service,No,No,Month-to-month,Yes,Electronic check,45.48,2134.63,No
CUST-05086,Female,0,Yes,No,64,Yes,Yes,Fiber optic,No,No,No internet service,No,No internet service,No,One year,Yes,Mailed check,25.22,1628.05,No
CUST-05087,Female,1,Yes,Yes,6,Yes,No,No,No,No internet service,Yes,No,No,No internet service,Two year,Yes,Mailed check,62.43,408.06,No
CUST-05088,Female,0,No,No,40,Yes,No,Fiber optic,Yes,No,No,No,No internet service,No internet service,Month-to-month,Yes,Electronic check,21.48,829.01,No
CUST-05089,Male,0,Yes,No,29,Yes,Yes,No,Yes,No,Yes,No,No,No,Month-to-month,Yes,Bank transfer (automatic),59.81,1692.04,Yes
CUST-05090,Female,1,Yes,No,3,Yes,No,No,Yes,Yes,No,Yes,No internet service,No internet service,One year,No,Mailed check,61.14,186.93,Yes
CUST-05091,Female,0,No,No,29,Yes,No,Fiber optic,No,Yes,No,No,No,Yes,Month-to-month,No,Mailed check,83.99,2482.65,Yes
CUST-05092,Male,0,Yes,Yes,6,Yes,Yes,DSL,Yes,Yes,No,Yes,No,No,Two year,Yes,Electronic check,40.59,257.54,No
CUST-05093,Male,0,No,No,12,Yes,Yes,No,Yes,No,No,No internet service,No,Yes,One year,Yes,Mailed check,46.57,591.76,No
CUST-05094,Male,0,No,No,13,Yes,No phone service,DSL,No internet service,Yes,Yes,No,Yes,No internet service,Two year,Yes,Credit card (automatic),68.69,805.61,Yes
CUST-05095,Female,1,Yes,No,35,Yes,No,DSL,Yes,Yes,No internet service,Yes,No internet service,Yes,One year,Yes,Bank transfer (automatic),75.39,2778.08,No
CUST-05096,Female,0,Yes,No,13,Yes,Yes,No,Yes,Yes,Yes,No internet service,No internet service,No,Month-to-month,Yes,Mailed check,94.05,1275.93,Yes
CUST-05097,Female,1,Yes,No,11,Yes,No,Fiber optic,No,No internet service,No,No internet service,No,No internet service,Month-to-month,Yes,Bank transfer (automatic),35.27,394.63,No
CUST-05098,Male,0,No,No,26,Yes,No,DSL,No,Yes,Yes,Yes,No,Yes,Two year,Yes,Credit card (automatic),70.84,1774.42,No
CUST-05099,Female,0,Yes,Yes,1,Yes,Yes,DSL,No,No,No,Yes,No,Yes,Two year,Yes,Mailed check,23.3,25.2,No
CUST-05100,Male,0,Yes,No,16,Yes,No,Fiber optic,No,No internet service,Yes,Yes,No internet service,No,One year,Yes,Credit card (automatic),36.34,609.14,No
CUST-05101,Female,0,No,Yes,13,No,Yes,DSL,No,Yes,Yes,No,Yes,No internet service,Month-to-month,Yes,Electronic check,26.49,327.65,No
CUST-05102,Female,0,Yes,No,5,Yes,No,Fiber optic,Yes,Yes,No internet service,No,Yes,No internet service,Month-to-month,No,Mailed check,58.11,279.23,Yes
CUST-05103,Male,1,Yes,No,69,Yes,Yes,Fiber optic,No,No,Yes,No,Yes,Yes,Month-to-month,Yes,Credit card (automatic),58.22,4186.27,No
CUST-05104,Male,0,No,Yes,57,Yes,Yes,No,Yes,No,Yes,No internet service,No internet service,No internet service,Month-to-month,Yes,Credit card (automatic),51.86,3202.94,No
CUST-05105,Female,0,Yes,No,10,Yes,Yes,Fiber optic,No,No internet service,Yes,No,Yes,No,Two year,Yes,Credit card (automatic),64.49,643.68,Yes
CUST-05106,Female,0,Yes,Yes,18,Yes,Yes,No,No internet service,No,No internet service,No,No,No,Two year,Yes,Electronic check,54.05,1046.68,No
CUST-05107,Female,0,Yes,Yes,21,Yes,Yes,No,Yes,Yes,No,No internet service,No internet service,Yes,Month-to-month,No,Electronic check,33.96,696.35,No
CUST-05108,Female,0,Yes,Yes,21,Yes,Yes,Fiber optic,Yes,Yes,No internet service,No,No,Yes,Month-to-month,No,Electronic check,52.19,1073.01,No
CUST-05109,Female,0,Yes,No,23,Yes,Yes,Fiber optic,No internet service,No,No,No internet service,Yes,Yes,Month-to-month,No,Credit card (automatic),94.33,2250.27,Yes
CUST-05110,Female,0,Yes,No,2,Yes,Yes,No,No internet service,Yes,No,No,No,No,Month-to-month,Yes,Mailed check,87.78,159.78,Yes
CUST-05111,Male,0,No,No,22,Yes,No phone service,DSL,No,Yes,No,No,No,Yes,One year,No,Electronic check,89.91,1835.18,Yes
CUST-05112,Male,0,Yes,No,3,Yes,Yes,Fiber optic,Yes,No internet service,No,No,No,No,Month-to-month,Yes,Electronic check,90.63,284.31,Yes
CUST-05113,Female,0,Yes,No,26,Yes,Yes,Fiber optic,No,No,No,No internet service,No,No,Two year,Yes,Credit card (automatic),52.88,1303.96,No
CUST-05114,Male,0,No,Yes,56,Yes,Yes,Fiber optic,No,Yes,Yes,Yes,Yes,No,Month-to-month,No,Mailed check,38.63,2022.7,No
CUST-05115,Female,0,No,No,13,Yes,No,DSL,No,No,Yes,No,Yes,Yes,Month-to-month,Yes,Electronic check,64.02,763.86,Yes
CUST-05116,Female,0,Yes,No,67,Yes,Yes,DSL,No,No internet service,No,Yes,No internet service,Yes,One year,Yes,Electronic check,32.46,2055.14,No
CUST-05117,Female,0,No,No,50,Yes,No,Fiber optic,Yes,No,Yes,No internet service,No,No,Month-to-month,Yes,Mailed check,21.97,1043.68,No
CUST-05118,Female,0,No,No,26,Yes,Yes,No,No,No,Yes,Yes,No,No,One year,Yes,Mailed check,92.01,2316.26,Yes
CUST-05119,Female,0,No,Yes,37,Yes,Yes,Fiber optic,No,No,No internet service,No internet service,No,Yes,Month-to-month,Yes,Electronic check,70.54,2838.79,No
CUST-05120,Male,0,Yes,No,65,Yes,Yes,DSL,Yes,No,Yes,No,No,Yes,Two year,No,Electronic check,58.56,3916.5,No
CUST-05121,Male,0,No,No,26,Yes,No,DSL,No,No internet service,Yes,No,No,Yes,Month-to-month,Yes,Bank transfer (automatic),48.14,1300.03,No
CUST-05122,Female,0,Yes,No,15,Yes,Yes,Fiber optic,No,Yes,No,Yes,Yes,No,Two year,Yes,Credit card (automatic),69.06,959.81,Yes
CUST-05123,Male,0,Yes,No,20,Yes,Yes,DSL,No,No,No,No,No,No internet service,Month-to-month,Yes,Mailed check,65.82,1235.49,Yes
CUST-05124,Female,0,No,Yes,6,Yes,Yes,DSL,No,No,Yes,No,No internet service,Yes,Month-to-month,No,Electronic check,66.81,432.82,Yes
CUST-05125,Female,0,No,No,55,Yes,No,DSL,No internet service,No internet service,No,No,No internet service,Yes,Month-to-month,Yes,Mailed check,55.47,3132.8,No
CUST-05126,Female,0,Yes,Yes,24,Yes,No,Fiber optic,No,No,Yes,No,No internet service,Yes,Month-to-month,No,Electronic check,45.83,1168.04,No
CUST-05127,Female,0,Yes,Yes,25,Yes,Yes,No,Yes,Yes,Yes,No,No,No,Month-to-month,Yes,Electronic check,73.12,1775.89,Yes
CUST-05128,Male,0,Yes,No,21,Yes,Yes,Fiber optic,No,No,Yes,Yes,No internet service,Yes,Two year,Yes,Electronic check,77.99,1663.08,No
CUST-05129,Male,0,No,Yes,26,Yes,No,DSL,No,No,No internet service,Yes,No,Yes,One year,No,Credit card (automatic),34.25,890.89,No
CUST-05130,Female,1,Yes,No,51,Yes,No,DSL,Yes,No,Yes,No internet service,No internet service,No internet service,Two year,No,Electronic check,28.91,1387.54,No
CUST-05131,Male,0,Yes,No,7,Yes,No,DSL,No internet service,Yes,Yes,No,Yes,No,Month-to-month,No,Electronic check,45.41,338.52,No
CUST-05132,Male,0,Yes,No,14,Yes,No,DSL,No,No,No,No,Yes,No internet service,Month-to-month,Yes,Mailed check,94.74,1282.26,Yes
CUST-05133,Female,0,No,No,52,Yes,No phone service,Fiber optic,No,No,No internet service,No,No,No,Month-to-month,Yes,Mailed check,62.79,3243.46,No
CUST-05134,Female,0,No,No,11,Yes,Yes,No,Yes,Yes,No,No internet service,No,Yes,Month-to-month,No,Electronic check,77.31,787.99,No
CUST-05135,Male,1,No,No,30,Yes,No,DSL,No,No,No,No internet service,Yes,No,Two year,Yes,Bank transfer (automatic),61.32,1890.5,No
CUST-05136,Male,0,No,No,49,Yes,No,Fiber optic,No,No internet service,No internet service,Yes,Yes,Yes,Two year,Yes,Credit card (automatic),79.23,4108.32,No
CUST-05137,Female,0,Yes,Yes,13,Yes,Yes,Fiber optic,No,Yes,No,No,Yes,Yes,One year,No,Electronic check,87.02,1110.99,Yes
CUST-05138,Female,0,Yes,No,10,Yes,Yes,Fiber optic,No,No,No,No,Yes,No,Month-to-month,Yes,Credit card (automatic),78.33,858.2,Yes
CUST-05139,Female,0,No,No,52,Yes,Yes,DSL,No internet service,No internet service,Yes,No,No internet service,No internet service,Two year,No,Bank transfer (automatic),38.39,1899.49,No
CUST-05140,Female,0,No,No,4,Yes,No phone service,DSL,No,Yes,Yes,No internet service,No,No internet service,One year,Yes,Mailed check,67.23,288.99,No
CUST-05141,Male,0,Yes,No,28,Yes,No,Fiber optic,No internet service,Yes,No,No internet service,No internet service,Yes,Month-to-month,Yes,Credit card (automatic),65.4,1912.22,Yes
CUST-05142,Male,0,No,No,8,Yes,Yes,Fiber optic,No internet service,No,Yes,Yes,Yes,Yes,Month-to-month,Yes,Bank transfer (automatic),31.77,275.88,No
CUST-05143,Female,0,No,Yes,27,No,Yes,Fiber optic,No,No internet service,Yes,No,No,No,Month-to-month,Yes,Bank transfer (automatic),60.05,1699.38,Yes
CUST-05144,Male,0,Yes,No,28,No,No,No,Yes,No,No,Yes,No,No,Two year,Yes,Bank transfer (automatic),84.49,2363.28,Yes
CUST-05145,Male,1,No,No,2,Yes,Yes,DSL,No,No internet service,Yes,No,No internet service,Yes,Month-to-month,No,Bank transfer (automatic),91.89,180.6,Yes
CUST-05146,Male,0,Yes,No,10,Yes,No,Fiber optic,No internet service,No internet service,No,Yes,Yes,No,Month-to-month,No,Credit card (automatic),73.41,782.46,No
CUST-05147,Female,0,Yes,No,25,No,Yes,Fiber optic,No,No,No internet service,Yes,No,No,Month-to-month,No,Credit card (automatic),28.32,756.2,No
CUST-05148,Male,0,No,No,11,Yes,Yes,DSL,No,Yes,Yes,Yes,Yes,No internet service,Two year,Yes,Electronic check,52.81,591.24,No
CUST-05149,Female,0,No,No,25,Yes,No,Fiber optic,No,Yes,No,No,No internet service,Yes,Month-to-month,Yes,Mailed check,25.3,658.07,No
CUST-05150,Female,1,Yes,No,17,Yes,No,DSL,Yes,No,No,No,No,Yes,Month-to-month,No,Bank transfer (automatic),33.29,561.73,No
CUST-05151,Male,0,Yes,No,53,Yes,Yes,Fiber optic,No,No,Yes,No internet service,Yes,No,Month-to-month,Yes,Mailed check,38.55,1928.07,No
CUST-05152,Female,1,Yes,No,54,Yes,No,Fiber optic,No,Yes,No,Yes,Yes,No,Month-to-month,Yes,Mailed check,54.75,2690.4,No
CUST-05153,Male,0,No,Yes,59,Yes,Yes,DSL,No internet service,No,Yes,No internet service,Yes,No,Two year,Yes,Electronic check,53.29,3240.76,No
CUST-05154,Female,0,Yes,Yes,15,Yes,No,DSL,Yes,Yes,No,No,Yes,Yes,Two year,Yes,Bank transfer (automatic),58.58,908.44,No
CUST-05155,Female,0,Yes,No,17,Yes,Yes,Fiber optic,No internet service,No,No,No,Yes,No,Month-to-month,Yes,Electronic check,86.27,1515.06,Yes
CUST-05156,Male,1,No,No,3,No,No,DSL,Yes,No,No internet service,Yes,No internet service,Yes,One year,Yes,Electronic check,31.23,94.86,No
CUST-05157,Male,1,No,No,60,No,Yes,Fiber optic,Yes,No,Yes,Yes,No,Yes,Month-to-month,No,Credit card (automatic),64.6,3753.83,No
CUST-05158,Male,0,No,No,65,Yes,Yes,Fiber optic,No,No,No,No,Yes,No internet service,Two year,Yes,Electronic check,60.02,3700.02,No
CUST-05159,Male,0,Yes,Yes,16,No,No phone service,No,Yes,No internet service,Yes,No,Yes,Yes,Month-to-month,Yes,Credit card (automatic),24.78,362.04,No
CUST-05160,Female,0,Yes,No,63,Yes,No,DSL,No,Yes,No,Yes,Yes,No,Two year,Yes,Credit card (automatic),40.68,2382.42,No
CUST-05161,Male,0,Yes,Yes,15,Yes,No,No,No,No,No,No,No internet service,No,Month-to-month,No,Credit card (automatic),82.94,1276.02,Yes
CUST-05162,Male,0,Yes,No,23,Yes,Yes,Fiber optic,No internet service,Yes,Yes,No,Yes,No,Month-to-month,Yes,Electronic check,69.33,1680.08,Yes
CUST-05163,Male,1,No,No,23,Yes,Yes,Fiber optic,No internet service,No,No internet service,No,No,No internet service,Month-to-month,Yes,Electronic check,37.03,921.12,No
CUST-05164,Female,1,Yes,No,19,Yes,Yes,No,No,Yes,No,No internet service,No internet service,No,Month-to-month,No,Electronic check,34.59,602.52,No
CUST-05165,Male,0,No,No,17,No,Yes,Fiber optic,No,No internet service,No internet service,No internet service,No,No,Month-to-month,No,Mailed check,88.27,1594.83,Yes
CUST-05166,Female,0,No,No,14,Yes,Yes,No,No internet service,Yes,No,No,No,No,Month-to-month,No,Bank transfer (automatic),73.63,1050.9,No
CUST-05167,Female,0,Yes,No,13,No,Yes,DSL,No,Yes,No internet service,No internet service,Yes,No,Month-to-month,Yes,Bank transfer (automatic),54.67,682.47,No
CUST-05168,Female,1,Yes,Yes,52,Yes,No,No,No,No,No internet service,No internet service,No,No internet service,Two year,Yes,Electronic check,64.1,3483.72,No
CUST-05169,Female,0,No,Yes,22,Yes,Yes,No,Yes,Yes,Yes,No,No,No internet service,Month-to-month,Yes,Electronic check,79.98,1931.77,No
CUST-05170,Female,1,Yes,Yes,21,Yes,No phone service,DSL,No internet service,No,Yes,No internet service,Yes,No internet service,Month-to-month,Yes,Credit card (automatic),88.41,1811.84,Yes
CUST-05171,Male,0,No,No,58,Yes,No phone service,Fiber optic,No internet service,No internet service,No internet service,No,No internet service,No internet service,One year,No,Mailed check,51.35,3054.21,No
CUST-05172,Female,0,Yes,Yes,67,No,No,No,No,No,Yes,Yes,No,No,One year,Yes,Bank transfer (automatic),59.07,3768.38,No
CUST-05173,Female,0,No,No,40,Yes,Yes,Fiber optic,Yes,No internet service,No,No,Yes,No,Two year,Yes,Electronic check,75.23,2831.67,No
CUST-05174,Male,0,Yes,Yes,59,Yes,Yes,Fiber optic,No,Yes,Yes,No internet service,No,No,Two year,Yes,Credit card (automatic),67.82,3720.59,No
CUST-05175,Male,0,No,Yes,21,Yes,Yes,DSL,No internet service,No,No internet service,No,No,Yes,Two year,No,Credit card (automatic),60.62,1153.9,Yes
CUST-05176,Female,0,No,No,42,Yes,No,DSL,Yes,No internet service,Yes,No internet service,No internet service,No internet service,One year,Yes,Bank transfer (automatic),62.78,2754.79,No
CUST-05177,Male,0,Yes,No,59,Yes,No,Fiber optic,No,Yes,No,No internet service,No,No,Two year,No,Credit card (automatic),35.12,1925.36,No
CUST-05178,Male,0,Yes,Yes,1,Yes,No phone service,Fiber optic,Yes,No,No,No,Yes,No,One year,No,Electronic check,35.29,36.53,No
CUST-05179,Female,0,No,Yes,3,Yes,No,Fiber optic,No internet service,No internet service,No,No,No,No,One year,Yes,Credit card (automatic),52.83,170.21,No
CUST-05180,Female,1,Yes,No,14,Yes,Yes,Fiber optic,No,No,No,Yes,No,No,Month-to-month,Yes,Electronic check,56.27,842.39,Yes
CUST-05181,Female,0,Yes,No,2,Yes,No phone service,No,No,Yes,Yes,No internet service,No,Yes,Month-to-month,Yes,Bank transfer (automatic),57.58,110.53,Yes
CUST-05182,Male,0,No,No,52,Yes,Yes,DSL,No,Yes,Yes,No,No,No internet service,One year,No,Bank transfer (automatic),38.87,1869.41,No
CUST-05183,Female,0,Yes,No,12,Yes,No,Fiber optic,No,No internet service,Yes,Yes,No internet service,Yes,Month-to-month,Yes,Bank transfer (automatic),98.9,1173.29,Yes
CUST-05184,Female,0,No,Yes,29,Yes,No phone service,Fiber optic,No,No,No internet service,No,Yes,No,Two year,Yes,Electronic check,55.25,1500.12,Yes
CUST-05185,Female,0,No,Yes,48,No,No,No,Yes,No,No,No,No,No,Two year,Yes,Electronic check,70.98,3320.85,No
CUST-05186,Female,0,Yes,No,6,Yes,No phone service,No,No,Yes,No,No internet service,No,Yes,Month-to-month,Yes,Electronic check,47.36,288.07,No
CUST-05187,Female,0,Yes,No,24,Yes,Yes,DSL,No,No,No,Yes,No,No internet service,One year,No,Bank transfer (automatic),55.16,1362.06,No
CUST-05188,Female,1,Yes,No,51,Yes,Yes,No,No,No,Yes,No internet service,No internet service,No,Month-to-month,No,Electronic check,24.82,1194.51,No
CUST-05189,Female,0,No,Yes,66,Yes,Yes,Fiber optic,No,No internet service,No,Yes,No,No internet service,One year,No,Electronic check,77.27,4821.67,No
CUST-05190,Male,1,No,No,58,Yes,No phone service,DSL,Yes,Yes,No,No,Yes,No,Month-to-month,Yes,Electronic check,74.45,4634.16,No
CUST-05191,Male,0,No,No,64,No,Yes,DSL,No,No,No internet service,No internet service,No,No internet service,One year,Yes,Bank transfer (automatic),31.4,2188.41,No
CUST-05192,Female,1,Yes,No,68,Yes,No,DSL,No,No internet service,No internet service,No internet service,No,Yes,Two year,Yes,Bank transfer (automatic),59.79,4181.55,No
CUST-05193,Male,0,No,No,16,Yes,No,Fiber optic,Yes,Yes,No,No internet service,No,No internet service,Month-to-month,No,Electronic check,99.74,1613.98,Yes
CUST-05194,Male,0,Yes,No,42,Yes,Yes,Fiber optic,Yes,No,Yes,No,Yes,No internet service,Month-to-month,Yes,Credit card (automatic),27.32,1183.72,No
CUST-05195,Male,0,No,No,24,Yes,No,DSL,No,Yes,No,No,No internet service,No internet service,Month-to-month,Yes,Bank transfer (automatic),54.65,1214.18,No
CUST-05196,Female,0,Yes,No,37,Yes,No,No,No internet service,No,No,No internet service,No internet service,No,One year,Yes,Electronic check,71.03,2836.8,No
CUST-05197,Female,0,No,Yes,57,Yes,Yes,Fiber optic,No,No,No internet service,No,No internet service,No internet service,Two year,Yes,Bank transfer (automatic),50.4,2705.37,No
CUST-05198,Male,0,No,Yes,6,No,Yes,No,No,No,No,No,No,Yes,Month-to-month,No,Electronic check,72.94,452.49,Yes
CUST-05199,Female,0,Yes,No,59,Yes,Yes,DSL,No internet service,No internet service,Yes,No,No,No,Month-to-month,Yes,Credit card (automatic),22.87,1274.3,No
CUST-05200,Male,1,Yes,No,50,Yes,No,DSL,No,No,No,No internet service,No internet service,No,One year,Yes,Mailed check,75.15,3912.15,No
CUST-05201,Male,1,Yes,No,15,Yes,No,No,Yes,Yes,No,Yes,Yes,Yes,One year,Yes,Credit card (automatic),78.63,1239.23,No
CUST-05202,Male,0,Yes,No,66,Yes,No,Fiber optic,No internet service,No internet service,No,No,Yes,No,One year,Yes,Credit card (automatic),29.36,2031.18,No
CUST-05203,Male,0,No,No,61,Yes,No,DSL,No internet service,Yes,No,No internet service,Yes,No,Two year,Yes,Electronic check,45.86,2757.57,No
CUST-05204,Female,0,No,Yes,43,Yes,Yes,Fiber optic,No internet service,No,No,No,No internet service,Yes,Two year,Yes,Credit card (automatic),57.25,2514.45,No
CUST-05205,Female,1,No,No,14,Yes,Yes,DSL,Yes,Yes,No,Yes,No,Yes,Month-to-month,Yes,Electronic check,73.59,1050.45,No
CUST-05206,Male,0,No,No,13,Yes,No,Fiber optic,No,No internet service,No internet service,No internet service,Yes,Yes,Month-to-month,Yes,Mailed check,96.01,1303.13,Yes
CUST-05207,Male,0,No,No,16,Yes,Yes,DSL,No,No internet service,No,No internet service,No internet service,No internet service,Month-to-month,Yes,Credit card (automatic),69.27,1108.1,Yes
CUST-05208,Male,1,Yes,No,23,Yes,Yes,DSL,No,No,No,No,No internet service,Yes,Two year,No,Mailed check,98.18,2261.43,Yes
CUST-05209,Female,0,No,Yes,35,Yes,No,No,No,Yes,No internet service,Yes,Yes,No,One year,Yes,Mailed check,44.6,1618.57,No
CUST-05210,Female,0,Yes,No,44,Yes,Yes,DSL,Yes,Yes,No,No internet service,Yes,Yes,Two year,Yes,Electronic check,56.3,2313.78,No
CUST-05211,Female,0,Yes,No,17,Yes,No,Fiber optic,Yes,Yes,Yes,Yes,Yes,No,Month-to-month,Yes,Credit card (automatic),53.6,938.99,No
CUST-05212,Female,0,No,No,62,Yes,No phone service,DSL,Yes,Yes,No,No internet service,No internet service,No,Month-to-month,Yes,Electronic check,78.39,4518.25,No
CUST-05213,Female,0,No,No,38,Yes,Yes,Fiber optic,No,No,Yes,No,No,No,Two year,Yes,Bank transfer (automatic),28.49,1131.3,No
CUST-05214,Male,0,Yes,No,5,Yes,No phone service,DSL,Yes,Yes,No,No,No,No,One year,Yes,Electronic check,76.91,376.01,No
CUST-05215,Male,0,Yes,No,23,Yes,Yes,DSL,No,No,No,No,No,Yes,One year,Yes,Electronic check,53.85,1322.67,No
CUST-05216,Male,1,No,Yes,14,Yes,No,Fiber optic,Yes,No,No,No,No internet service,No,Two year,Yes,Bank transfer (automatic),95.07,1221.42,Yes
CUST-05217,Female,0,Yes,Yes,16,Yes,No,Fiber optic,No,No,No,Yes,No internet service,Yes,Month-to-month,No,Bank transfer (automatic),27.08,429.86,No
CUST-05218,Male,1,Yes,No,67,Yes,Yes,Fiber optic,No internet service,No,No,No,No,No,Month-to-month,Yes,Mailed check,58.49,3658.01,No
CUST-05219,Male,0,Yes,Yes,26,No,No,DSL,No,Yes,No internet service,No,Yes,Yes,Two year,Yes,Electronic check,70.41,1965.71,No
CUST-05220,Male,0,No,No,36,Yes,No phone service,No,Yes,No,No internet service,Yes,No,No,One year,No,Electronic check,67.21,2238.21,No
CUST-05221,Female,1,No,No,39,Yes,No,Fiber optic,Yes,No,No internet service,No internet service,No,Yes,Month-to-month,Yes,Electronic check,20.6,801.02,No
CUST-05222,Male,0,Yes,No,16,Yes,Yes,Fiber optic,No internet service,No,No,Yes,Yes,Yes,Month-to-month,No,Mailed check,47.13,694.55,No
CUST-05223,Male,0,No,No,41,Yes,Yes,No,No,No,No,No,Yes,No,One year,Yes,Credit card (automatic),26.92,1169.44,No
CUST-05224,Male,0,Yes,No,26,Yes,No,DSL,No,Yes,Yes,Yes,No,Yes,Two year,Yes,Electronic check,29.17,725.36,No
CUST-05225,Female,0,No,No,1,Yes,Yes,Fiber optic,No,Yes,Yes,No internet service,Yes,No,Month-to-month,Yes,Credit card (automatic),62.38,63.55,No
CUST-05226,Male,0,Yes,Yes,19,Yes,Yes,Fiber optic,Yes,No,Yes,Yes,No,No internet service,Month-to-month,No,Credit card (automatic),79.62,1412.98,Yes
CUST-05227,Female,1,No,No,42,Yes,Yes,DSL,No,Yes,No,Yes,Yes,Yes,Month-to-month,Yes,Electronic check,58.05,2365.74,No
CUST-05228,Male,0,Yes,Yes,16,Yes,Yes,DSL,No,Yes,Yes,Yes,No,No,One year,No,Electronic check,77.79,1148.48,Yes
CUST-05229,Female,0,Yes,No,56,Yes,Yes,DSL,Yes,No,No,No internet service,No,No,Two year,No,Credit card (automatic),34.64,1959.56,No
CUST-05230,Female,0,No,Yes,47,Yes,No,Fiber optic,No,No,No,No,No internet service,No internet service,Month-to-month,No,Electronic check,42.73,1808.87,No
CUST-05231,Male,1,No,No,6,Yes,No,Fiber optic,Yes,Yes,No,No,No internet service,No internet service,Month-to-month,Yes,Credit card (automatic),71.92,474.07,Yes
CUST-05232,Male,0,No,Yes,43,No,Yes,Fiber optic,No,No,No internet service,No internet service,Yes,No internet service,Month-to-month,Yes,Credit card (automatic),70.88,2996.81,No
CUST-05233,Male,0,No,Yes,22,No,No phone service,DSL,No,No internet service,No internet service,No,Yes,No internet service,Two year,No,Electronic check,31.67,714.78,No
CUST-05234,Male,0,No,No,46,Yes,No,DSL,No,No internet service,No,No,No,No,One year,Yes,Credit card (automatic),27.77,1222.95,No
CUST-05235,Female,0,Yes,No,11,Yes,Yes,Fiber optic,No,No,No internet service,Yes,No internet service,No,Month-to-month,No,Credit card (automatic),63.54,664.45,No
CUST-05236,Male,0,No,Yes,11,Yes,Yes,DSL,Yes,No internet service,Yes,No,Yes,No,Month-to-month,No,Mailed check,92.32,1085.82,Yes
CUST-05237,Male,0,No,No,4,No,No,Fiber optic,No,No internet service,No,No,Yes,Yes,Month-to-month,Yes,Electronic check,44.62,187.7,No
CUST-05238,Female,0,Yes,Yes,2,Yes,No,DSL,No,Yes,No internet service,Yes,No,No,Two year,Yes,Mailed check,50.93,104.78,No
CUST-05239,Male,0,No,No,19,Yes,No,Fiber optic,No,Yes,No internet service,Yes,No internet service,No,One year,No,Credit card (automatic),24.81,495.18,No
CUST-05240,Female,0,No,No,13,Yes,No,No,No,Yes,No internet service,Yes,No,Yes,One year,No,Bank transfer (automatic),53.35,648.51,No
CUST-05241,Male,0,No,Yes,35,Yes,No,DSL,No,Yes,No internet service,Yes,No,Yes,Month-to-month,No,Credit card (automatic),48.81,1856.67,No
CUST-05242,Female,0,Yes,Yes,12,Yes,No,Fiber optic,No,No,Yes,No internet service,No,Yes,Two year,Yes,Bank transfer (automatic),60.1,714.67,No
CUST-05243,Female,0,Yes,No,18,Yes,Yes,DSL,Yes,No,No internet service,No internet service,No,Yes,Month-to-month,Yes,Mailed check,33.15,640.7,No
CUST-05244,Female,0,No,No,7,Yes,No,Fiber optic,No,Yes,Yes,Yes,No,No,Month-to-month,No,Bank transfer (automatic),41.4,303.48,No
CUST-05245,Female,1,No,No,63,Yes,No,Fiber optic,No,No,No internet service,Yes,No,No internet service,Two year,Yes,Electronic check,59.58,3592.83,No
CUST-05246,Female,0,No,No,53,Yes,No,Fiber optic,Yes,Yes,Yes,No,Yes,Yes,One year,No,Bank transfer (automatic),22.14,1189.69,No
CUST-05247,Female,0,No,Yes,16,No,No phone service,DSL,Yes,Yes,No,No internet service,Yes,Yes,One year,Yes,Electronic check,26.95,471.44,No
CUST-05248,Male,0,Yes,No,9,Yes,Yes,DSL,No,Yes,No internet service,No,No internet service,No internet service,Month-to-month,No,Electronic check,37.01,302.25,No
CUST-05249,Female,0,Yes,No,61,Yes,Yes,DSL,Yes,Yes,Yes,No,No,No,Month-to-month,No,Credit card (automatic),26.38,1585.52,No
CUST-05250,Male,0,No,No,20,Yes,Yes,Fiber optic,Yes,No,Yes,No,Yes,Yes,One year,Yes,Mailed check,55.06,1127.75,Yes
CUST-05251,Female,0,No,No,63,Yes,Yes,No,Yes,Yes,No,No,Yes,No,Month-to-month,Yes,Electronic check,79.24,4832.27,No
CUST-05252,Female,0,No,No,17,Yes,No,DSL,No internet service,No internet service,No,No,No internet service,No internet service,Month-to-month,No,Electronic check,79.71,1305.72,Yes
CUST-05253,Male,0,No,No,26,Yes,No,DSL,No,No internet service,No,Yes,No internet service,No internet service,Two year,No,Electronic check,52.02,1419.79,No
CUST-05254,Male,0,Yes,No,16,Yes,No phone service,Fiber optic,No internet service,Yes,No,Yes,No,Yes,Month-to-month,No,Credit card (automatic),60.9,1055.53,Yes
CUST-05255,Male,0,Yes,No,31,Yes,No,Fiber optic,No,No internet service,Yes,No,No internet service,No,Month-to-month,Yes,Mailed check,20.46,639.03,No
CUST-05256,Female,1,No,No,12,Yes,No phone service,Fiber optic,No,No,No,No,Yes,No,Month-to-month,No,Credit card (automatic),65.04,850.44,No
CUST-05257,Female,1,Yes,Yes,1,Yes,No,Fiber optic,No,No,No internet service,Yes,No internet service,No,Month-to-month,No,Credit card (automatic),63.43,58.37,No
CUST-05258,Female,0,Yes,No,37,Yes,Yes,Fiber optic,Yes,Yes,Yes,Yes,No,Yes,Month-to-month,Yes,Electronic check,78.35,2740.94,No
CUST-05259,Female,0,Yes,No,70,Yes,No,DSL,No internet service,No,No,Yes,Yes,No internet service,Two year,Yes,Credit card (automatic),21.27,1366.13,No
CUST-05260,Male,0,Yes,No,22,Yes,No phone service,Fiber optic,No internet service,No internet service,No,Yes,Yes,No internet service,One year,No,Mailed check,94.59,2054.15,Yes
CUST-05261,Male,1,No,No,54,Yes,No,Fiber optic,No,Yes,Yes,No,Yes,No,One year,No,Bank transfer (automatic),62.73,3473.27,No
CUST-05262,Male,0,Yes,No,58,Yes,No,No,No,No internet service,No internet service,No internet service,Yes,Yes,One year,Yes,Bank transfer (automatic),39.8,2170.11,No
CUST-05263,Female,0,No,No,70,Yes,No,Fiber optic,No,No,Yes,Yes,No,No internet service,One year,No,Electronic check,23.83,1650.93,No
CUST-05264,Female,1,Yes,Yes,10,Yes,No,Fiber optic,Yes,Yes,No internet service,No,Yes,No,Month-to-month,No,Electronic check,38.06,394.64,No
CUST-05265,Male,0,Yes,No,18,Yes,Yes,Fiber optic,No,No,Yes,No,No,Yes,One year,Yes,Mailed check,25.26,467.36,No
CUST-05266,Female,1,Yes,No,12,Yes,No phone service,DSL,No,Yes,Yes,No,No internet service,No,Two year,Yes,Electronic check,57.05,702.3,Yes
CUST-05267,Male,0,No,No,59,Yes,Yes,DSL,No,No,No,Yes,No,No,Two year,Yes,Electronic check,72.62,4375.44,No
CUST-05268,Male,0,No,Yes,55,No,Yes,No,No internet service,Yes,Yes,Yes,No internet service,No,Month-to-month,No,Mailed check,58.21,3513.13,No
CUST-05269,Female,0,Yes,No,52,Yes,Yes,No,No,No,No internet service,No internet service,No,No,One year,Yes,Electronic check,43.14,2339.26,No
CUST-05270,Female,1,Yes,Yes,3,No,No,No,Yes,Yes,No,No internet service,No,Yes,Month-to-month,No,Electronic check,67.4,218.69,Yes
CUST-05271,Female,0,No,No,13,Yes,No,Fiber optic,Yes,No internet service,Yes,No internet service,Yes,No,Month-to-month,Yes,Electronic check,76.18,1079.81,Yes
CUST-05272,Male,0,No,Yes,6,No,No,DSL,Yes,Yes,Yes,Yes,No internet service,No,Month-to-month,Yes,Bank transfer (automatic),67.52,434.26,No
CUST-05273,Male,0,Yes,No,23,Yes,Yes,No,No,No,No,No,No,No,Month-to-month,Yes,Electronic check,50.65,1070.63,No
CUST-05274,Female,0,Yes,No,12,Yes,No,Fiber optic,No internet service,Yes,No internet service,No,Yes,No,Month-to-month,Yes,Electronic check,77.5,935.44,No
CUST-05275,Male,0,Yes,No,67,Yes,No,DSL,No internet service,No,No internet service,No internet service,No internet service,Yes,Month-to-month,Yes,Credit card (automatic),37.4,2446.42,No
CUST-05276,Male,0,Yes,Yes,7,Yes,Yes,DSL,No,Yes,No,No,No internet service,No internet service,Month-to-month,No,Mailed check,56.25,362.02,No
CUST-05277,Female,0,Yes,No,26,No,No,Fiber optic,Yes,No,Yes,Yes,No,No,Two year,No,Credit card (automatic),68.48,1803.34,No
CUST-05278,Male,0,No,Yes,63,No,No,Fiber optic,No internet service,Yes,No,No,No,No,Two year,No,Electronic check,73.63,4372.27,No
CUST-05279,Female,0,Yes,Yes,68,Yes,Yes,DSL,No internet service,No internet service,Yes,No,No internet service,No,Month-to-month,Yes,Mailed check,76.8,5307.77,No
CUST-05280,Female,0,No,No,27,Yes,Yes,No,No,No,No,No,Yes,No internet service,Month-to-month,Yes,Bank transfer (automatic),43.7,1254.8,No
CUST-05281,Male,0,Yes,No,10,Yes,Yes,DSL,Yes,No internet service,Yes,No,No internet service,No internet service,Month-to-month,Yes,Mailed check,95.51,934.82,Yes
CUST-05282,Female,0,No,No,38,Yes,No,DSL,Yes,Yes,No internet service,No internet service,No internet service,No,Month-to-month,Yes,Electronic check,37.41,1549.47,No
CUST-05283,Male,0,Yes,No,59,Yes,No,Fiber optic,No,Yes,Yes,No,Yes,No,Month-to-month,Yes,Electronic check,58.96,3664.03,No
CUST-05284,Male,0,No,No,55,Yes,No,Fiber optic,No,No,No,No,Yes,No,Month-to-month,Yes,Mailed check,31.05,1811.68,No
CUST-05285,Female,0,No,Yes,38,Yes,Yes,Fiber optic,No,No,No,No,Yes,Yes,Month-to-month,Yes,Electronic check,45.29,1587.57,No
CUST-05286,Female,1,No,No,27,Yes,Yes,Fiber optic,No,No internet service,Yes,No,No internet service,Yes,Month-to-month,No,Credit card (automatic),75.21,2210.13,No
CUST-05287,Female,1,Yes,Yes,27,Yes,Yes,DSL,No internet service,Yes,No internet service,Yes,No,Yes,Month-to-month,No,Electronic check,68.65,1681.0,No
CUST-05288,Female,0,Yes,No,47,Yes,Yes,Fiber optic,No,No,No,No,Yes,Yes,Month-to-month,No,Electronic check,49.79,2501.08,No
CUST-05289,Male,0,No,No,5,Yes,Yes,Fiber optic,Yes,No,No,Yes,No,No,Two year,No,Electronic check,82.09,371.84,Yes
CUST-05290,Female,0,Yes,No,6,Yes,No,No,Yes,No internet service,No internet service,No,Yes,No,Month-to-month,No,Bank transfer (automatic),43.91,245.67,No
CUST-05291,Male,0,Yes,Yes,55,Yes,No,No,Yes,No internet service,No internet service,No,No internet service,No,Month-to-month,No,Mailed check,28.32,1500.08,No
CUST-05292,Male,0,Yes,Yes,35,Yes,No phone service,No,Yes,Yes,No internet service,No,Yes,No internet service,Two year,No,Electronic check,24.11,883.98,No
CUST-05293,Female,1,Yes,No,11,Yes,Yes,No,No,Yes,No internet service,No,Yes,No,Month-to-month,Yes,Electronic check,74.39,883.66,No
CUST-05294,Male,0,Yes,Yes,7,Yes,Yes,DSL,No,No,No,No,No,No,One year,No,Credit card (automatic),49.49,357.97,No
CUST-05295,Male,0,Yes,Yes,19,Yes,Yes,Fiber optic,No internet service,No,Yes,No internet service,Yes,Yes,Two year,Yes,Mailed check,81.07,1610.5,Yes
CUST-05296,Male,0,Yes,No,18,Yes,No,No,Yes,No internet service,Yes,No,No internet service,No internet service,One year,No,Mailed check,63.0,1086.32,No
CUST-05297,Male,0,Yes,Yes,8,No,No,No,No,Yes,No,Yes,No,Yes,One year,No,Electronic check,24.45,214.2,No
CUST-05298,Male,0,Yes,Yes,23,Yes,No,No,No,No,No,No,No,No,Month-to-month,Yes,Electronic check,93.04,2100.43,Yes
CUST-05299,Male,0,Yes,No,60,Yes,No,DSL,Yes,No internet service,No,No,Yes,Yes,One year,No,Electronic check,33.82,2196.78,No
CUST-05300,Male,1,Yes,No,51,Yes,Yes,Fiber optic,No,Yes,Yes,No,No,No,Two year,No,Electronic check,29.88,1608.99,No
CUST-05301,Female,1,No,No,15,Yes,Yes,DSL,Yes,Yes,Yes,No internet service,Yes,No,Month-to-month,Yes,Bank transfer (automatic),52.01,759.44,No
CUST-05302,Male,1,Yes,No,48,Yes,No,DSL,Yes,Yes,No,No,No internet service,No,Two year,No,Electronic check,63.18,2937.5,No
CUST-05303,Female,0,Yes,Yes,33,Yes,No,Fiber optic,No,Yes,No,Yes,No,Yes,One year,Yes,Bank transfer (automatic),49.23,1682.91,No
CUST-05304,Male,0,Yes,No,54,Yes,No phone service,No,No,Yes,No,No,No internet service,No internet service,Two year,No,Electronic check,69.25,4068.93,No
CUST-05305,Female,0,Yes,No,18,Yes,No phone service,Fiber optic,No,No,Yes,Yes,Yes,Yes,Month-to-month,No,Electronic check,75.04,1397.28,No
CUST-05306,Male,1,No,No,5,Yes,No,Fiber optic,No,No,No,No,No,Yes,Month-to-month,Yes,Bank transfer (automatic),68.43,366.61,No
CUST-05307,Male,0,Yes,Yes,23,Yes,No,No,Yes,Yes,Yes,No,No,Yes,Two year,Yes,Bank transfer (automatic),77.39,1945.96,No
CUST-05308,Female,0,No,No,1,Yes,No phone service,Fiber optic,No,No,Yes,No,No,No,Month-to-month,Yes,Electronic check,69.64,67.27,Yes
CUST-05309,Male,0,Yes,No,13,Yes,No,DSL,No,No,Yes,No internet service,Yes,No internet service,Month-to-month,Yes,Electronic check,96.89,1269.27,Yes
CUST-05310,Female,0,No,No,11,Yes,No,Fiber optic,No,No,Yes,Yes,No,Yes,Two year,Yes,Credit card (automatic),87.82,987.1,Yes
CUST-05311,Female,0,No,No,70,Yes,No,DSL,No,Yes,No,Yes,No internet service,No,Month-to-month,No,Mailed check,30.46,2011.59,No
CUST-05312,Male,0,No,Yes,22,Yes,No,Fiber optic,Yes,Yes,Yes,Yes,Yes,No internet service,One year,Yes,Electronic check,98.02,2284.77,Yes
CUST-05313,Female,0,Yes,No,39,No,Yes,Fiber optic,No,Yes,No,No,No,No,Month-to-month,No,Mailed check,70.73,2627.03,No
CUST-05314,Female,0,No,Yes,53,Yes,Yes,No,No internet service,Yes,Yes,No,Yes,Yes,One year,Yes,Credit card (automatic),69.39,3829.83,No
CUST-05315,Male,1,No,Yes,14,Yes,No,DSL,No,No internet service,No,No,Yes,No,One year,No,Mailed check,58.62,824.59,No
CUST-05316,Female,1,Yes,Yes,43,Yes,Yes,No,No,Yes,Yes,No,Yes,Yes,Month-to-month,Yes,Electronic check,69.79,3203.04,No
CUST-05317,Female,0,Yes,No,8,Yes,Yes,DSL,Yes,Yes,No,No internet service,Yes,Yes,Two year,Yes,Mailed check,60.08,481.75,Yes
CUST-05318,Male,0,No,No,32,Yes,Yes,Fiber optic,Yes,No,Yes,No,Yes,No,One year,Yes,Credit card (automatic),59.92,1950.68,No
CUST-05319,Male,0,Yes,No,2,Yes,No,No,No internet service,No internet service,No,No,No,Yes,One year,No,Bank transfer (automatic),57.12,106.95,Yes
CUST-05320,Male,0,No,Yes,54,Yes,Yes,Fiber optic,No internet service,No,Yes,No,No internet service,No,One year,Yes,Mailed check,47.63,2730.55,No
CUST-05321,Male,0,No,No,52,Yes,Yes,Fiber optic,Yes,No,Yes,No,No internet service,No internet service,Month-to-month,Yes,Credit card (automatic),22.03,1123.14,No
CUST-05322,Female,1,Yes,No,7,No,Yes,No,No,No,No internet service,No internet service,Yes,Yes,Month-to-month,No,Electronic check,83.62,594.68,Yes
CUST-05323,Male,0,Yes,No,25,Yes,Yes,DSL,Yes,No,No,No,Yes,Yes,Month-to-month,Yes,Mailed check,69.2,1849.74,Yes
CUST-05324,Male,0,Yes,No,10,Yes,Yes,DSL,Yes,No internet service,No,No internet service,No internet service,Yes,One year,Yes,Mailed check,22.85,227.56,No
CUST-05325,Female,0,Yes,No,9,Yes,Yes,Fiber optic,No,Yes,Yes,No internet service,No,No,Month-to-month,Yes,Bank transfer (automatic),74.79,642.75,No
CUST-05326,Female,0,No,Yes,57,No,Yes,Fiber optic,No internet service,No,No,No,No,Yes,Month-to-month,No,Electronic check,47.02,2554.39,No
CUST-05327,Female,0,No,No,61,Yes,No phone service,Fiber optic,No,No,No,No,Yes,No,Two year,No,Credit card (automatic),62.0,3832.17,No
CUST-05328,Male,0,No,No,6,Yes,Yes,Fiber optic,No internet service,No,No internet service,No internet service,No internet service,No,Month-to-month,Yes,Electronic check,28.87,165.99,No
CUST-05329,Male,0,No,No,6,Yes,Yes,No,No internet service,No internet service,No,No,No internet service,Yes,Month-to-month,No,Mailed check,81.14,471.12,Yes
CUST-05330,Male,0,No,No,36,Yes,No,Fiber optic,No,No,Yes,No,No internet service,Yes,Two year,Yes,Electronic check,48.68,1659.53,No
CUST-05331,Male,0,No,No,26,Yes,No,DSL,No,No,Yes,Yes,No,Yes,Month-to-month,No,Electronic check,63.21,1625.8,Yes
CUST-05332,Female,1,Yes,No,46,Yes,Yes,Fiber optic,Yes,Yes,Yes,No internet service,No,No,One year,No,Bank transfer (automatic),58.91,2691.48,No
CUST-05333,Female,0,No,No,65,Yes,No,Fiber optic,No internet service,No internet service,No,No internet service,Yes,Yes,One year,No,Bank transfer (automatic),52.39,3423.0,No
CUST-05334,Female,0,Yes,No,59,Yes,Yes,Fiber optic,Yes,Yes,No,Yes,Yes,No,Month-to-month,No,Mailed check,53.79,3232.55,No
CUST-05335,Male,0,No,Yes,11,Yes,No,No,No,No,No internet service,No,Yes,Yes,Month-to-month,Yes,Credit card (automatic),64.67,723.88,No
CUST-05336,Female,0,Yes,No,33,Yes,No,DSL,No internet service,Yes,No,Yes,No,Yes,Month-to-month,No,Credit card (automatic),68.39,2196.95,No
CUST-05337,Male,1,No,Yes,25,Yes,Yes,Fiber optic,Yes,No,Yes,No internet service,Yes,No internet service,Two year,Yes,Mailed check,77.29,2087.09,Yes
CUST-05338,Male,0,No,No,17,Yes,Yes,DSL,No,No,No internet service,Yes,No internet service,No internet service,Month-to-month,Yes,Credit card (automatic),75.32,1283.43,No
CUST-05339,Female,1,Yes,Yes,61,No,Yes,DSL,No,No,No,Yes,No internet service,Yes,Month-to-month,Yes,Bank transfer (automatic),41.23,2682.09,No
CUST-05340,Male,0,Yes,No,35,Yes,No,Fiber optic,Yes,No,Yes,No,No,No,Two year,Yes,Bank transfer (automatic),36.34,1286.5,No
CUST-05341,Female,0,Yes,No,38,Yes,No,DSL,Yes,No internet service,No internet service,Yes,No,No,One year,Yes,Credit card (automatic),38.69,1432.17,No
CUST-05342,Male,0,Yes,No,18,Yes,No,DSL,No,No,No,Yes,No,No,Month-to-month,Yes,Credit card (automatic),41.51,782.84,No
CUST-05343,Male,1,Yes,No,8,Yes,No,Fiber optic,No internet service,No,No,No,No,No internet service,Two year,No,Credit card (automatic),82.97,620.88,Yes
CUST-05344,Female,0,No,No,38,Yes,No,Fiber optic,Yes,No,Yes,No,No,No,Two year,No,Credit card (automatic),70.63,2936.06,No
CUST-05345,Male,0,Yes,No,41,Yes,No,DSL,No,No,No internet service,No,No,No,Month-to-month,No,Credit card (automatic),53.67,2232.29,No
CUST-05346,Female,1,Yes,No,11,Yes,No,Fiber optic,No,No internet service,Yes,Yes,Yes,No,Month-to-month,Yes,Mailed check,73.46,744.09,Yes
CUST-05347,Female,0,No,No,7,Yes,No phone service,Fiber optic,No,No,No,Yes,No,No,Month-to-month,Yes,Bank transfer (automatic),25.04,172.52,No
CUST-05348,Male,0,No,No,56,Yes,Yes,Fiber optic,Yes,No,No internet service,No internet service,Yes,No internet service,Two year,No,Mailed check,56.84,3318.34,No
CUST-05349,Male,0,Yes,No,24,Yes,Yes,Fiber optic,No internet service,Yes,No,No internet service,No,Yes,Month-to-month,No,Mailed check,25.76,564.84,No
CUST-05350,Female,0,No,No,18,Yes,No,DSL,No,Yes,No,No,Yes,No,Month-to-month,Yes,Electronic check,47.53,814.71,No
CUST-05351,Female,1,Yes,No,56,Yes,No,Fiber optic,No internet service,No internet service,No,No internet service,No internet service,Yes,Month-to-month,Yes,Bank transfer (automatic),42.96,2609.95,No
CUST-05352,Female,0,No,No,15,Yes,No phone service,No,No internet service,No internet service,No,No internet service,No internet service,Yes,Month-to-month,Yes,Bank transfer (automatic),60.85,886.5,No
CUST-05353,Female,0,Yes,No,10,Yes,No phone service,No,No internet service,No,No,No internet service,Yes,No internet service,One year,No,Bank transfer (automatic),97.67,910.12,Yes
CUST-05354,Female,0,No,No,34,Yes,Yes,DSL,Yes,Yes,Yes,No internet service,Yes,No,One year,Yes,Electronic check,34.29,1072.21,No
CUST-05355,Female,0,Yes,Yes,7,Yes,Yes,Fiber optic,No,No internet service,No internet service,No internet service,Yes,No,Two year,Yes,Bank transfer (automatic),67.19,481.53,Yes
CUST-05356,Female,1,No,No,4,No,Yes,DSL,Yes,No internet service,Yes,Yes,No,Yes,Month-to-month,No,Credit card (automatic),45.17,182.78,No
CUST-05357,Male,0,No,Yes,55,Yes,Yes,Fiber optic,No,No,Yes,Yes,No internet service,No internet service,One year,No,Credit card (automatic),34.52,1954.7,No
CUST-05358,Female,0,Yes,Yes,17,Yes,No,No,No internet service,No,Yes,No,No,Yes,Two year,Yes,Electronic check,60.6,1124.57,No
CUST-05359,Female,0,No,No,62,Yes,Yes,DSL,No,No,No,No,No,Yes,Month-to-month,No,Electronic check,51.06,2887.21,No
CUST-05360,Male,0,Yes,No,17,Yes,Yes,No,No,No internet service,Yes,No,Yes,Yes,Two year,Yes,Credit card (automatic),59.37,948.26,Yes
CUST-05361,Female,0,No,No,1,Yes,Yes,DSL,No,Yes,No internet service,No,No internet service,Yes,Month-to-month,Yes,Electronic check,78.88,74.68,No
CUST-05362,Male,0,No,Yes,35,Yes,Yes,Fiber optic,Yes,Yes,No,No,No,No internet service,Month-to-month,No,Bank transfer (automatic),42.69,1472.36,No
CUST-05363,Female,0,No,Yes,4,Yes,Yes,Fiber optic,Yes,No internet service,No internet service,No,No,No internet service,Month-to-month,Yes,Mailed check,74.72,276.23,No
CUST-05364,Female,0,No,Yes,8,Yes,No,Fiber optic,Yes,No,Yes,No,Yes,No,Month-to-month,No,Electronic check,65.41,513.85,Yes
CUST-05365,Male,0,No,No,51,Yes,Yes,Fiber optic,No,No,Yes,No internet service,Yes,No,Two year,Yes,Bank transfer (automatic),28.95,1569.82,No
CUST-05366,Male,0,Yes,No,2,Yes,Yes,DSL,No,Yes,No,No internet service,No,Yes,Month-to-month,No,Electronic check,79.54,148.38,Yes
CUST-05367,Female,0,Yes,No,13,No,No,DSL,No,No,No internet service,No internet service,No,No,One year,No,Credit card (automatic),61.44,865.27,Yes
CUST-05368,Female,0,No,No,16,Yes,No,Fiber optic,Yes,No,Yes,Yes,Yes,Yes,Two year,Yes,Credit card (automatic),71.33,1235.15,Yes
CUST-05369,Male,0,Yes,No,34,No,Yes,Fiber optic,Yes,Yes,No,No,Yes,Yes,Month-to-month,No,Credit card (automatic),62.16,2118.93,No
CUST-05370,Female,0,No,No,39,Yes,No phone service,Fiber optic,No,No,No internet service,No,Yes,No internet service,Month-to-month,Yes,Electronic check,73.16,3058.76,No
CUST-05371,Male,0,No,No,5,Yes,Yes,No,Yes,No internet service,Yes,No,Yes,No internet service,Month-to-month,No,Credit card (automatic),65.67,342.24,No
CUST-05372,Female,1,Yes,No,18,Yes,No,DSL,Yes,No internet service,No,No,No internet service,No,Month-to-month,Yes,Electronic check,68.3,1194.17,Yes
CUST-05373,Male,1,No,Yes,52,Yes,No,No,No internet service,Yes,No,Yes,No,Yes,Month-to-month,Yes,Mailed check,39.25,2066.21,No
CUST-05374,Male,0,Yes,Yes,5,Yes,No,Fiber optic,Yes,Yes,No,No,Yes,No internet service,Two year,Yes,Credit card (automatic),78.39,361.9,No
CUST-05375,Male,0,No,No,26,Yes,Yes,No,No,No,No,No internet service,Yes,No,Two year,No,Mailed check,59.7,1550.88,No
CUST-05376,Female,0,No,No,10,Yes,Yes,Fiber optic,Yes,No,Yes,No,Yes,Yes,One year,Yes,Electronic check,66.42,708.03,No
CUST-05377,Male,0,No,No,61,No,Yes,Fiber optic,Yes,No internet service,No,No,Yes,No,Month-to-month,No,Electronic check,71.53,4437.72,No
CUST-05378,Female,0,No,Yes,40,Yes,Yes,No,No internet service,No,Yes,No,Yes,Yes,Month-to-month,Yes,Mailed check,27.43,1071.31,No
CUST-05379,Female,0,No,No,17,Yes,Yes,No,No internet service,No internet service,No,Yes,Yes,Yes,Month-to-month,No,Bank transfer (automatic),80.2,1408.0,Yes
CUST-05380,Male,0,No,No,49,Yes,No,DSL,No,No,Yes,No,Yes,Yes,Month-to-month,No,Bank transfer (automatic),70.16,3765.71,No
CUST-05381,Male,1,No,No,16,Yes,Yes,No,Yes,No,No,No,Yes,No,Two year,Yes,Electronic check,73.09,1068.28,Yes
CUST-05382,Female,1,No,Yes,4,Yes,No,Fiber optic,No,Yes,Yes,No,No internet service,No,Month-to-month,Yes,Bank transfer (automatic),65.37,252.61,No
CUST-05383,Male,0,No,Yes,29,Yes,No,DSL,Yes,No,No,No internet service,No,No,Month-to-month,Yes,Mailed check,48.94,1321.6,No
CUST-05384,Male,0,Yes,No,1,Yes,Yes,Fiber optic,No,No,No internet service,Yes,Yes,No internet service,One year,Yes,Credit card (automatic),82.3,89.82,Yes
CUST-05385,Female,0,Yes,Yes,23,Yes,No phone service,Fiber optic,No,No,No,No,No,No internet service,One year,No,Electronic check,51.5,1195.37,No
CUST-05386,Male,0,Yes,No,23,Yes,Yes,Fiber optic,No internet service,Yes,Yes,No,No internet service,No,Month-to-month,No,Credit card (automatic),43.84,933.64,No
CUST-05387,Male,0,Yes,No,24,Yes,Yes,No,Yes,Yes,No,No internet service,Yes,Yes,Month-to-month,No,Mailed check,79.48,1950.31,Yes
CUST-05388,Male,0,Yes,No,23,Yes,No,No,No,Yes,No internet service,No,No,No internet service,Month-to-month,Yes,Mailed check,54.04,1243.02,No
CUST-05389,Female,0,Yes,No,11,Yes,No,Fiber optic,Yes,Yes,No internet service,No,No,No internet service,Two year,No,Bank transfer (automatic),43.52,436.53,No
CUST-05390,Male,0,Yes,Yes,24,Yes,Yes,Fiber optic,No,No,Yes,No,Yes,No,Month-to-month,Yes,Bank transfer (automatic),88.73,2284.77,Yes
CUST-05391,Female,1,No,No,4,Yes,Yes,Fiber optic,No internet service,No,Yes,Yes,No,No internet service,Two year,No,Mailed check,76.01,316.76,No
CUST-05392,Female,0,No,No,15,No,Yes,Fiber optic,No,No internet service,Yes,No,No internet service,Yes,Month-to-month,No,Electronic check,56.8,767.69,No
CUST-05393,Male,0,No,Yes,25,Yes,Yes,No,No,Yes,No,No internet service,No internet service,Yes,Month-to-month,Yes,Credit card (automatic),33.74,921.05,No
CUST-05394,Male,1,Yes,Yes,18,Yes,Yes,DSL,No,No internet service,Yes,No,Yes,Yes,Month-to-month,Yes,Bank transfer (automatic),58.27,977.38,Yes
CUST-05395,Male,0,No,No,64,Yes,Yes,DSL,No,No,No,No,No,No internet service,One year,Yes,Credit card (automatic),47.94,2761.5,No
CUST-05396,Male,0,Yes,No,27,Yes,No phone service,Fiber optic,Yes,No internet service,No internet service,No,Yes,Yes,Month-to-month,Yes,Bank transfer (automatic),66.78,1776.83,Yes
CUST-05397,Male,0,No,Yes,13,Yes,Yes,Fiber optic,No,Yes,Yes,No,No,No internet service,Two year,No,Electronic check,96.46,1163.89,Yes
CUST-05398,Male,0,No,No,10,Yes,Yes,DSL,No,Yes,No,No,No internet service,No internet service,One year,Yes,Credit card (automatic),36.1,366.06,No
CUST-05399,Female,0,Yes,No,38,Yes,Yes,DSL,No,Yes,Yes,No internet service,Yes,Yes,Month-to-month,Yes,Electronic check,49.55,1811.89,No
CUST-05400,Male,0,No,No,17,No,No,Fiber optic,No,No,Yes,Yes,No,No,Month-to-month,Yes,Mailed check,65.95,1050.56,Yes
CUST-05401,Male,0,No,Yes,17,Yes,Yes,Fiber optic,No,No,No,Yes,Yes,No internet service,Month-to-month,No,Bank transfer (automatic),48.01,895.39,No
CUST-05402,Male,0,Yes,No,29,Yes,No phone service,Fiber optic,No,Yes,No internet service,No,No internet service,No internet service,Month-to-month,No,Credit card (automatic),54.01,1513.89,No
CUST-05403,Female,0,No,No,1,Yes,Yes,Fiber optic,No internet service,No internet service,Yes,Yes,Yes,No internet service,Month-to-month,Yes,Mailed check,59.94,58.92,Yes
CUST-05404,Female,0,Yes,No,9,Yes,No,Fiber optic,No,No internet service,No,No,Yes,Yes,Month-to-month,No,Mailed check,80.56,695.2,Yes
CUST-05405,Female,0,Yes,No,11,Yes,Yes,Fiber optic,No,Yes,No internet service,No,No internet service,Yes,Two year,Yes,Bank transfer (automatic),70.36,826.12,Yes
CUST-05406,Male,0,Yes,Yes,7,Yes,No,Fiber optic,No,No,No,Yes,Yes,Yes,Two year,Yes,Mailed check,66.37,436.42,No
CUST-05407,Female,0,No,Yes,18,Yes,No,No,Yes,Yes,No,No,No,Yes,Month-to-month,No,Mailed check,74.46,1240.47,No
CUST-05408,Male,1,No,Yes,43,Yes,No,No,No,No internet service,Yes,No,Yes,No,Month-to-month,No,Mailed check,22.68,1049.64,No
CUST-05409,Female,0,No,No,34,Yes,No,Fiber optic,No,No,Yes,No,No internet service,No,Month-to-month,No,Electronic check,24.4,777.06,No
CUST-05410,Female,0,No,Yes,36,Yes,No,Fiber optic,Yes,No internet service,Yes,No internet service,No internet service,No,One year,Yes,Mailed check,76.03,2933.02,No
CUST-05411,Male,1,Yes,No,49,Yes,No,No,No,No,Yes,No internet service,Yes,Yes,Two year,Yes,Electronic check,28.88,1437.25,No
CUST-05412,Male,0,No,No,6,Yes,No,DSL,No,No,No,Yes,No,Yes,Month-to-month,No,Bank transfer (automatic),78.76,503.12,No
CUST-05413,Female,0,Yes,No,50,Yes,Yes,Fiber optic,Yes,Yes,No,No internet service,Yes,No,Two year,Yes,Mailed check,69.69,3184.94,No
CUST-05414,Female,0,Yes,Yes,20,Yes,Yes,No,Yes,Yes,Yes,No,Yes,No internet service,Month-to-month,No,Electronic check,70.63,1543.58,Yes
CUST-05415,Female,0,No,Yes,9,Yes,No,Fiber optic,No internet service,No,No,No,No internet service,No,Month-to-month,Yes,Electronic check,82.44,712.25,Yes
CUST-05416,Male,0,No,No,21,No,Yes,Fiber optic,Yes,No,Yes,No,Yes,No internet service,Month-to-month,No,Electronic check,78.64,1505.66,No
CUST-05417,Female,0,Yes,No,25,Yes,Yes,DSL,No internet service,No internet service,No,No,Yes,Yes,Two year,No,Mailed check,35.29,928.99,No
CUST-05418,Male,0,Yes,No,69,Yes,Yes,No,No internet service,No,No,No internet service,No,Yes,One year,No,Credit card (automatic),52.32,3377.92,No
CUST-05419,Female,0,No,No,57,Yes,Yes,DSL,No,Yes,Yes,Yes,No,No internet service,Month-to-month,No,Credit card (automatic),34.17,1889.69,No
CUST-05420,Male,0,No,No,67,Yes,Yes,DSL,No,No,No,Yes,No internet service,No internet service,One year,Yes,Bank transfer (automatic),56.04,3825.76,No
CUST-05421,Male,0,No,No,22,Yes,Yes,DSL,Yes,Yes,Yes,No,Yes,No,One year,Yes,Credit card (automatic),75.84,1524.53,Yes
CUST-05422,Female,0,Yes,Yes,4,No,Yes,Fiber optic,Yes,No,Yes,No,Yes,No internet service,Two year,Yes,Credit card (automatic),77.47,291.41,Yes
CUST-05423,Female,0,Yes,Yes,11,Yes,No,No,Yes,Yes,No internet service,No internet service,No internet service,No internet service,Month-to-month,Yes,Bank transfer (automatic),82.97,910.68,Yes
CUST-05424,Female,1,Yes,No,8,Yes,No,DSL,No,No,No,No internet service,No,No,One year,Yes,Electronic check,74.54,587.01,Yes
CUST-05425,Female,0,Yes,Yes,29,Yes,Yes,Fiber optic,No internet service,Yes,Yes,No,No,Yes,One year,No,Electronic check,94.02,2757.98,Yes
CUST-05426,Female,0,Yes,Yes,60,Yes,Yes,Fiber optic,Yes,No,Yes,No,No,No,Two year,No,Mailed check,32.05,2010.93,No
CUST-05427,Female,0,Yes,No,21,Yes,Yes,Fiber optic,Yes,No,No internet service,No,No,No,Two year,Yes,Electronic check,97.41,1985.47,Yes
CUST-05428,Female,1,No,Yes,26,Yes,Yes,Fiber optic,Yes,Yes,Yes,Yes,No,Yes,Month-to-month,Yes,Electronic check,57.61,1469.22,No
CUST-05429,Female,0,Yes,No,61,No,Yes,Fiber optic,No,Yes,No,Yes,Yes,Yes,Month-to-month,Yes,Bank transfer (automatic),20.57,1197.65,No
CUST-05430,Female,0,Yes,Yes,8,Yes,No,No,No,Yes,No,No internet service,No,No,Month-to-month,Yes,Electronic check,71.46,553.35,Yes
CUST-05431,Female,0,No,No,48,Yes,Yes,DSL,No internet service,No internet service,No internet service,Yes,No,Yes,One year,Yes,Electronic check,46.73,2041.63,No
CUST-05432,Female,0,Yes,Yes,23,Yes,Yes,DSL,Yes,No internet service,No,Yes,No,Yes,Two year,Yes,Mailed check,88.99,2079.57,Yes
CUST-05433,Female,0,Yes,No,70,Yes,No,No,No,No,No,Yes,No internet service,No internet service,Two year,No,Bank transfer (automatic),25.17,1646.59,No
CUST-05434,Female,0,No,Yes,35,Yes,Yes,DSL,No,No internet service,Yes,Yes,Yes,No,Two year,No,Electronic check,42.47,1550.75,No
CUST-05435,Male,0,Yes,No,38,Yes,Yes,No,No internet service,Yes,No internet service,Yes,No,No,One year,Yes,Electronic check,38.47,1328.01,No
CUST-05436,Female,0,Yes,No,9,No,Yes,Fiber optic,No,Yes,No,Yes,No,No internet service,Month-to-month,Yes,Credit card (automatic),89.23,732.38,Yes
CUST-05437,Male,0,No,No,71,Yes,Yes,Fiber optic,Yes,No,Yes,No,No,No,One year,Yes,Electronic check,67.59,4592.24,No
CUST-05438,Male,0,Yes,No,52,Yes,Yes,Fiber optic,No,No internet service,Yes,No internet service,Yes,No,Month-to-month,Yes,Bank transfer (automatic),58.76,3017.88,No
CUST-05439,Male,0,Yes,No,50,Yes,Yes,DSL,No,Yes,No,No internet service,No,Yes,Month-to-month,Yes,Credit card (automatic),27.98,1453.17,No
CUST-05440,Male,0,Yes,No,63,Yes,Yes,No,No,No internet service,Yes,No,No,No internet service,Two year,Yes,Bank transfer (automatic),62.48,4087.54,No
CUST-05441,Male,1,No,No,70,Yes,No,Fiber optic,No,Yes,No,No,No,No,One year,Yes,Electronic check,63.41,4858.94,No
CUST-05442,Male,1,Yes,No,53,Yes,Yes,DSL,No,No,No,Yes,No internet service,No,One year,Yes,Electronic check,50.86,2615.6,No
CUST-05443,Female,0,Yes,No,21,Yes,Yes,Fiber optic,Yes,No,Yes,No,Yes,Yes,Two year,Yes,Credit card (automatic),79.75,1527.15,No
CUST-05444,Female,1,No,No,46,Yes,No,Fiber optic,No,No,No,No,No,Yes,Month-to-month,Yes,Electronic check,37.01,1825.47,No
CUST-05445,Male,0,Yes,No,17,Yes,Yes,Fiber optic,Yes,No,No,No internet service,No,No,Month-to-month,No,Electronic check,23.51,418.11,No
CUST-05446,Male,0,Yes,No,16,No,Yes,Fiber optic,No,Yes,Yes,Yes,No internet service,No,One year,Yes,Electronic check,61.14,893.74,Yes
CUST-05447,Female,0,Yes,Yes,32,Yes,No,No,Yes,No,No,No internet service,Yes,No,One year,Yes,Credit card (automatic),39.23,1150.75,No
CUST-05448,Female,0,Yes,No,71,Yes,Yes,DSL,Yes,No internet service,No,No,No internet service,Yes,One year,No,Credit card (automatic),49.88,3524.93,No
CUST-05449,Female,0,No,Yes,40,No,Yes,No,Yes,Yes,No,No internet service,No internet service,No internet service,Two year,Yes,Electronic check,24.69,956.32,No
CUST-05450,Female,0,No,No,6,Yes,No,Fiber optic,Yes,Yes,Yes,Yes,No,No,Two year,Yes,Credit card (automatic),62.22,380.52,Yes
CUST-05451,Female,0,No,No,9,Yes,Yes,No,No,Yes,No,No,Yes,No internet service,Month-to-month,No,Electronic check,72.48,615.68,Yes
CUST-05452,Female,0,Yes,No,13,Yes,No,No,No,No,No,Yes,No internet service,No,Month-to-month,Yes,Mailed check,61.05,866.56,Yes
CUST-05453,Male,0,No,No,13,No,No,DSL,No internet service,Yes,Yes,No,No,Yes,Month-to-month,Yes,Bank transfer (automatic),60.35,786.45,No
CUST-05454,Female,0,No,No,56,Yes,No,DSL,No,No,Yes,No,No,Yes,Two year,Yes,Mailed check,59.7,3510.84,No
CUST-05455,Female,0,Yes,No,18,Yes,Yes,Fiber optic,Yes,Yes,Yes,No internet service,Yes,No,Month-to-month,Yes,Mailed check,63.82,1062.78,No
CUST-05456,Male,0,No,No,42,Yes,Yes,DSL,No,No internet service,No,No internet service,No,No,Month-to-month,Yes,Credit card (automatic),49.65,2134.06,No
CUST-05457,Female,1,Yes,Yes,35,Yes,Yes,Fiber optic,No,No internet service,Yes,No internet service,Yes,No,Two year,Yes,Mailed check,44.11,1656.61,No
CUST-05458,Female,1,Yes,No,25,Yes,No,Fiber optic,No,No,No,No,Yes,No,Two year,No,Electronic check,94.94,2147.06,Yes
CUST-05459,Female,0,No,No,28,Yes,No,No,Yes,No internet service,No,No,No,No,Month-to-month,Yes,Credit card (automatic),55.12,1555.7,Yes
CUST-05460,Female,0,No,No,63,Yes,No,DSL,No,No internet service,No,No,Yes,No,Month-to-month,No,Credit card (automatic),53.73,3213.55,No
CUST-05461,Male,0,No,No,41,Yes,No,DSL,No,No,Yes,No,No,No,Two year,No,Electronic check,48.35,1973.78,No
CUST-05462,Male,0,No,No,27,Yes,Yes,Fiber optic,No,No,No,No,No,No internet service,Two year,Yes,Electronic check,91.46,2625.48,Yes
CUST-05463,Female,1,Yes,Yes,14,Yes,Yes,DSL,No,No internet service,Yes,No,No,Yes,Month-to-month,No,Credit card (automatic),36.1,524.61,No
CUST-05464,Female,0,Yes,No,20,Yes,Yes,No,Yes,Yes,Yes,Yes,No,No,One year,No,Electronic check,82.75,1739.24,Yes
CUST-05465,Male,0,No,No,70,Yes,No phone service,DSL,No,Yes,Yes,No,No internet service,No,Month-to-month,No,Bank transfer (automatic),35.34,2331.15,No
CUST-05466,Male,0,Yes,No,29,No,No,Fiber optic,Yes,No,No,Yes,No,No,One year,Yes,Credit card (automatic),45.54,1408.49,No
CUST-05467,Male,1,No,No,4,Yes,Yes,Fiber optic,No internet service,Yes,No,No,No,Yes,One year,Yes,Bank transfer (automatic),29.68,121.43,No
CUST-05468,Female,0,Yes,Yes,42,Yes,Yes,No,Yes,Yes,No internet service,No,Yes,Yes,Month-to-month,Yes,Electronic check,30.19,1158.76,No
CUST-05469,Male,1,No,No,21,Yes,No,No,No,No,No,No,No,Yes,Month-to-month,No,Electronic check,61.02,1374.38,Yes
CUST-05470,Female,0,Yes,No,40,Yes,Yes,No,No internet service,Yes,Yes,Yes,Yes,No,Month-to-month,Yes,Mailed check,24.0,874.71,No
CUST-05471,Female,0,No,No,32,Yes,Yes,Fiber optic,No,No internet service,No,No internet service,No,Yes,Month-to-month,Yes,Electronic check,37.1,1075.31,No
CUST-05472,Female,0,Yes,No,13,No,Yes,Fiber optic,Yes,No internet service,Yes,Yes,No,No,Month-to-month,Yes,Electronic check,78.85,1093.47,No
CUST-05473,Male,0,No,No,63,Yes,Yes,DSL,Yes,No,No internet service,No,Yes,Yes,Month-to-month,Yes,Electronic check,48.55,2760.75,No
CUST-05474,Male,0,Yes,No,8,Yes,No,No,No,Yes,Yes,Yes,Yes,No,Month-to-month,Yes,Bank transfer (automatic),56.37,413.84,No
CUST-05475,Male,0,No,No,67,Yes,Yes,No,Yes,Yes,No,No internet service,No,Yes,Month-to-month,Yes,Bank transfer (automatic),58.45,3537.81,No
CUST-05476,Female,0,No,No,25,Yes,Yes,DSL,No,No,No internet service,No,Yes,No internet service,Two year,No,Bank transfer (automatic),78.83,2120.64,Yes
CUST-05477,Female,0,No,No,19,Yes,Yes,Fiber optic,No,Yes,No,Yes,No,No,One year,No,Credit card (automatic),93.15,1608.69,Yes
CUST-05478,Male,0,Yes,Yes,25,Yes,No phone service,Fiber optic,Yes,No,No,No internet service,No internet service,Yes,Month-to-month,No,Electronic check,44.04,1072.96,No
CUST-05479,Male,1,Yes,Yes,1,Yes,No phone service,Fiber optic,No,Yes,No,No,No,Yes,Two year,No,Mailed check,33.84,31.92,No
CUST-05480,Male,0,No,Yes,1,Yes,Yes,Fiber optic,No internet service,No,Yes,No internet service,No internet service,Yes,Two year,Yes,Bank transfer (automatic),34.04,32.96,No
CUST-05481,Male,1,Yes,No,8,Yes,No phone service,Fiber optic,No internet service,No internet service,No internet service,No,No,No,Month-to-month,Yes,Electronic check,63.71,488.33,Yes
CUST-05482,Female,0,Yes,No,50,Yes,Yes,No,Yes,No internet service,Yes,Yes,Yes,No internet service,Two year,Yes,Credit card (automatic),26.51,1428.32,No
CUST-05483,Female,0,No,No,58,No,Yes,Fiber optic,No internet service,Yes,Yes,Yes,Yes,No,Month-to-month,Yes,Electronic check,27.75,1696.0,No
CUST-05484,Male,0,No,Yes,18,Yes,No phone service,DSL,No,Yes,No internet service,No,Yes,No,Two year,Yes,Credit card (automatic),54.4,1054.6,No
CUST-05485,Female,0,Yes,No,46,No,No phone service,DSL,No internet service,No,No,No,Yes,No internet service,Month-to-month,No,Bank transfer (automatic),46.96,2255.23,No
CUST-05486,Male,0,No,No,25,Yes,No,DSL,Yes,Yes,No internet service,No,Yes,No,Two year,No,Electronic check,56.72,1369.89,No
CUST-05487,Female,1,Yes,Yes,31,Yes,Yes,Fiber optic,No,No,No,No,Yes,Yes,Month-to-month,No,Electronic check,21.62,628.11,No
CUST-05488,Male,0,Yes,No,24,Yes,Yes,Fiber optic,No,No,No internet service,No internet service,Yes,No,Month-to-month,No,Electronic check,62.29,1503.86,No
CUST-05489,Female,0,No,No,64,Yes,Yes,DSL,No internet service,No,No,No,No internet service,Yes,Two year,Yes,Credit card (automatic),70.99,4413.12,No
CUST-05490,Female,0,Yes,No,37,Yes,Yes,DSL,Yes,No,No internet service,No,Yes,Yes,Two year,No,Mailed check,51.45,1958.25,No
CUST-05491,Male,1,No,No,36,Yes,No,No,No,No,Yes,No internet service,No internet service,No,One year,Yes,Electronic check,70.45,2302.33,No
CUST-05492,Female,0,Yes,No,62,Yes,No,No,No,Yes,No,No internet service,No,Yes,One year,No,Credit card (automatic),43.98,2842.91,No
CUST-05493,Male,0,Yes,No,11,Yes,Yes,Fiber optic,No internet service,No,No,No,No internet service,No,One year,Yes,Mailed check,59.97,633.23,Yes
CUST-05494,Female,0,Yes,Yes,21,Yes,No,DSL,No internet service,No internet service,Yes,No internet service,Yes,No,One year,No,Mailed check,80.07,1668.77,Yes
CUST-05495,Male,1,Yes,Yes,14,Yes,No,No,No internet service,No internet service,No internet service,No internet service,Yes,No,Two year,Yes,Electronic check,46.78,717.61,No
CUST-05496,Male,0,Yes,No,4,Yes,No,DSL,No,No,Yes,Yes,No,No,Month-to-month,Yes,Credit card (automatic),70.35,265.39,Yes
CUST-05497,Female,0,No,No,7,Yes,Yes,No,Yes,Yes,No,Yes,No internet service,No internet service,Month-to-month,Yes,Electronic check,57.29,370.36,Yes
CUST-05498,Female,0,No,No,50,Yes,Yes,Fiber optic,No,No,No,No,No internet service,Yes,Month-to-month,Yes,Mailed check,38.91,1832.59,No
CUST-05499,Male,0,No,No,20,Yes,Yes,DSL,No internet service,No,No,No,No internet service,No internet service,Two year,No,Credit card (automatic),61.38,1191.14,Yes
CUST-05500,Female,0,No,Yes,4,Yes,Yes,DSL,No,No,No,No,Yes,No,One year,Yes,Bank transfer (automatic),35.06,141.26,No
CUST-05501,Male,0,No,No,29,No,No,Fiber optic,No,Yes,No,Yes,No,No internet service,One year,No,Bank transfer (automatic),58.55,1861.03,No
CUST-05502,Female,1,Yes,No,59,Yes,No,DSL,Yes,No,No,No,No internet service,No internet service,Two year,Yes,Mailed check,39.6,2509.24,No
CUST-05503,Female,1,Yes,No,10,Yes,No phone service,Fiber optic,Yes,Yes,No,No internet service,No internet service,No,One year,Yes,Mailed check,62.98,656.88,Yes
CUST-05504,Female,0,No,No,69,Yes,Yes,DSL,No,No internet service,No internet service,No,No,No,Month-to-month,Yes,Credit card (automatic),31.38,2260.72,No
CUST-05505,Female,1,No,No,66,Yes,Yes,No,No,Yes,No internet service,Yes,No,Yes,Month-to-month,No,Electronic check,63.44,4005.98,No
CUST-05506,Male,0,No,Yes,44,Yes,No,Fiber optic,No,Yes,No internet service,No,No,Yes,Month-to-month,Yes,Mailed check,53.0,2531.6,No
CUST-05507,Male,0,No,No,66,Yes,No,DSL,Yes,No,No internet service,Yes,No internet service,No,Two year,No,Bank transfer (automatic),78.72,5236.62,No
CUST-05508,Female,0,Yes,No,68,No,Yes,Fiber optic,No internet service,No,Yes,Yes,No,Yes,One year,Yes,Electronic check,79.64,5049.99,No
CUST-05509,Female,1,No,No,46,No,No phone service,Fiber optic,No,No,No internet service,Yes,Yes,No internet service,One year,No,Mailed check,67.62,3390.65,No
CUST-05510,Male,0,No,No,30,Yes,Yes,DSL,No internet service,Yes,No,Yes,Yes,Yes,Month-to-month,Yes,Bank transfer (automatic),26.21,787.33,No
CUST-05511,Female,0,No,No,69,Yes,Yes,Fiber optic,Yes,No,Yes,No,No,No internet service,One year,Yes,Mailed check,48.14,3092.81,No
CUST-05512,Female,0,Yes,No,30,Yes,Yes,Fiber optic,No,No,No,Yes,No,No,One year,Yes,Bank transfer (automatic),71.27,2238.69,No
CUST-05513,Female,0,No,No,21,No,No,DSL,No,No internet service,No,No,No internet service,No,Two year,No,Bank transfer (automatic),66.34,1318.97,Yes
CUST-05514,Female,0,No,Yes,8,Yes,Yes,No,Yes,No,No,No,Yes,No internet service,Two year,No,Mailed check,72.74,545.57,No
CUST-05515,Male,0,Yes,Yes,41,Yes,Yes,DSL,No,Yes,Yes,No,Yes,Yes,Two year,Yes,Mailed check,67.96,2656.85,No
CUST-05516,Female,0,No,No,3,Yes,Yes,Fiber optic,Yes,No,No,No internet service,Yes,No,One year,No,Credit card (automatic),38.78,118.16,No
CUST-05517,Male,0,Yes,No,17,No,Yes,No,Yes,No,Yes,Yes,Yes,Yes,One year,Yes,Electronic check,96.33,1569.68,Yes
CUST-05518,Male,0,Yes,No,18,Yes,No,DSL,No,Yes,Yes,No internet service,Yes,Yes,Two year,No,Electronic check,39.35,643.25,No
CUST-05519,Male,0,Yes,Yes,38,Yes,No,DSL,No,No internet service,No internet service,Yes,Yes,No,Month-to-month,Yes,Electronic check,61.76,2294.07,No
CUST-05520,Male,1,Yes,No,1,Yes,Yes,Fiber optic,No internet service,Yes,No,No,No internet service,No,Month-to-month,No,Credit card (automatic),64.19,60.78,Yes
CUST-05521,Male,0,Yes,No,17,Yes,No,Fiber optic,No,Yes,Yes,No,No internet service,No,Month-to-month,No,Electronic check,58.18,991.32,Yes
CUST-05522,Male,0,No,Yes,37,Yes,Yes,No,No internet service,Yes,No,Yes,No,No,One year,Yes,Electronic check,64.55,2369.03,No
CUST-05523,Male,0,Yes,No,71,No,No,Fiber optic,Yes,Yes,Yes,Yes,Yes,No,Month-to-month,Yes,Mailed check,22.68,1474.4,No
CUST-05524,Male,0,Yes,No,16,Yes,Yes,No,No internet service,No internet service,No,Yes,Yes,No,Month-to-month,Yes,Bank transfer (automatic),44.56,676.64,No
CUST-05525,Male,0,Yes,No,29,Yes,Yes,DSL,Yes,No,No,No internet service,Yes,No internet service,Month-to-month,No,Electronic check,98.69,2736.93,Yes
CUST-05526,Female,0,No,No,44,Yes,Yes,Fiber optic,Yes,Yes,Yes,Yes,Yes,No,Month-to-month,Yes,Bank transfer (automatic),50.18,2201.18,No
CUST-05527,Male,0,No,No,20,Yes,Yes,No,No,No internet service,Yes,No,No internet service,No internet service,One year,Yes,Electronic check,28.35,603.54,No
CUST-05528,Female,0,No,Yes,13,Yes,No,DSL,No,No,No internet service,Yes,No,No internet service,One year,Yes,Electronic check,64.87,795.85,No
CUST-05529,Male,0,Yes,No,4,Yes,Yes,Fiber optic,No,No,Yes,No,No,Yes,Two year,Yes,Mailed check,70.96,264.44,No
CUST-05530,Male,0,Yes,No,24,Yes,No,Fiber optic,No,Yes,No,Yes,No,Yes,Month-to-month,Yes,Credit card (automatic),61.87,1336.7,No
CUST-05531,Male,0,No,Yes,17,Yes,Yes,Fiber optic,No,No internet service,No internet service,No,Yes,Yes,Month-to-month,Yes,Electronic check,80.05,1389.84,Yes
CUST-05532,Male,0,Yes,No,28,Yes,Yes,DSL,No,No,Yes,No,No internet service,No internet service,One year,Yes,Electronic check,92.16,2490.49,Yes
CUST-05533,Male,1,No,No,20,No,No,Fiber optic,Yes,Yes,Yes,No internet service,No internet service,Yes,Month-to-month,Yes,Mailed check,29.64,612.97,No
CUST-05534,Female,0,No,No,50,Yes,No,Fiber optic,Yes,No,No internet service,No internet service,No,No internet service,One year,Yes,Bank transfer (automatic),24.04,1247.71,No
CUST-05535,Male,0,Yes,No,59,Yes,Yes,Fiber optic,No,Yes,No,No internet service,Yes,No,One year,Yes,Electronic check,63.29,3394.08,No
CUST-05536,Female,0,No,Yes,17,Yes,No,DSL,No,Yes,Yes,Yes,No internet service,No internet service,Month-to-month,No,Electronic check,84.93,1420.25,Yes
CUST-05537,Male,0,Yes,Yes,5,Yes,No phone service,Fiber optic,No,Yes,Yes,Yes,No,No,One year,Yes,Credit card (automatic),76.29,417.15,No
CUST-05538,Female,1,No,Yes,53,Yes,No phone service,Fiber optic,No,No,No,Yes,No internet service,No internet service,Two year,No,Bank transfer (automatic),55.9,2829.46,No
CUST-05539,Male,0,Yes,No,11,Yes,Yes,Fiber optic,No,No internet service,No,No internet service,No,No internet service,Month-to-month,No,Electronic check,68.25,755.19,No
CUST-05540,Female,1,Yes,Yes,5,Yes,No,No,Yes,No,No,No internet service,Yes,No internet service,One year,No,Credit card (automatic),46.08,232.14,No
CUST-05541,Female,0,No,Yes,41,Yes,No,DSL,No,No,No,No internet service,Yes,Yes,One year,Yes,Electronic check,64.09,2501.85,No
CUST-05542,Male,1,No,Yes,31,Yes,No,No,No internet service,Yes,No,No,Yes,Yes,Month-to-month,Yes,Bank transfer (automatic),46.62,1525.94,No
CUST-05543,Male,0,Yes,No,23,No,Yes,No,Yes,Yes,No internet service,No,Yes,No,Month-to-month,Yes,Mailed check,52.33,1084.12,No
CUST-05544,Female,0,Yes,No,69,Yes,No,Fiber optic,No,No,No internet service,No internet service,No,No,Month-to-month,No,Bank transfer (automatic),66.41,4331.9,No
CUST-05545,Female,0,No,No,7,Yes,No,Fiber optic,No,No internet service,No,No internet service,No,No,Month-to-month,Yes,Bank transfer (automatic),34.29,244.47,No
CUST-05546,Male,0,Yes,No,4,Yes,No,DSL,No,No,No,No,No,Yes,Month-to-month,Yes,Mailed check,73.07,316.67,No
CUST-05547,Male,1,No,No,42,Yes,Yes,Fiber optic,No,Yes,No internet service,Yes,No,No,Month-to-month,No,Bank transfer (automatic),62.98,2385.69,No
CUST-05548,Male,0,Yes,Yes,5,No,No,No,Yes,Yes,No,No internet service,Yes,No,Month-to-month,No,Credit card (automatic),69.96,356.86,Yes
CUST-05549,Male,0,No,No,29,Yes,Yes,DSL,No,Yes,No internet service,No,Yes,No,Two year,No,Bank transfer (automatic),74.46,1944.86,Yes
CUST-05550,Male,0,No,Yes,3,Yes,Yes,No,Yes,Yes,Yes,No internet service,No internet service,No,Month-to-month,Yes,Electronic check,25.41,78.1,No
CUST-05551,Male,1,No,Yes,30,Yes,Yes,Fiber optic,Yes,No,Yes,No,No,No internet service,One year,Yes,Credit card (automatic),24.37,718.17,No
CUST-05552,Male,1,No,No,11,Yes,No,Fiber optic,Yes,Yes,No,No internet service,No,No internet service,Two year,Yes,Bank transfer (automatic),87.44,949.23,Yes
CUST-05553,Male,0,Yes,Yes,3,Yes,No,Fiber optic,No internet service,Yes,No,No,Yes,Yes,Two year,Yes,Electronic check,29.0,95.13,No
CUST-05554,Male,0,No,No,33,Yes,Yes,DSL,No internet service,No,No internet service,No internet service,Yes,No,Month-to-month,Yes,Electronic check,79.95,2734.52,No
CUST-05555,Female,0,No,No,21,Yes,No,Fiber optic,Yes,Yes,No,No,Yes,Yes,Month-to-month,No,Electronic check,64.09,1264.17,Yes
CUST-05556,Male,0,No,No,12,Yes,Yes,Fiber optic,Yes,Yes,No,No internet service,Yes,No internet service,Month-to-month,Yes,Electronic check,21.75,286.96,No
CUST-05557,Female,1,No,No,18,No,No,Fiber optic,No,No internet service,Yes,No,No internet service,Yes,Two year,Yes,Bank transfer (automatic),81.63,1397.84,Yes
CUST-05558,Male,0,Yes,No,13,Yes,Yes,Fiber optic,No,No internet service,No,No,No,Yes,Month-to-month,Yes,Electronic check,72.35,975.52,Yes
CUST-05559,Female,0,No,No,35,Yes,No,DSL,Yes,No internet service,No internet service,Yes,Yes,No,Month-to-month,Yes,Bank transfer (automatic),40.45,1466.8,No
CUST-05560,Female,0,No,No,66,Yes,Yes,Fiber optic,Yes,Yes,Yes,No internet service,No,Yes,Month-to-month,No,Bank transfer (automatic),34.42,2430.62,No
CUST-05561,Male,0,No,No,24,Yes,No,Fiber optic,No,No internet service,No,No,No,Yes,One year,Yes,Electronic check,69.83,1642.02,No
CUST-05562,Female,0,No,No,15,Yes,Yes,No,Yes,No,Yes,Yes,Yes,No,One year,Yes,Electronic check,73.63,1147.74,No
CUST-05563,Female,0,No,No,21,Yes,No,Fiber optic,No,Yes,No,Yes,Yes,Yes,Month-to-month,Yes,Bank transfer (automatic),61.12,1315.85,Yes
CUST-05564,Male,1,No,Yes,8,Yes,No,DSL,No internet service,Yes,Yes,No internet service,No,Yes,One year,Yes,Mailed check,36.2,285.92,No
CUST-05565,Female,0,Yes,Yes,62,Yes,No phone service,No,No internet service,Yes,No,No,No internet service,Yes,Month-to-month,Yes,Electronic check,46.92,3151.05,No
CUST-05566,Female,0,No,No,59,No,Yes,No,No,Yes,No internet service,Yes,No,Yes,Month-to-month,No,Bank transfer (automatic),51.31,2877.09,No
CUST-05567,Male,0,No,No,10,Yes,Yes,Fiber optic,No,Yes,No internet service,No,No,No internet service,One year,Yes,Electronic check,70.32,664.42,Yes
CUST-05568,Male,0,Yes,No,27,No,No,Fiber optic,No,Yes,No,No internet service,Yes,Yes,Month-to-month,Yes,Mailed check,75.82,2100.52,Yes
CUST-05569,Male,1,Yes,No,45,Yes,No phone service,Fiber optic,No internet service,Yes,Yes,No,Yes,Yes,One year,No,Electronic check,76.04,3209.83,No
CUST-05570,Male,0,Yes,Yes,63,Yes,Yes,No,No,Yes,No,No,Yes,No,One year,Yes,Bank transfer (automatic),44.17,2966.37,No
CUST-05571,Male,0,No,Yes,10,Yes,No,DSL,No internet service,No,No,No,No,No,One year,No,Electronic check,71.43,691.4,No
CUST-05572,Male,1,No,No,22,Yes,No,DSL,No,No internet service,No,No,No,Yes,Two year,No,Mailed check,60.58,1311.73,No
CUST-05573,Male,0,No,No,3,No,No,No,No,Yes,No,No,No,No,Two year,No,Credit card (automatic),72.73,226.15,Yes
CUST-05574,Male,0,Yes,No,45,Yes,No,DSL,No,No internet service,Yes,Yes,No internet service,No internet service,Two year,No,Bank transfer (automatic),69.14,3350.93,No
CUST-05575,Female,0,No,No,49,Yes,Yes,Fiber optic,No,No internet service,No,No,Yes,Yes,Month-to-month,Yes,Mailed check,48.38,2460.69,No
CUST-05576,Male,0,Yes,No,66,Yes,Yes,No,Yes,No,No,Yes,No,No,Two year,No,Electronic check,52.86,3205.62,No
CUST-05577,Male,0,No,No,35,Yes,No,DSL,No internet service,No,No,Yes,Yes,No internet service,Two year,Yes,Mailed check,36.48,1235.45,No
CUST-05578,Male,0,No,No,1,Yes,Yes,No,No internet service,No,No,No,Yes,No internet service,One year,Yes,Electronic check,81.38,85.45,Yes
CUST-05579,Female,0,Yes,No,14,Yes,Yes,No,No,No internet service,No,No,Yes,Yes,Two year,Yes,Credit card (automatic),29.54,447.29,No
CUST-05580,Male,0,No,Yes,57,Yes,No,Fiber optic,No,No internet service,No,No internet service,No,No,Two year,Yes,Credit card (automatic),34.59,2024.4,No
CUST-05581,Male,0,No,Yes,15,Yes,No,Fiber optic,Yes,No,Yes,No,No,Yes,Two year,No,Bank transfer (automatic),96.79,1479.77,Yes
CUST-05582,Male,0,Yes,No,45,Yes,No,DSL,No,No internet service,No,No internet service,No internet service,No internet service,One year,No,Electronic check,43.12,1893.53,No
CUST-05583,Male,0,No,No,9,No,No,Fiber optic,No,No internet service,No,No,Yes,No,One year,Yes,Credit card (automatic),74.21,664.96,Yes
CUST-05584,Male,0,Yes,No,14,Yes,No phone service,DSL,Yes,No,No,No internet service,No internet service,No,One year,No,Bank transfer (automatic),95.19,1314.6,Yes
CUST-05585,Male,0,No,No,7,Yes,No,Fiber optic,No,Yes,No,No,No,Yes,One year,No,Credit card (automatic),82.22,524.34,Yes
CUST-05586,Male,1,Yes,No,13,Yes,No,Fiber optic,Yes,No,No,No internet service,Yes,No internet service,Two year,Yes,Bank transfer (automatic),55.45,651.92,No
CUST-05587,Female,0,No,No,21,Yes,Yes,No,No,Yes,No,No,Yes,Yes,Month-to-month,Yes,Electronic check,66.8,1435.74,Yes
CUST-05588,Male,0,Yes,Yes,8,Yes,No,DSL,Yes,No,No,No,No internet service,No,Month-to-month,Yes,Electronic check,66.03,529.28,Yes
CUST-05589,Male,0,No,Yes,58,Yes,Yes,DSL,No,Yes,No internet service,Yes,No,No,Two year,No,Electronic check,69.51,3825.88,No
CUST-05590,Female,0,Yes,No,10,Yes,Yes,DSL,No,No,No,No internet service,No,Yes,Month-to-month,Yes,Mailed check,26.65,287.43,No
CUST-05591,Male,0,No,No,20,No,Yes,No,No,Yes,Yes,No,Yes,No,Month-to-month,Yes,Electronic check,54.04,1017.38,No
CUST-05592,Female,0,Yes,Yes,6,Yes,No,Fiber optic,Yes,Yes,No,No,No internet service,No internet service,Month-to-month,No,Electronic check,55.88,348.72,Yes
CUST-05593,Male,0,No,No,60,Yes,No,DSL,No,No internet service,No,Yes,No,No internet service,Month-to-month,Yes,Credit card (automatic),52.45,3328.5,No
CUST-05594,Female,0,No,No,5,Yes,No,No,Yes,No,Yes,No,Yes,No internet service,Month-to-month,Yes,Bank transfer (automatic),63.08,336.86,No
CUST-05595,Male,0,No,No,15,Yes,No phone service,DSL,No internet service,Yes,No,No internet service,No,No internet service,Two year,Yes,Mailed check,77.01,1233.59,Yes
CUST-05596,Male,0,Yes,No,5,Yes,No,Fiber optic,No internet service,No,Yes,No internet service,Yes,No internet service,Two year,Yes,Electronic check,50.81,269.0,No
CUST-05597,Male,0,Yes,Yes,9,Yes,No,Fiber optic,No internet service,Yes,No internet service,No internet service,Yes,No,Month-to-month,No,Credit card (automatic),37.5,334.65,No
CUST-05598,Male,0,Yes,No,64,Yes,Yes,No,No,Yes,No,No internet service,No,Yes,Month-to-month,Yes,Bank transfer (automatic),52.04,3413.1,No
CUST-05599,Female,0,Yes,No,23,No,Yes,Fiber optic,No internet service,Yes,Yes,No,No internet service,Yes,Month-to-month,Yes,Credit card (automatic),87.48,2155.99,Yes
CUST-05600,Female,0,No,Yes,22,Yes,No,Fiber optic,No,No internet service,No,No,No internet service,No,Month-to-month,Yes,Electronic check,69.05,1494.88,No
CUST-05601,Male,0,Yes,Yes,10,Yes,Yes,DSL,Yes,No internet service,No,No internet service,No internet service,Yes,Month-to-month,Yes,Bank transfer (automatic),52.62,544.18,No
CUST-05602,Female,0,Yes,Yes,43,Yes,No,Fiber optic,No internet service,No internet service,No internet service,No,Yes,Yes,Month-to-month,No,Electronic check,32.66,1308.75,No
CUST-05603,Male,0,No,No,5,Yes,Yes,Fiber optic,Yes,No,No,No,Yes,No,One year,Yes,Bank transfer (automatic),66.18,335.18,No
CUST-05604,Female,0,No,No,21,No,Yes,DSL,No,No,No,No internet service,No internet service,No,Month-to-month,Yes,Electronic check,22.27,434.1,No
CUST-05605,Male,0,Yes,Yes,24,Yes,No,No,No internet service,Yes,No internet service,Yes,No,No,Month-to-month,No,Credit card (automatic),55.57,1376.44,No
CUST-05606,Female,0,Yes,Yes,2,No,No,Fiber optic,Yes,No,No,No,No,No,Two year,Yes,Mailed check,73.16,142.72,Yes
CUST-05607,Male,1,Yes,No,36,Yes,Yes,Fiber optic,Yes,No,Yes,No internet service,Yes,No internet service,Month-to-month,No,Credit card (automatic),22.38,761.83,No
CUST-05608,Female,0,Yes,No,14,Yes,No,DSL,Yes,No internet service,No,No internet service,Yes,No,One year,Yes,Mailed check,34.98,476.08,No
CUST-05609,Male,0,Yes,No,33,Yes,No,Fiber optic,No,No internet service,No,No,No internet service,Yes,One year,Yes,Credit card (automatic),24.63,845.53,No
CUST-05610,Male,0,Yes,Yes,33,Yes,No,Fiber optic,No,No internet service,No internet service,No,Yes,No,Two year,No,Mailed check,63.94,2282.21,No
CUST-05611,Female,0,Yes,No,26,Yes,Yes,Fiber optic,No,No internet service,No,No,No,No,Month-to-month,Yes,Mailed check,62.35,1462.65,No
CUST-05612,Male,0,Yes,Yes,38,Yes,No phone service,Fiber optic,No,No internet service,No,No,No,Yes,Month-to-month,Yes,Bank transfer (automatic),25.36,899.66,No
CUST-05613,Female,0,No,No,4,Yes,No,No,No,Yes,Yes,No,Yes,Yes,One year,Yes,Credit card (automatic),98.95,412.09,Yes
CUST-05614,Male,0,Yes,No,27,Yes,No,Fiber optic,No internet service,Yes,No,No,Yes,No,One year,No,Electronic check,77.99,2134.68,Yes
CUST-05615,Female,1,No,No,15,Yes,No,No,No internet service,No,Yes,Yes,Yes,No,Month-to-month,Yes,Bank transfer (automatic),82.96,1199.4,Yes
CUST-05616,Male,0,No,No,18,Yes,No,Fiber optic,No,Yes,No,No internet service,Yes,No,Month-to-month,Yes,Bank transfer (automatic),38.22,708.84,No
CUST-05617,Male,0,Yes,No,22,Yes,No,Fiber optic,No,No internet service,No internet service,No internet service,No internet service,Yes,One year,No,Electronic check,77.04,1819.35,Yes
CUST-05618,Male,0,No,No,10,Yes,Yes,Fiber optic,No internet service,No,No internet service,Yes,Yes,No,Month-to-month,No,Electronic check,23.64,224.96,No
CUST-05619,Female,0,No,No,14,Yes,No,No,No,Yes,Yes,No,No internet service,No,One year,Yes,Electronic check,65.05,908.09,Yes
CUST-05620,Male,0,No,No,51,Yes,Yes,Fiber optic,No internet service,No,No,No,No,Yes,One year,Yes,Mailed check,21.38,985.87,No
CUST-05621,Female,0,No,Yes,49,Yes,No,DSL,No,No,No internet service,No,No,Yes,Two year,Yes,Mailed check,70.95,3786.66,No
CUST-05622,Female,0,No,No,12,Yes,No,No,Yes,No,Yes,Yes,No,No,Month-to-month,Yes,Mailed check,41.65,529.95,No
CUST-05623,Male,0,No,No,33,Yes,No,DSL,No,Yes,Yes,Yes,Yes,No,Two year,Yes,Bank transfer (automatic),29.0,957.97,No
CUST-05624,Female,0,Yes,No,21,Yes,Yes,No,No,No,Yes,No,Yes,Yes,Month-to-month,No,Electronic check,42.65,983.78,No
CUST-05625,Female,0,Yes,No,55,Yes,No,No,No,Yes,No,No,No,No internet service,Two year,Yes,Electronic check,78.37,4069.16,No
CUST-05626,Male,0,No,No,24,No,No,Fiber optic,Yes,No,No internet service,Yes,No,No internet service,Month-to-month,No,Electronic check,51.74,1302.35,No
CUST-05627,Male,0,No,Yes,30,Yes,Yes,DSL,No internet service,No,No internet service,No,No,Yes,Month-to-month,Yes,Credit card (automatic),23.56,744.9,No
CUST-05628,Male,0,No,Yes,33,Yes,No phone service,DSL,No internet service,No internet service,Yes,No,Yes,No internet service,Two year,No,Credit card (automatic),76.49,2691.2,No
CUST-05629,Female,0,Yes,No,55,Yes,Yes,DSL,Yes,Yes,No internet service,No internet service,Yes,No,Month-to-month,Yes,Bank transfer (automatic),28.61,1631.8,No
CUST-05630,Male,0,Yes,No,50,Yes,No,No,No,No internet service,Yes,No,Yes,Yes,Two year,No,Mailed check,23.28,1091.97,No
CUST-05631,Male,0,Yes,Yes,59,Yes,No,DSL,No,No,No,No,No internet service,No,Month-to-month,No,Credit card (automatic),22.73,1231.46,No
CUST-05632,Male,0,No,Yes,31,Yes,Yes,DSL,No,No internet service,No internet service,Yes,No,Yes,Month-to-month,Yes,Credit card (automatic),69.58,2019.09,No
CUST-05633,Female,0,Yes,No,59,Yes,No,DSL,No,No,No,No,No,No internet service,One year,Yes,Credit card (automatic),29.18,1845.0,No
CUST-05634,Female,0,No,Yes,62,Yes,No,Fiber optic,No internet service,No internet service,No,Yes,Yes,No,Two year,Yes,Mailed check,30.74,1868.52,No
CUST-05635,Female,0,No,No,38,Yes,Yes,Fiber optic,No internet service,Yes,No,No internet service,No,No internet service,Two year,No,Credit card (automatic),76.65,2939.59,No
CUST-05636,Female,0,No,No,49,Yes,Yes,Fiber optic,Yes,Yes,No internet service,Yes,Yes,No,One year,Yes,Credit card (automatic),56.7,2514.57,No
CUST-05637,Male,1,Yes,No,16,Yes,No,No,No,Yes,No,Yes,Yes,No internet service,Month-to-month,No,Bank transfer (automatic),60.51,966.5,Yes
CUST-05638,Male,0,No,Yes,28,Yes,Yes,DSL,Yes,Yes,No internet service,No,Yes,Yes,Month-to-month,Yes,Credit card (automatic),85.74,2357.16,Yes
CUST-05639,Female,0,Yes,No,4,Yes,No,Fiber optic,No,No,No,No,No internet service,No,Month-to-month,No,Electronic check,75.97,305.98,Yes
CUST-05640,Female,0,No,No,2,Yes,No phone service,Fiber optic,No,No,No,No,No,Yes,Two year,Yes,Mailed check,79.35,154.74,Yes
CUST-05641,Male,0,Yes,Yes,19,Yes,No,DSL,No,No,No internet service,Yes,No,No internet service,One year,No,Electronic check,63.08,1096.75,Yes
CUST-05642,Female,0,No,No,2,Yes,Yes,DSL,No internet service,No internet service,No internet service,No internet service,No internet service,Yes,Month-to-month,Yes,Bank transfer (automatic),87.56,159.15,Yes
CUST-05643,Female,0,Yes,No,27,Yes,No,No,Yes,Yes,No,Yes,No,No,Two year,No,Electronic check,65.53,1928.48,No
CUST-05644,Female,1,No,No,2,Yes,Yes,DSL,No internet service,Yes,Yes,No internet service,Yes,No,Month-to-month,No,Mailed check,94.84,193.62,Yes
CUST-05645,Male,0,Yes,Yes,69,Yes,No,No,No,Yes,Yes,No,No,Yes,Month-to-month,Yes,Electronic check,28.63,2032.13,No
CUST-05646,Male,0,No,Yes,16,No,No,No,No internet service,No,Yes,Yes,Yes,No,One year,No,Bank transfer (automatic),83.57,1448.21,Yes
CUST-05647,Male,0,No,No,71,Yes,Yes,DSL,Yes,Yes,Yes,No,No,No,Month-to-month,No,Electronic check,65.49,4697.09,No
CUST-05648,Male,0,Yes,Yes,41,Yes,No,Fiber optic,No,Yes,Yes,No,Yes,Yes,Month-to-month,Yes,Credit card (automatic),67.22,2819.71,No
CUST-05649,Male,0,No,Yes,54,Yes,No,DSL,No,No,No,Yes,Yes,No,Month-to-month,Yes,Mailed check,67.13,3641.72,No
CUST-05650,Male,0,No,Yes,12,Yes,No,DSL,No internet service,Yes,No,Yes,No,Yes,Month-to-month,Yes,Electronic check,78.47,880.62,No
CUST-05651,Female,1,No,Yes,1,Yes,No,Fiber optic,Yes,No internet service,Yes,No,No,Yes,One year,No,Mailed check,75.8,72.94,Yes
CUST-05652,Male,0,No,No,13,Yes,No,No,No,No internet service,No internet service,No internet service,No,Yes,Month-to-month,Yes,Bank transfer (automatic),78.11,1093.48,No
CUST-05653,Female,0,No,Yes,10,Yes,No phone service,DSL,Yes,No internet service,No,No,Yes,No,One year,No,Bank transfer (automatic),97.58,964.84,Yes
CUST-05654,Male,1,Yes,Yes,44,Yes,No,Fiber optic,Yes,No,No,No,Yes,No,One year,No,Bank transfer (automatic),33.76,1397.55,No
CUST-05655,Male,1,Yes,Yes,67,Yes,Yes,Fiber optic,No,No,No,No,No internet service,No internet service,Month-to-month,No,Bank transfer (automatic),56.49,4033.15,No
CUST-05656,Male,1,No,No,3,Yes,No,DSL,Yes,Yes,Yes,Yes,No internet service,No internet service,Month-to-month,No,Mailed check,90.02,247.77,Yes
CUST-05657,Male,0,Yes,No,2,Yes,Yes,DSL,Yes,No internet service,No,No,No internet service,Yes,Month-to-month,Yes,Electronic check,71.4,146.78,Yes
CUST-05658,Male,1,Yes,Yes,20,Yes,No,DSL,No,Yes,No internet service,No,No internet service,Yes,Month-to-month,No,Mailed check,94.9,1973.97,Yes
CUST-05659,Male,0,No,No,41,Yes,No,No,No internet service,No,No,No,Yes,No,Month-to-month,Yes,Credit card (automatic),41.77,1645.36,No
CUST-05660,Male,1,Yes,Yes,23,Yes,No,DSL,Yes,Yes,Yes,Yes,No internet service,Yes,Month-to-month,Yes,Credit card (automatic),56.41,1210.99,Yes
CUST-05661,Female,0,No,No,23,Yes,No phone service,DSL,Yes,No internet service,No,Yes,Yes,No,Month-to-month,Yes,Credit card (automatic),41.78,951.0,No
CUST-05662,Male,0,No,No,11,Yes,No,Fiber optic,No,No,Yes,No,Yes,Yes,Month-to-month,Yes,Electronic check,77.87,900.26,Yes
CUST-05663,Male,0,No,No,6,Yes,No,DSL,No internet service,Yes,No internet service,Yes,Yes,No,Month-to-month,Yes,Credit card (automatic),75.02,484.93,No
CUST-05664,Female,0,No,No,14,Yes,Yes,DSL,No,Yes,No,No,No internet service,Yes,Two year,No,Mailed check,55.36,823.92,No
CUST-05665,Male,0,Yes,No,4,No,No,No,Yes,Yes,No,No,Yes,No internet service,Month-to-month,Yes,Mailed check,32.65,120.4,No
CUST-05666,Female,1,Yes,No,14,Yes,Yes,No,Yes,No internet service,No internet service,Yes,Yes,Yes,Month-to-month,Yes,Credit card (automatic),69.84,923.55,Yes
CUST-05667,Female,1,No,No,20,Yes,Yes,DSL,Yes,Yes,No internet service,No,Yes,Yes,Two year,Yes,Bank transfer (automatic),72.69,1487.81,Yes
CUST-05668,Male,0,No,No,6,Yes,Yes,DSL,No,No,No,No,No internet service,Yes,One year,No,Credit card (automatic),74.39,465.08,No
CUST-05669,Female,0,No,No,4,Yes,No,No,No,Yes,No,No,No,Yes,Month-to-month,Yes,Electronic check,33.81,121.95,No
CUST-05670,Female,0,Yes,Yes,14,Yes,Yes,Fiber optic,No,No,No internet service,No,Yes,Yes,Two year,No,Mailed check,79.76,1036.82,Yes
CUST-05671,Female,0,Yes,No,13,Yes,No,Fiber optic,No,No,Yes,Yes,Yes,No,One year,Yes,Mailed check,35.86,428.33,No
CUST-05672,Male,0,No,No,40,Yes,Yes,DSL,Yes,No internet service,No,No,Yes,No,Month-to-month,No,Mailed check,67.96,2632.01,No
CUST-05673,Male,0,Yes,Yes,7,Yes,No,Fiber optic,No,No,No,No,No,No,One year,Yes,Bank transfer (automatic),20.63,149.63,No
CUST-05674,Male,0,No,No,68,Yes,Yes,DSL,No,No,No internet service,No,No internet service,No,One year,Yes,Bank transfer (automatic),49.0,3627.34,No
CUST-05675,Female,0,Yes,Yes,5,Yes,No,Fiber optic,No internet service,Yes,Yes,No internet service,Yes,No internet service,Month-to-month,Yes,Electronic check,91.06,417.92,Yes
CUST-05676,Female,0,No,Yes,54,No,No,No,No,No,No,No,Yes,No internet service,Month-to-month,Yes,Bank transfer (automatic),40.08,2166.96,No
CUST-05677,Male,0,No,No,46,Yes,Yes,Fiber optic,No internet service,No internet service,No,No internet service,No,Yes,Month-to-month,No,Bank transfer (automatic),79.53,3565.07,No
CUST-05678,Male,0,Yes,No,55,Yes,Yes,No,Yes,No,No internet service,Yes,No,Yes,Month-to-month,Yes,Electronic check,63.25,3408.01,No
CUST-05679,Male,0,Yes,No,45,Yes,No,Fiber optic,No,No,No internet service,No,No,No internet service,Two year,Yes,Electronic check,35.35,1453.32,No
CUST-05680,Female,0,No,No,37,Yes,Yes,Fiber optic,No,No,No,No,No internet service,Yes,Two year,No,Electronic check,65.15,2308.5,No
CUST-05681,Female,0,No,Yes,55,Yes,Yes,No,No,No internet service,Yes,No internet service,No,No internet service,Two year,Yes,Bank transfer (automatic),27.77,1451.73,No
CUST-05682,Male,1,No,No,58,Yes,No,No,Yes,No,No internet service,No,No,No internet service,Two year,No,Credit card (automatic),75.56,4573.82,No
CUST-05683,Male,0,Yes,No,27,Yes,No,DSL,Yes,No,Yes,Yes,No internet service,No,Month-to-month,No,Bank transfer (automatic),45.58,1265.58,No
CUST-05684,Female,0,Yes,Yes,23,Yes,Yes,No,No,No,No,No,Yes,No internet service,Month-to-month,Yes,Electronic check,98.85,2335.53,Yes
CUST-05685,Male,0,Yes,No,71,Yes,Yes,No,No,Yes,No,No internet service,No,No,Month-to-month,Yes,Credit card (automatic),36.37,2592.22,No
CUST-05686,Female,0,Yes,Yes,25,Yes,No,DSL,No,No internet service,Yes,No,No,No,Month-to-month,No,Credit card (automatic),64.95,1572.47,Yes
CUST-05687,Female,0,Yes,No,66,Yes,No,Fiber optic,No,Yes,Yes,No internet service,No,No internet service,One year,Yes,Bank transfer (automatic),75.83,4748.33,No
CUST-05688,Female,1,No,No,8,Yes,No,DSL,No,Yes,Yes,No,No,No internet service,Month-to-month,Yes,Credit card (automatic),38.35,276.81,No
CUST-05689,Female,1,No,No,39,Yes,Yes,DSL,Yes,No,Yes,No,Yes,Yes,One year,No,Mailed check,28.57,1035.77,No
CUST-05690,Male,0,Yes,No,47,Yes,Yes,DSL,No internet service,No,Yes,Yes,Yes,Yes,One year,Yes,Electronic check,68.77,3051.11,No
CUST-05691,Female,0,No,No,66,Yes,No,DSL,No,Yes,Yes,No internet service,Yes,No,Month-to-month,Yes,Bank transfer (automatic),32.8,2370.7,No
CUST-05692,Male,0,No,No,9,No,Yes,No,Yes,No,No internet service,No,No internet service,No,Two year,No,Credit card (automatic),25.65,252.57,No
CUST-05693,Male,1,Yes,No,58,Yes,No phone service,DSL,Yes,No,No,Yes,No,No,Month-to-month,Yes,Electronic check,60.1,3672.41,No
CUST-05694,Male,1,Yes,Yes,6,Yes,No,Fiber optic,Yes,No,Yes,Yes,No internet service,Yes,Two year,Yes,Mailed check,20.44,125.35,No
CUST-05695,Female,1,No,No,26,Yes,No,No,Yes,No,Yes,No,Yes,No internet service,Month-to-month,Yes,Credit card (automatic),69.95,1880.1,No
CUST-05696,Female,0,No,No,15,No,Yes,Fiber optic,Yes,Yes,No,No,Yes,No,Month-to-month,Yes,Electronic check,78.05,1194.29,Yes
CUST-05697,Female,0,Yes,No,28,Yes,No,No,No internet service,No internet service,No,No,No,No,Two year,Yes,Mailed check,97.27,2803.54,Yes
CUST-05698,Male,0,Yes,No,60,Yes,Yes,Fiber optic,No,No internet service,No,No,No internet service,No internet service,Month-to-month,Yes,Credit card (automatic),48.42,2742.07,No
CUST-05699,Female,0,Yes,No,6,No,Yes,DSL,No,No,No,No internet service,Yes,Yes,Month-to-month,Yes,Bank transfer (automatic),56.83,373.49,Yes
CUST-05700,Male,0,Yes,No,12,Yes,Yes,Fiber optic,No internet service,No,No,No internet service,Yes,No,Two year,Yes,Electronic check,51.97,655.65,No
CUST-05701,Male,0,Yes,Yes,19,Yes,No,Fiber optic,No,No,No internet service,No,Yes,Yes,One year,Yes,Mailed check,54.3,976.86,No
CUST-05702,Female,0,Yes,Yes,28,Yes,No,Fiber optic,No,No internet service,Yes,Yes,Yes,Yes,Month-to-month,Yes,Mailed check,92.23,2589.49,Yes
CUST-05703,Female,0,No,No,51,Yes,No,DSL,Yes,Yes,No,No,Yes,No,Month-to-month,Yes,Credit card (automatic),47.97,2587.98,No
CUST-05704,Female,0,No,Yes,63,Yes,No,Fiber optic,Yes,No,Yes,No,No internet service,No internet service,Month-to-month,Yes,Mailed check,67.2,4581.74,No
CUST-05705,Female,0,Yes,No,43,Yes,Yes,Fiber optic,Yes,No,Yes,Yes,No internet service,No,One year,Yes,Bank transfer (automatic),24.15,1014.33,No
CUST-05706,Female,0,No,No,10,Yes,No,No,No internet service,Yes,No,No,No,Yes,Two year,Yes,Mailed check,75.28,750.35,No
CUST-05707,Male,0,No,Yes,13,Yes,No,No,No,No,No internet service,No internet service,No,No,Month-to-month,No,Electronic check,31.13,389.3,No
CUST-05708,Male,0,Yes,No,3,Yes,No,DSL,No,No internet service,Yes,No,Yes,No,Month-to-month,No,Mailed check,70.19,205.37,No
CUST-05709,Female,0,Yes,Yes,35,Yes,Yes,Fiber optic,No,Yes,No,No,Yes,No,Month-to-month,No,Credit card (automatic),49.68,1644.11,No
CUST-05710,Female,0,No,No,52,No,No phone service,DSL,No,Yes,No,Yes,Yes,No,Two year,Yes,Electronic check,26.28,1238.08,No
CUST-05711,Female,1,Yes,No,11,Yes,No,Fiber optic,No,No,No internet service,No,Yes,Yes,Month-to-month,Yes,Electronic check,41.59,449.83,No
CUST-05712,Male,0,Yes,No,21,Yes,No,DSL,No,Yes,No,Yes,No,No internet service,Month-to-month,Yes,Mailed check,94.45,1971.78,Yes
CUST-05713,Female,1,Yes,Yes,18,No,No,Fiber optic,No,Yes,No,No,Yes,No,One year,No,Electronic check,70.08,1332.05,No
CUST-05714,Male,1,Yes,No,37,Yes,Yes,Fiber optic,Yes,No internet service,Yes,Yes,No internet service,No,One year,Yes,Mailed check,63.34,2354.18,No
CUST-05715,Male,1,No,No,26,Yes,No phone service,No,Yes,No,No,No,No,Yes,Month-to-month,No,Electronic check,92.52,2322.0,Yes
CUST-05716,Female,0,No,No,27,Yes,Yes,Fiber optic,No,Yes,No internet service,No,Yes,No,Two year,No,Bank transfer (automatic),81.08,2173.07,Yes
CUST-05717,Male,0,No,Yes,34,No,Yes,No,Yes,No,Yes,Yes,No internet service,Yes,Month-to-month,No,Credit card (automatic),33.93,1221.94,No
CUST-05718,Female,0,Yes,Yes,24,Yes,No,DSL,Yes,Yes,No,Yes,No internet service,No,Two year,Yes,Credit card (automatic),58.87,1407.5,No
CUST-05719,Female,1,Yes,No,31,Yes,No,DSL,No,Yes,Yes,No internet service,Yes,Yes,Month-to-month,Yes,Electronic check,35.66,1117.66,No
CUST-05720,Male,0,Yes,No,17,Yes,No,DSL,No internet service,No,Yes,Yes,No internet service,No internet service,Month-to-month,Yes,Bank transfer (automatic),69.74,1108.04,No
CUST-05721,Male,0,Yes,No,26,Yes,No,DSL,Yes,Yes,Yes,No,Yes,Yes,Two year,Yes,Electronic check,84.94,1990.97,Yes
CUST-05722,Male,0,No,No,54,Yes,Yes,Fiber optic,Yes,No internet service,No,No,Yes,Yes,Month-to-month,Yes,Bank transfer (automatic),43.17,2531.51,No
CUST-05723,Male,0,Yes,No,2,Yes,No,Fiber optic,No,Yes,No,Yes,Yes,Yes,Two year,Yes,Bank transfer (automatic),73.26,139.72,Yes
CUST-05724,Female,0,No,No,61,Yes,Yes,Fiber optic,Yes,Yes,Yes,No,No,Yes,Two year,No,Mailed check,39.51,2336.64,No
CUST-05725,Male,0,No,No,27,Yes,Yes,No,No,No,No,No internet service,Yes,Yes,Month-to-month,Yes,Bank transfer (automatic),79.59,1983.4,Yes
CUST-05726,Male,0,Yes,Yes,23,Yes,No,No,No,No internet service,No internet service,No,Yes,No internet service,One year,No,Electronic check,34.11,786.57,No
CUST-05727,Male,0,Yes,No,5,Yes,Yes,Fiber optic,No,Yes,No,Yes,Yes,Yes,One year,Yes,Electronic check,36.3,190.11,No
CUST-05728,Male,1,Yes,No,20,Yes,No,Fiber optic,No,No,Yes,No internet service,Yes,No,Month-to-month,No,Credit card (automatic),33.6,697.01,No
CUST-05729,Female,0,No,No,19,Yes,No,DSL,No,No,Yes,No internet service,Yes,No,Month-to-month,Yes,Electronic check,77.52,1577.63,Yes
CUST-05730,Male,0,No,Yes,20,Yes,Yes,DSL,No internet service,No internet service,Yes,No,No internet service,Yes,Month-to-month,Yes,Bank transfer (automatic),73.03,1398.25,Yes
CUST-05731,Female,0,Yes,Yes,12,Yes,No,No,No,Yes,No,Yes,Yes,No internet service,Month-to-month,Yes,Bank transfer (automatic),85.8,991.44,Yes
CUST-05732,Male,0,No,No,4,Yes,Yes,No,No,No internet service,No internet service,No internet service,No,No internet service,Two year,Yes,Mailed check,79.27,346.6,No
CUST-05733,Male,0,No,No,30,Yes,Yes,No,No,Yes,No,No,No,Yes,Month-to-month,Yes,Mailed check,73.46,2184.67,No
CUST-05734,Male,0,Yes,No,20,Yes,No,Fiber optic,No,No internet service,Yes,No internet service,No,No internet service,Two year,Yes,Bank transfer (automatic),25.22,538.15,No
CUST-05735,Male,0,Yes,Yes,36,Yes,Yes,No,No,Yes,No,Yes,No internet service,No internet service,Month-to-month,No,Electronic check,47.63,1752.92,No
CUST-05736,Female,1,No,No,2,No,Yes,DSL,No internet service,No,No,No internet service,No,No,Month-to-month,No,Bank transfer (automatic),74.51,139.51,No
CUST-05737,Male,0,No,Yes,30,Yes,Yes,Fiber optic,No internet service,No,No internet service,No,No internet service,Yes,One year,Yes,Mailed check,33.22,1087.78,No
CUST-05738,Male,0,No,Yes,56,Yes,Yes,Fiber optic,No,No,No,No,No,Yes,Two year,Yes,Credit card (automatic),42.7,2307.24,No
CUST-05739,Female,0,Yes,No,61,Yes,Yes,Fiber optic,Yes,No,No,Yes,Yes,No,One year,No,Electronic check,76.82,4818.91,No
CUST-05740,Female,0,Yes,No,9,Yes,Yes,DSL,No,No,No internet service,No,Yes,No,Month-to-month,Yes,Electronic check,87.41,748.07,Yes
CUST-05741,Male,0,No,No,6,Yes,No,Fiber optic,Yes,No,No,No internet service,No,No internet service,Two year,Yes,Bank transfer (automatic),58.36,355.46,Yes
CUST-05742,Male,0,Yes,Yes,50,No,No,DSL,No,No internet service,Yes,No,No internet service,No,One year,Yes,Bank transfer (automatic),72.77,3668.42,No
CUST-05743,Female,0,No,Yes,33,Yes,No,Fiber optic,No,Yes,No internet service,No,No internet service,No,Month-to-month,No,Bank transfer (automatic),30.27,951.17,No
CUST-05744,Male,0,No,Yes,39,Yes,Yes,Fiber optic,No internet service,Yes,No internet service,No,No,No,One year,Yes,Electronic check,61.96,2652.66,No
CUST-05745,Female,0,Yes,No,25,Yes,No,Fiber optic,No,Yes,Yes,No internet service,Yes,No,Month-to-month,Yes,Credit card (automatic),68.17,1581.78,No
CUST-05746,Female,0,Yes,Yes,60,Yes,No,No,No,No internet service,Yes,No,Yes,Yes,One year,Yes,Electronic check,33.59,1992.43,No
CUST-05747,Male,0,Yes,No,45,Yes,No,No,No,No,No internet service,Yes,No,No,Month-to-month,Yes,Electronic check,22.6,921.68,No
CUST-05748,Female,0,Yes,No,24,Yes,No,No,No,No,Yes,No internet service,Yes,No,Month-to-month,Yes,Mailed check,58.48,1454.81,Yes
CUST-05749,Male,0,Yes,No,56,Yes,Yes,Fiber optic,No,No internet service,Yes,No,Yes,Yes,Month-to-month,Yes,Electronic check,64.48,3583.51,No
CUST-05750,Female,0,No,Yes,27,No,No,Fiber optic,Yes,No,No,No,No internet service,Yes,Month-to-month,Yes,Mailed check,61.66,1684.83,No
CUST-05751,Female,0,No,No,24,Yes,Yes,Fiber optic,Yes,Yes,Yes,No internet service,No,No,One year,Yes,Electronic check,73.5,1834.03,No
CUST-05752,Female,0,No,Yes,7,Yes,Yes,Fiber optic,Yes,Yes,Yes,No,No internet service,No internet service,Month-to-month,No,Electronic check,39.02,287.56,No
CUST-05753,Male,0,Yes,No,3,Yes,Yes,Fiber optic,No,Yes,Yes,No,Yes,No,Two year,No,Electronic check,65.31,214.18,Yes
CUST-05754,Male,0,No,No,24,Yes,Yes,DSL,No internet service,No,No,No internet service,No,Yes,Month-to-month,No,Electronic check,65.17,1677.94,Yes
CUST-05755,Male,0,No,No,5,Yes,Yes,Fiber optic,No,Yes,No,No,No,Yes,Month-to-month,Yes,Bank transfer (automatic),88.71,427.92,Yes
CUST-05756,Female,0,No,No,2,Yes,No,Fiber optic,Yes,No internet service,Yes,No,No,No internet service,Month-to-month,No,Bank transfer (automatic),53.27,111.38,No
CUST-05757,Male,0,Yes,No,59,Yes,Yes,DSL,No,No,Yes,No,No internet service,Yes,Two year,Yes,Mailed check,64.9,3504.37,No
CUST-05758,Female,0,No,No,16,Yes,Yes,DSL,Yes,No internet service,No,Yes,Yes,No,One year,No,Electronic check,37.03,549.37,No
CUST-05759,Female,0,Yes,No,42,Yes,No,No,No internet service,No,Yes,Yes,No,Yes,Two year,Yes,Credit card (automatic),24.92,1038.19,No
CUST-05760,Female,0,No,Yes,5,Yes,Yes,No,No,No,Yes,No,No,No,Month-to-month,No,Credit card (automatic),87.0,431.49,Yes
CUST-05761,Female,0,Yes,Yes,7,Yes,Yes,DSL,No,No,Yes,Yes,No,Yes,Two year,No,Credit card (automatic),94.58,662.82,Yes
CUST-05762,Male,1,No,Yes,64,Yes,No phone service,No,No,No,No internet service,Yes,No,No internet service,Month-to-month,Yes,Credit card (automatic),29.12,1854.44,No
CUST-05763,Female,0,No,Yes,48,Yes,Yes,No,No,No,Yes,No internet service,Yes,Yes,Two year,Yes,Bank transfer (automatic),69.44,3427.37,No
CUST-05764,Male,1,No,Yes,2,Yes,Yes,DSL,No internet service,No,No,No,Yes,Yes,Month-to-month,No,Mailed check,79.29,172.99,Yes
CUST-05765,Male,0,No,Yes,8,Yes,No,DSL,No,No internet service,No,No internet service,No internet service,No,Two year,Yes,Credit card (automatic),52.48,392.36,No
CUST-05766,Female,0,Yes,Yes,35,Yes,No,Fiber optic,No,No,Yes,No,No,No,Month-to-month,Yes,Bank transfer (automatic),35.71,1214.22,No
CUST-05767,Female,0,No,No,49,Yes,No,No,No,No,No internet service,No,No internet service,No internet service,Month-to-month,Yes,Credit card (automatic),23.01,1031.49,No
CUST-05768,Male,0,No,No,31,No,No,Fiber optic,Yes,No internet service,No internet service,No,No,Yes,Month-to-month,No,Bank transfer (automatic),52.54,1531.01,No
CUST-05769,Female,0,No,No,62,No,No phone service,No,Yes,Yes,No,No internet service,No internet service,Yes,Two year,Yes,Electronic check,42.03,2859.83,No
CUST-05770,Male,1,No,No,47,Yes,No,DSL,Yes,Yes,No internet service,Yes,No,Yes,Month-to-month,No,Mailed check,46.11,1967.6,No
CUST-05771,Female,0,No,Yes,44,Yes,No,DSL,Yes,No,Yes,No,No internet service,Yes,Month-to-month,Yes,Credit card (automatic),56.09,2326.63,No
CUST-05772,Male,1,Yes,No,21,Yes,No phone service,Fiber optic,No,Yes,No,No,No,Yes,Month-to-month,Yes,Credit card (automatic),38.82,803.24,No
CUST-05773,Female,1,Yes,No,49,Yes,No,Fiber optic,Yes,No,No,No,No,Yes,Two year,Yes,Mailed check,53.83,2528.3,No
CUST-05774,Female,0,Yes,No,63,Yes,Yes,Fiber optic,Yes,No,No,Yes,Yes,No,Two year,Yes,Mailed check,59.47,3780.5,No
CUST-05775,Female,1,No,Yes,15,Yes,Yes,No,No,Yes,No internet service,No,Yes,No internet service,One year,Yes,Electronic check,59.57,981.2,Yes
CUST-05776,Male,0,Yes,No,53,Yes,Yes,DSL,No,No,No internet service,Yes,Yes,No internet service,Two year,Yes,Bank transfer (automatic),41.01,2262.18,No
CUST-05777,Female,1,Yes,No,63,Yes,Yes,Fiber optic,No,Yes,Yes,No internet service,Yes,No,Month-to-month,Yes,Electronic check,25.4,1570.07,No
CUST-05778,Male,0,Yes,No,31,Yes,No,No,No,Yes,Yes,No,No,No,One year,No,Mailed check,20.42,656.18,No
CUST-05779,Male,0,Yes,No,55,Yes,Yes,No,Yes,Yes,Yes,No,No,No internet service,Month-to-month,No,Bank transfer (automatic),23.07,1363.32,No
CUST-05780,Female,0,Yes,Yes,26,Yes,Yes,Fiber optic,No,Yes,No,No,No internet service,No,Month-to-month,Yes,Electronic check,55.53,1365.53,No
CUST-05781,Male,1,Yes,No,14,Yes,Yes,Fiber optic,No internet service,No internet service,No,No internet service,No,No,Month-to-month,No,Mailed check,25.06,366.06,No
CUST-05782,Female,1,Yes,No,58,Yes,No phone service,DSL,No,No,No internet service,Yes,Yes,No,Month-to-month,Yes,Bank transfer (automatic),72.11,4277.7,No
CUST-05783,Female,0,Yes,Yes,23,Yes,No,DSL,No,Yes,No internet service,No,No internet service,Yes,Month-to-month,Yes,Bank transfer (automatic),65.57,1578.64,No
CUST-05784,Male,0,Yes,Yes,54,Yes,No phone service,DSL,No,No internet service,No,Yes,Yes,Yes,One year,Yes,Electronic check,20.53,1016.42,No
CUST-05785,Male,0,No,No,23,Yes,No phone service,Fiber optic,No,No,Yes,No internet service,Yes,No internet service,Month-to-month,Yes,Electronic check,54.39,1309.25,No
CUST-05786,Male,0,Yes,Yes,29,Yes,Yes,No,No,No,No,No,No internet service,No,Month-to-month,Yes,Bank transfer (automatic),20.62,632.43,No
CUST-05787,Female,0,Yes,Yes,49,Yes,Yes,DSL,No,No,No,Yes,No,Yes,One year,No,Mailed check,26.55,1349.67,No
CUST-05788,Female,0,No,No,25,Yes,No,No,No internet service,No internet service,Yes,Yes,Yes,Yes,Month-to-month,No,Electronic check,79.29,1862.22,No
CUST-05789,Female,0,No,No,58,No,No,Fiber optic,Yes,No,No,Yes,No,No,Month-to-month,No,Electronic check,47.42,2564.08,No
CUST-05790,Female,1,No,No,21,Yes,No,DSL,No,No,No internet service,No internet service,Yes,Yes,Two year,No,Bank transfer (automatic),71.93,1582.55,Yes
CUST-05791,Male,0,Yes,Yes,1,Yes,No,DSL,No internet service,Yes,Yes,No,No,No,One year,No,Electronic check,71.02,73.12,No
CUST-05792,Male,0,No,No,9,Yes,Yes,Fiber optic,No internet service,Yes,No,No internet service,No,No,Two year,No,Bank transfer (automatic),73.05,721.04,Yes
CUST-05793,Female,0,No,No,19,Yes,No,DSL,Yes,Yes,Yes,No,No,No,Two year,No,Mailed check,52.9,996.0,No
CUST-05794,Female,0,No,No,4,Yes,No,Fiber optic,No,No,Yes,No,Yes,No internet service,Month-to-month,No,Electronic check,62.36,235.94,No
CUST-05795,Male,0,Yes,Yes,28,Yes,Yes,DSL,No,No internet service,Yes,No,Yes,No,Two year,No,Electronic check,66.81,1971.59,No
CUST-05796,Male,0,Yes,No,18,Yes,No,Fiber optic,No,Yes,No internet service,No,No,No internet service,One year,Yes,Bank transfer (automatic),97.5,1842.23,Yes
CUST-05797,Male,1,No,No,54,Yes,Yes,DSL,No internet service,No internet service,No,No internet service,No,No internet service,Month-to-month,No,Mailed check,49.67,2694.36,No
CUST-05798,Male,0,No,No,11,Yes,Yes,Fiber optic,No,Yes,No internet service,Yes,Yes,Yes,Two year,No,Bank transfer (automatic),69.96,807.43,No
CUST-05799,Female,1,Yes,No,70,Yes,No,Fiber optic,No,No internet service,No internet service,No,No,Yes,Two year,Yes,Electronic check,51.64,3477.87,No
CUST-05800,Male,0,No,Yes,61,Yes,No,No,No,Yes,No,No,No internet service,No internet service,Month-to-month,No,Bank transfer (automatic),35.57,2046.41,No
CUST-05801,Female,0,No,No,50,Yes,Yes,Fiber optic,No internet service,No,No,No,Yes,Yes,Month-to-month,Yes,Electronic check,20.24,936.32,No
CUST-05802,Female,1,No,No,13,Yes,Yes,Fiber optic,No,No,No,No internet service,Yes,Yes,Month-to-month,Yes,Credit card (automatic),77.44,964.53,Yes
CUST-05803,Male,0,No,Yes,8,No,No phone service,No,Yes,No internet service,Yes,No internet service,No,Yes,Month-to-month,Yes,Bank transfer (automatic),98.58,813.02,Yes
CUST-05804,Male,1,No,No,61,Yes,No,No,No,Yes,Yes,No,No,No,One year,No,Bank transfer (automatic),23.8,1381.66,No
CUST-05805,Male,0,No,No,40,Yes,Yes,No,No,No,No internet service,No,No,No,Month-to-month,Yes,Mailed check,48.15,2073.7,No
CUST-05806,Male,0,Yes,No,45,Yes,No,DSL,No internet service,No internet service,No,No,Yes,Yes,Month-to-month,No,Bank transfer (automatic),76.62,3275.34,No
CUST-05807,Female,0,Yes,No,34,No,Yes,Fiber optic,No,No,No internet service,No,No,No,Month-to-month,Yes,Electronic check,26.33,928.24,No
CUST-05808,Female,0,No,No,45,Yes,No phone service,Fiber optic,Yes,Yes,No,No,Yes,Yes,Two year,Yes,Electronic check,36.42,1647.94,No
CUST-05809,Female,1,No,No,28,Yes,No,No,No,No,Yes,No,No internet service,No internet service,One year,Yes,Electronic check,69.8,1841.65,No
CUST-05810,Female,0,No,No,9,Yes,No,Fiber optic,No internet service,Yes,Yes,No internet service,Yes,Yes,Month-to-month,Yes,Bank transfer (automatic),44.11,401.45,No
CUST-05811,Female,0,Yes,No,8,Yes,No,DSL,Yes,Yes,Yes,No,No internet service,Yes,Two year,Yes,Electronic check,88.92,776.06,Yes
CUST-05812,Female,0,Yes,No,9,Yes,Yes,DSL,Yes,No,Yes,No,Yes,No,One year,Yes,Electronic check,87.95,861.87,Yes
CUST-05813,Male,0,Yes,No,51,No,Yes,Fiber optic,Yes,No,No,No,No internet service,No,One year,Yes,Mailed check,56.24,2748.69,No
CUST-05814,Male,0,Yes,No,20,Yes,No phone service,Fiber optic,Yes,Yes,Yes,No,No,No,Month-to-month,Yes,Credit card (automatic),29.67,597.73,No
CUST-05815,Male,0,Yes,No,21,Yes,No,Fiber optic,No,No internet service,No internet service,No,No,Yes,Month-to-month,Yes,Credit card (automatic),76.08,1486.12,Yes
CUST-05816,Female,1,Yes,No,37,Yes,No,No,Yes,Yes,No,No internet service,No internet service,Yes,Month-to-month,Yes,Credit card (automatic),57.31,2107.34,No
CUST-05817,Female,0,No,Yes,6,Yes,Yes,No,No internet service,No,Yes,Yes,Yes,Yes,Month-to-month,No,Mailed check,21.61,125.03,No
CUST-05818,Male,0,Yes,No,68,Yes,Yes,Fiber optic,Yes,No,No,No,Yes,No internet service,Month-to-month,Yes,Credit card (automatic),31.3,2311.22,No
CUST-05819,Male,0,Yes,No,71,Yes,Yes,Fiber optic,Yes,No,No internet service,Yes,Yes,No,Month-to-month,No,Mailed check,43.19,3147.86,No
CUST-05820,Male,0,No,Yes,62,Yes,No,Fiber optic,No,No,Yes,No internet service,No internet service,No internet service,Month-to-month,Yes,Electronic check,60.48,3513.47,No
CUST-05821,Female,0,No,No,34,Yes,Yes,No,No,No internet service,No internet service,No,No,No,Month-to-month,Yes,Electronic check,50.58,1889.06,No
CUST-05822,Male,1,No,No,17,Yes,Yes,Fiber optic,No internet service,Yes,Yes,No,No,No,Two year,Yes,Electronic check,63.12,1114.71,No
CUST-05823,Male,0,No,Yes,1,Yes,No phone service,Fiber optic,No,No,No,No,No,Yes,Two year,Yes,Credit card (automatic),63.61,58.96,No
CUST-05824,Male,1,Yes,No,53,Yes,Yes,DSL,No internet service,Yes,No,Yes,No internet service,Yes,Two year,Yes,Credit card (automatic),21.86,1227.99,No
CUST-05825,Male,0,No,Yes,3,Yes,No,Fiber optic,No,Yes,No internet service,No,Yes,No,Month-to-month,Yes,Electronic check,98.3,298.29,Yes
CUST-05826,Female,0,Yes,No,12,Yes,Yes,Fiber optic,Yes,No,Yes,Yes,No,No,Two year,Yes,Bank transfer (automatic),73.71,866.88,Yes
CUST-05827,Female,0,No,No,49,Yes,No phone service,No,No internet service,Yes,No internet service,No,No,No,Two year,No,Electronic check,36.26,1668.83,No
CUST-05828,Male,0,No,No,2,No,No phone service,Fiber optic,No,No,No,No,Yes,No internet service,Month-to-month,No,Electronic check,49.07,93.78,No
CUST-05829,Female,0,Yes,No,56,Yes,No phone service,Fiber optic,No,No internet service,Yes,Yes,No,Yes,Month-to-month,Yes,Bank transfer (automatic),38.49,2012.0,No
CUST-05830,Female,0,No,Yes,3,Yes,No phone service,No,No,No,Yes,Yes,No,Yes,Month-to-month,Yes,Electronic check,74.4,236.74,No
CUST-05831,Female,0,No,No,70,Yes,No,Fiber optic,Yes,No,Yes,No internet service,No,Yes,Month-to-month,No,Credit card (automatic),42.97,2871.33,No
CUST-05832,Male,0,No,No,13,Yes,No,Fiber optic,No,No,Yes,No internet service,No internet service,Yes,Month-to-month,Yes,Electronic check,43.76,565.46,No
CUST-05833,Male,0,No,No,29,Yes,No,Fiber optic,No,Yes,No internet service,No internet service,Yes,No,Month-to-month,No,Mailed check,74.71,2369.35,No
CUST-05834,Female,0,Yes,No,50,Yes,No,No,No,No,No,Yes,No internet service,Yes,Month-to-month,Yes,Bank transfer (automatic),56.04,3079.15,No
CUST-05835,Male,1,No,No,1,Yes,No,No,Yes,No internet service,Yes,Yes,No internet service,No,Month-to-month,Yes,Mailed check,65.26,69.06,Yes
CUST-05836,Male,0,No,No,26,Yes,Yes,DSL,No,Yes,Yes,Yes,Yes,No,Month-to-month,Yes,Credit card (automatic),57.56,1586.03,No
CUST-05837,Female,0,Yes,No,70,Yes,No phone service,DSL,No,No,No,Yes,No internet service,No,One year,Yes,Electronic check,67.67,5158.34,No
CUST-05838,Female,0,Yes,No,2,Yes,Yes,Fiber optic,No internet service,No,No,No,No,No,One year,Yes,Electronic check,40.27,85.32,No
CUST-05839,Female,0,No,Yes,27,Yes,Yes,No,Yes,No,No internet service,No,No,No,Month-to-month,No,Electronic check,72.59,1940.7,Yes
CUST-05840,Female,0,Yes,No,71,Yes,No,DSL,No internet service,No,Yes,Yes,No internet service,No,Month-to-month,Yes,Credit card (automatic),57.61,3730.62,No
CUST-05841,Female,0,Yes,No,20,Yes,No,Fiber optic,No,Yes,No,No,Yes,No internet service,Month-to-month,No,Electronic check,50.63,953.54,No
CUST-05842,Female,0,Yes,No,15,Yes,Yes,DSL,No,No,Yes,Yes,No internet service,No,One year,Yes,Credit card (automatic),60.83,902.33,Yes
CUST-05843,Male,0,Yes,Yes,32,Yes,Yes,Fiber optic,Yes,Yes,Yes,No,No,Yes,Two year,No,Electronic check,50.41,1537.44,No
CUST-05844,Male,0,No,No,28,Yes,No,DSL,Yes,Yes,No internet service,No,No internet service,No internet service,Two year,No,Mailed check,58.6,1584.74,No
CUST-05845,Male,0,No,No,55,Yes,No,Fiber optic,No internet service,Yes,No,No,No internet service,Yes,Month-to-month,Yes,Electronic check,67.62,3391.02,No
CUST-05846,Male,0,No,No,12,Yes,No phone service,DSL,No,Yes,No,No internet service,Yes,No,Month-to-month,Yes,Bank transfer (automatic),92.28,1118.91,Yes
CUST-05847,Female,0,Yes,No,51,Yes,Yes,Fiber optic,Yes,Yes,Yes,No,No,Yes,Month-to-month,No,Credit card (automatic),22.63,1119.87,No
CUST-05848,Male,1,Yes,No,37,Yes,Yes,Fiber optic,No internet service,Yes,Yes,Yes,No,No internet service,Two year,No,Bank transfer (automatic),78.38,2760.18,No
CUST-05849,Female,0,No,No,71,Yes,No,DSL,No internet service,No,Yes,No,Yes,No,Month-to-month,Yes,Credit card (automatic),63.94,4639.95,No
CUST-05850,Male,0,No,No,34,Yes,Yes,Fiber optic,No,Yes,No,Yes,Yes,Yes,One year,Yes,Electronic check,43.6,1416.22,No
CUST-05851,Male,0,Yes,No,57,Yes,Yes,DSL,Yes,No,Yes,No,No,No,Month-to-month,Yes,Mailed check,21.06,1194.72,No
CUST-05852,Male,0,No,No,14,Yes,Yes,Fiber optic,No,Yes,No,Yes,No,Yes,Month-to-month,Yes,Electronic check,88.88,1181.21,Yes
CUST-05853,Male,0,No,No,57,Yes,No,DSL,No,No internet service,Yes,Yes,No,No,Month-to-month,No,Electronic check,20.58,1215.41,No
CUST-05854,Female,0,Yes,Yes,63,Yes,No,No,No,Yes,No internet service,No internet service,No,Yes,One year,Yes,Mailed check,43.79,2954.18,No
CUST-05855,Male,1,No,No,17,Yes,No,Fiber optic,No,No,No,No internet service,No internet service,No,One year,Yes,Electronic check,53.29,830.14,No
CUST-05856,Female,1,Yes,No,22,Yes,Yes,DSL,No internet service,Yes,No,No,No,No,Month-to-month,Yes,Mailed check,29.63,693.56,No
CUST-05857,Male,0,No,Yes,22,Yes,Yes,No,No internet service,No internet service,No,No,Yes,No,One year,Yes,Electronic check,58.39,1374.94,No
CUST-05858,Female,0,Yes,Yes,22,Yes,No,DSL,No,No,Yes,No,Yes,Yes,One year,Yes,Mailed check,97.24,2338.2,Yes
CUST-05859,Female,0,Yes,No,6,Yes,Yes,DSL,No internet service,No internet service,No,Yes,No,No,Two year,No,Mailed check,89.79,574.06,Yes
CUST-05860,Female,0,Yes,No,1,Yes,Yes,DSL,No,Yes,No,No internet service,Yes,Yes,Month-to-month,Yes,Electronic check,69.99,70.72,No
CUST-05861,Female,1,Yes,No,28,Yes,No,DSL,No,No,No internet service,Yes,No internet service,No internet service,Month-to-month,No,Mailed check,77.8,1991.17,Yes
CUST-05862,Female,0,No,No,20,Yes,Yes,No,Yes,Yes,No internet service,No,No,No,One year,Yes,Credit card (automatic),96.8,1771.23,Yes
CUST-05863,Male,0,Yes,Yes,43,Yes,Yes,Fiber optic,Yes,No,No,Yes,No internet service,No internet service,Two year,Yes,Mailed check,50.2,2027.66,No
CUST-05864,Female,0,Yes,No,22,Yes,Yes,DSL,No,No internet service,No,Yes,Yes,No,Two year,Yes,Electronic check,29.34,638.65,No
CUST-05865,Female,1,Yes,Yes,59,Yes,No,Fiber optic,No,No,No,No,Yes,Yes,Two year,Yes,Electronic check,71.26,4587.3,No
CUST-05866,Female,0,Yes,No,20,Yes,Yes,Fiber optic,No,No,Yes,No internet service,No,No internet service,Month-to-month,No,Credit card (automatic),60.55,1132.37,No
CUST-05867,Female,0,Yes,No,25,Yes,No,No,No,No,No,Yes,No,No,One year,Yes,Electronic check,96.21,2423.91,Yes
CUST-05868,Male,0,Yes,Yes,71,Yes,No,Fiber optic,No,Yes,No,Yes,No,Yes,Month-to-month,No,Electronic check,33.22,2593.57,No
CUST-05869,Female,0,Yes,No,66,Yes,Yes,DSL,No internet service,Yes,Yes,No,Yes,No,Month-to-month,Yes,Electronic check,29.19,1739.19,No
CUST-05870,Male,0,Yes,No,42,Yes,No phone service,DSL,No,No internet service,No internet service,No,No,No internet service,Month-to-month,No,Electronic check,72.38,2764.53,No
CUST-05871,Female,1,No,No,13,No,No,No,No internet service,No,No,No,No,Yes,Two year,No,Credit card (automatic),30.76,381.48,No
CUST-05872,Male,0,Yes,No,9,Yes,Yes,Fiber optic,No,No internet service,No,Yes,No internet service,Yes,Two year,Yes,Bank transfer (automatic),24.42,207.7,No
CUST-05873,Female,0,Yes,No,69,Yes,No,DSL,No,No,No,No internet service,No,Yes,Month-to-month,Yes,Credit card (automatic),57.54,3969.15,No
CUST-05874,Female,0,No,No,19,Yes,No,No,No,Yes,No,No,No,No,Month-to-month,Yes,Bank transfer (automatic),62.26,1164.12,No
CUST-05875,Male,0,No,Yes,49,Yes,Yes,DSL,Yes,No,No,No internet service,No,No internet service,Two year,Yes,Electronic check,27.18,1354.1,No
CUST-05876,Male,0,Yes,No,26,Yes,Yes,Fiber optic,No,Yes,Yes,No,No,Yes,One year,Yes,Electronic check,32.41,783.18,No
CUST-05877,Female,0,Yes,No,36,Yes,No,DSL,No,No internet service,No internet service,No,No,No internet service,One year,No,Electronic check,67.33,2513.97,No
CUST-05878,Female,0,Yes,Yes,71,Yes,Yes,No,Yes,Yes,No,No,No internet service,Yes,Month-to-month,No,Electronic check,75.78,5073.37,No
CUST-05879,Male,0,Yes,Yes,43,Yes,No,DSL,No internet service,No,No,No,Yes,Yes,Two year,Yes,Credit card (automatic),48.59,2069.31,No
CUST-05880,Male,0,Yes,No,10,Yes,No,DSL,No,No internet service,No,Yes,No internet service,No,Two year,No,Mailed check,59.69,541.19,Yes
CUST-05881,Male,0,No,No,30,Yes,Yes,No,No internet service,Yes,No internet service,Yes,No,No internet service,Month-to-month,No,Electronic check,39.16,1244.79,No
CUST-05882,Male,1,No,No,17,Yes,No phone service,Fiber optic,No internet service,No,Yes,No internet service,No,No internet service,One year,No,Mailed check,62.19,1084.11,No
CUST-05883,Male,1,No,Yes,14,Yes,Yes,Fiber optic,Yes,No,No,No internet service,No,Yes,Two year,Yes,Mailed check,96.4,1270.99,Yes
CUST-05884,Male,0,No,No,41,Yes,Yes,No,Yes,No,Yes,No,No,No internet service,Two year,Yes,Credit card (automatic),70.59,2953.09,No
CUST-05885,Male,0,Yes,No,7,Yes,Yes,DSL,Yes,Yes,No,No,No,No internet service,Month-to-month,Yes,Credit card (automatic),66.55,459.98,No
CUST-05886,Male,0,No,No,29,Yes,Yes,Fiber optic,Yes,No internet service,No,No,No internet service,No,Month-to-month,No,Bank transfer (automatic),37.05,1144.56,No
CUST-05887,Female,0,No,Yes,28,Yes,Yes,DSL,No,Yes,Yes,No internet service,No,No,Month-to-month,Yes,Credit card (automatic),56.22,1726.45,Yes
CUST-05888,Female,0,Yes,Yes,4,Yes,No,No,Yes,No internet service,No,Yes,No internet service,No,Month-to-month,No,Electronic check,68.46,253.28,No
CUST-05889,Female,1,No,Yes,70,Yes,No,DSL,No,No,No,No,No internet service,No internet service,Month-to-month,Yes,Mailed check,21.97,1534.86,No
CUST-05890,Female,1,No,No,2,Yes,No,Fiber optic,No,Yes,No,No,No,No,One year,Yes,Mailed check,93.84,178.6,Yes
CUST-05891,Male,0,No,Yes,27,Yes,Yes,Fiber optic,No,No,No internet service,Yes,No internet service,No internet service,Month-to-month,Yes,Credit card (automatic),55.11,1562.27,Yes
CUST-05892,Male,0,No,No,2,Yes,Yes,No,No internet service,No,Yes,No internet service,No,No internet service,Month-to-month,No,Electronic check,24.52,44.47,No
CUST-05893,Female,0,No,No,37,Yes,No,Fiber optic,Yes,No,No,No,No,Yes,Month-to-month,Yes,Credit card (automatic),61.31,2288.69,No
CUST-05894,Male,1,Yes,No,64,Yes,No,DSL,No internet service,No internet service,No internet service,No,Yes,No,Month-to-month,Yes,Bank transfer (automatic),48.97,3357.91,No
CUST-05895,Female,0,No,No,2,Yes,Yes,Fiber optic,No,No internet service,No,Yes,No internet service,No internet service,Two year,No,Bank transfer (automatic),71.61,140.05,No
CUST-05896,Male,1,No,No,57,No,Yes,DSL,No,No,No,No,No,No internet service,Two year,No,Electronic check,32.52,1978.91,No
CUST-05897,Male,0,No,No,60,Yes,No,Fiber optic,Yes,Yes,Yes,No internet service,No,Yes,One year,Yes,Mailed check,20.14,1123.06,No
CUST-05898,Female,0,No,Yes,1,Yes,Yes,Fiber optic,No,No,Yes,No internet service,Yes,No internet service,Month-to-month,No,Electronic check,81.77,88.61,Yes
CUST-05899,Female,0,Yes,No,17,No,Yes,Fiber optic,No,No internet service,No,No internet service,Yes,No internet service,Month-to-month,Yes,Mailed check,36.18,650.91,No
CUST-05900,Male,0,No,No,12,Yes,No,Fiber optic,No,Yes,Yes,Yes,Yes,No,Two year,No,Bank transfer (automatic),69.17,811.96,Yes
CUST-05901,Male,1,Yes,Yes,65,Yes,No phone service,Fiber optic,No,Yes,No,No internet service,Yes,Yes,One year,No,Credit card (automatic),41.76,2513.88,No
CUST-05902,Female,0,Yes,No,55,Yes,Yes,DSL,Yes,Yes,Yes,No internet service,No,No internet service,Month-to-month,Yes,Mailed check,27.09,1496.04,No
CUST-05903,Male,1,No,Yes,24,Yes,No,Fiber optic,No,No internet service,Yes,No,No,Yes,One year,No,Electronic check,99.47,2468.65,Yes
CUST-05904,Female,0,Yes,Yes,12,Yes,Yes,DSL,No,Yes,No,No,Yes,Yes,Month-to-month,No,Bank transfer (automatic),71.22,791.21,Yes
CUST-05905,Female,0,Yes,Yes,38,Yes,No,Fiber optic,Yes,No,No,No,No,Yes,One year,Yes,Electronic check,41.31,1705.78,No
CUST-05906,Female,0,No,No,5,Yes,Yes,Fiber optic,No,No,Yes,No,No,No,Two year,Yes,Credit card (automatic),89.31,470.01,Yes
CUST-05907,Female,0,Yes,Yes,55,Yes,Yes,DSL,No,No internet service,No,Yes,Yes,No,Month-to-month,Yes,Bank transfer (automatic),59.16,3547.7,No
CUST-05908,Female,0,Yes,No,4,Yes,Yes,Fiber optic,No internet service,No,No internet service,No,No,Yes,Month-to-month,No,Mailed check,39.19,150.47,No
CUST-05909,Male,1,Yes,No,15,Yes,Yes,DSL,No,No internet service,No,No,No internet service,Yes,Month-to-month,Yes,Electronic check,78.22,1157.68,No
CUST-05910,Female,0,Yes,Yes,5,Yes,No,Fiber optic,No internet service,Yes,No,No,No,Yes,Month-to-month,Yes,Bank transfer (automatic),50.07,237.34,No
CUST-05911,Male,0,No,Yes,57,No,No,Fiber optic,Yes,No internet service,Yes,No internet service,No,No,Month-to-month,No,Electronic check,20.49,1115.09,No
CUST-05912,Male,0,No,Yes,52,Yes,No phone service,No,Yes,Yes,Yes,No internet service,No internet service,No,Two year,No,Bank transfer (automatic),20.37,984.09,No
CUST-05913,Female,0,No,Yes,4,Yes,Yes,Fiber optic,Yes,Yes,No,No internet service,No internet service,No,Month-to-month,No,Mailed check,76.46,282.92,No
CUST-05914,Male,0,Yes,No,8,Yes,Yes,Fiber optic,No internet service,No internet service,No,No internet service,No,Yes,Month-to-month,No,Bank transfer (automatic),36.87,305.03,No
CUST-05915,Female,0,No,No,19,Yes,No,DSL,No,No,No,No,Yes,Yes,Two year,No,Electronic check,68.72,1216.1,No
CUST-05916,Male,0,Yes,No,18,Yes,Yes,DSL,Yes,No,Yes,No internet service,No,Yes,One year,No,Credit card (automatic),22.61,377.14,No
CUST-05917,Female,0,No,No,37,Yes,No,DSL,Yes,No,No,No,No,Yes,One year,Yes,Bank transfer (automatic),28.82,1073.72,No
CUST-05918,Male,1,Yes,No,36,Yes,No,Fiber optic,No internet service,No,No internet service,No internet service,No internet service,No,Two year,No,Mailed check,71.41,2675.65,No
CUST-05919,Male,1,No,No,26,Yes,Yes,DSL,No internet service,No,No internet service,Yes,No internet service,Yes,Two year,Yes,Electronic check,79.65,2186.06,No
CUST-05920,Female,0,Yes,No,12,Yes,Yes,DSL,Yes,No internet service,Yes,Yes,No internet service,No internet service,Month-to-month,No,Mailed check,23.12,281.89,No
CUST-05921,Female,0,Yes,Yes,23,Yes,No,Fiber optic,Yes,No,No,No internet service,Yes,Yes,Month-to-month,Yes,Electronic check,95.04,2055.45,Yes
CUST-05922,Female,1,Yes,Yes,57,Yes,Yes,Fiber optic,No internet service,No internet service,No,No internet service,No,No internet service,Month-to-month,Yes,Bank transfer (automatic),63.37,3664.99,No
CUST-05923,Female,0,Yes,No,21,Yes,No,Fiber optic,No,No internet service,No,Yes,No,Yes,One year,Yes,Mailed check,63.97,1377.17,Yes
CUST-05924,Female,0,No,No,58,Yes,No,DSL,Yes,No,No,No,No,Yes,Month-to-month,Yes,Credit card (automatic),44.36,2448.4,No
CUST-05925,Male,0,Yes,No,65,Yes,Yes,Fiber optic,No internet service,No,No,Yes,Yes,No,One year,Yes,Credit card (automatic),31.67,1912.18,No
CUST-05926,Male,0,No,No,17,Yes,Yes,Fiber optic,No,Yes,No internet service,Yes,No internet service,No internet service,One year,No,Electronic check,96.86,1786.8,Yes
CUST-05927,Female,0,Yes,No,19,Yes,No,No,Yes,No internet service,No,No,Yes,No,Month-to-month,No,Electronic check,81.55,1424.24,Yes
CUST-05928,Male,0,Yes,Yes,4,Yes,No,DSL,No,No internet service,No,Yes,Yes,Yes,One year,Yes,Electronic check,35.91,137.24,No
CUST-05929,Male,0,No,No,24,Yes,No phone service,Fiber optic,No,No,No internet service,Yes,No internet service,No,Month-to-month,No,Credit card (automatic),39.46,896.17,No
CUST-05930,Female,0,No,No,31,Yes,No,Fiber optic,No,No,No,No,No internet service,No,Month-to-month,No,Mailed check,28.31,946.41,No
CUST-05931,Female,0,No,Yes,51,No,Yes,No,No,No,Yes,No internet service,No,Yes,Month-to-month,Yes,Mailed check,52.17,2661.71,No
CUST-05932,Male,0,Yes,No,61,Yes,Yes,No,Yes,Yes,Yes,No internet service,No,Yes,Two year,No,Credit card (automatic),40.48,2694.76,No
CUST-05933,Male,0,Yes,No,46,Yes,No,Fiber optic,No,Yes,No,Yes,Yes,No,Month-to-month,Yes,Electronic check,56.47,2768.14,No
CUST-05934,Male,0,Yes,Yes,26,Yes,Yes,Fiber optic,No,No internet service,No,No internet service,No internet service,No,One year,Yes,Bank transfer (automatic),42.07,1149.58,No
CUST-05935,Male,0,No,No,56,Yes,Yes,Fiber optic,No,Yes,No internet service,Yes,No,Yes,Month-to-month,No,Credit card (automatic),26.99,1413.73,No
CUST-05936,Male,1,No,No,50,Yes,No,No,Yes,No,Yes,No,No,Yes,Month-to-month,No,Mailed check,72.36,3505.37,No
CUST-05937,Female,0,No,No,57,Yes,No,Fiber optic,No internet service,Yes,Yes,No,No,Yes,Month-to-month,Yes,Electronic check,50.58,3067.73,No
CUST-05938,Male,0,No,No,42,Yes,No,DSL,No,Yes,No,No internet service,Yes,No,Two year,Yes,Credit card (automatic),39.31,1810.68,No
CUST-05939,Female,0,Yes,No,46,Yes,Yes,DSL,No internet service,Yes,No internet service,No internet service,No,No internet service,One year,Yes,Electronic check,20.98,1038.02,No
CUST-05940,Female,0,Yes,Yes,25,Yes,No,No,No,No internet service,No internet service,No,Yes,Yes,One year,Yes,Mailed check,55.87,1522.01,No
CUST-05941,Male,0,No,No,29,Yes,Yes,Fiber optic,No internet service,Yes,No,No,No internet service,No internet service,One year,No,Mailed check,66.95,1996.63,No
CUST-05942,Male,0,No,Yes,20,Yes,No,Fiber optic,Yes,Yes,No internet service,No internet service,Yes,Yes,One year,No,Credit card (automatic),59.0,1175.94,No
CUST-05943,Female,0,Yes,No,19,Yes,Yes,No,No internet service,No,Yes,Yes,No,No internet service,Month-to-month,Yes,Bank transfer (automatic),67.26,1281.7,No
CUST-05944,Female,0,Yes,Yes,10,Yes,No,DSL,No,No internet service,No,Yes,No,No internet service,One year,Yes,Credit card (automatic),67.22,666.62,Yes
CUST-05945,Female,0,Yes,No,28,Yes,No,DSL,No,No,Yes,No,Yes,No,Two year,Yes,Bank transfer (automatic),95.45,2488.12,Yes
CUST-05946,Female,0,No,No,10,Yes,Yes,No,Yes,No,Yes,Yes,No internet service,No,Two year,No,Bank transfer (automatic),32.68,314.1,No
CUST-05947,Male,0,Yes,No,18,Yes,Yes,Fiber optic,No internet service,No,No,No internet service,No,No internet service,Month-to-month,No,Mailed check,59.39,981.44,Yes
CUST-05948,Female,0,No,No,62,Yes,No,Fiber optic,No,No,Yes,No,No,Yes,Month-to-month,Yes,Mailed check,50.74,2887.01,No
CUST-05949,Female,0,Yes,No,31,Yes,Yes,Fiber optic,No,Yes,No,Yes,No,Yes,Two year,No,Bank transfer (automatic),20.31,605.92,No
CUST-05950,Female,0,No,No,41,Yes,Yes,DSL,No,Yes,No,No internet service,No,Yes,Month-to-month,Yes,Credit card (automatic),46.55,1971.96,No
CUST-05951,Male,0,No,No,65,Yes,Yes,DSL,Yes,No,No,No,Yes,Yes,Month-to-month,Yes,Credit card (automatic),31.74,2110.02,No
CUST-05952,Female,0,No,No,8,Yes,Yes,DSL,Yes,No internet service,No,Yes,No,Yes,One year,Yes,Credit card (automatic),64.94,525.7,No
CUST-05953,Female,0,No,Yes,67,No,No,DSL,No internet service,No internet service,Yes,Yes,No internet service,No,Month-to-month,No,Bank transfer (automatic),65.47,4604.88,No
CUST-05954,Female,1,No,Yes,50,No,No,No,Yes,No,No internet service,No internet service,Yes,No,Two year,Yes,Electronic check,56.94,2802.98,No
CUST-05955,Male,0,Yes,No,46,Yes,Yes,No,No,No internet service,No internet service,No,No,Yes,Month-to-month,No,Credit card (automatic),45.3,2059.67,No
CUST-05956,Female,0,No,Yes,14,Yes,Yes,Fiber optic,No,Yes,No,No internet service,No internet service,No,Month-to-month,Yes,Electronic check,63.36,890.24,Yes
CUST-05957,Female,0,No,Yes,1,Yes,Yes,DSL,No,Yes,No,No,No,No internet service,Month-to-month,Yes,Credit card (automatic),58.58,53.5,Yes
CUST-05958,Female,0,Yes,No,15,Yes,No,Fiber optic,Yes,No,No,No,No,Yes,One year,Yes,Electronic check,50.43,768.81,No
CUST-05959,Male,0,No,No,26,Yes,No,DSL,No,No,No,No,Yes,No,Two year,No,Credit card (automatic),93.94,2564.68,Yes
CUST-05960,Male,0,No,Yes,23,Yes,Yes,DSL,Yes,Yes,No internet service,No internet service,Yes,Yes,One year,Yes,Credit card (automatic),91.93,2014.44,Yes
CUST-05961,Male,0,Yes,No,20,Yes,Yes,DSL,No internet service,No,No,No,No internet service,No,Month-to-month,No,Bank transfer (automatic),33.1,708.98,No
CUST-05962,Female,0,No,No,52,Yes,Yes,Fiber optic,No internet service,Yes,Yes,Yes,No internet service,No,Month-to-month,No,Electronic check,41.63,2063.54,No
CUST-05963,Female,0,Yes,Yes,15,Yes,No phone service,Fiber optic,No internet service,No internet service,Yes,Yes,No,No,Month-to-month,Yes,Mailed check,93.96,1413.12,Yes
CUST-05964,Male,0,Yes,No,43,Yes,Yes,Fiber optic,Yes,No,No,Yes,No internet service,No internet service,One year,Yes,Credit card (automatic),70.72,3268.71,No
CUST-05965,Male,0,No,No,22,Yes,Yes,Fiber optic,No,No internet service,No,Yes,No,No,One year,No,Electronic check,79.57,1833.91,No
CUST-05966,Male,0,No,Yes,7,Yes,No,Fiber optic,No internet service,No,No,Yes,Yes,No,One year,No,Credit card (automatic),87.71,623.32,Yes
CUST-05967,Female,0,No,Yes,59,Yes,No phone service,DSL,No internet service,No internet service,No internet service,No,Yes,Yes,Two year,No,Mailed check,47.19,2852.55,No
CUST-05968,Female,0,No,No,39,Yes,No,No,No internet service,No internet service,No,Yes,No,Yes,Month-to-month,No,Bank transfer (automatic),65.96,2371.22,No
CUST-05969,Male,0,No,No,9,Yes,No,Fiber optic,No,No,No,Yes,No,Yes,Two year,No,Electronic check,39.27,367.52,No
CUST-05970,Female,0,No,No,32,Yes,Yes,DSL,No internet service,Yes,No,Yes,No internet service,Yes,One year,Yes,Electronic check,52.43,1715.32,No
CUST-05971,Female,0,Yes,Yes,31,Yes,No,Fiber optic,Yes,Yes,Yes,No,Yes,No,Month-to-month,Yes,Electronic check,60.62,1723.07,No
CUST-05972,Male,0,Yes,Yes,18,Yes,No phone service,Fiber optic,Yes,No,No internet service,Yes,No internet service,No,Month-to-month,Yes,Credit card (automatic),98.11,1633.29,Yes
CUST-05973,Female,0,Yes,Yes,29,Yes,Yes,No,No,Yes,Yes,No,No internet service,No,Month-to-month,Yes,Credit card (automatic),36.78,1167.1,No
CUST-05974,Male,0,Yes,Yes,11,Yes,Yes,Fiber optic,No internet service,No internet service,No internet service,No,No internet service,No,Month-to-month,Yes,Credit card (automatic),41.37,425.77,No
CUST-05975,Male,0,No,No,50,No,Yes,DSL,Yes,No,Yes,Yes,No internet service,No,Two year,Yes,Credit card (automatic),54.66,2949.33,No
CUST-05976,Male,1,Yes,Yes,13,Yes,Yes,Fiber optic,No internet service,No,No,No internet service,No,Yes,One year,Yes,Credit card (automatic),91.41,1135.05,Yes
CUST-05977,Female,0,Yes,Yes,52,No,No,Fiber optic,Yes,Yes,No,No internet service,No internet service,No internet service,Month-to-month,Yes,Electronic check,32.49,1654.38,No
CUST-05978,Female,0,Yes,No,33,Yes,No phone service,Fiber optic,No,No internet service,No,No internet service,No,No,One year,No,Credit card (automatic),28.97,966.62,No
CUST-05979,Female,0,Yes,Yes,51,Yes,No,Fiber optic,No,Yes,No internet service,No internet service,No internet service,No,Month-to-month,Yes,Credit card (automatic),68.56,3584.58,No
CUST-05980,Male,0,Yes,Yes,53,Yes,No,DSL,No,No,Yes,Yes,No,No,Month-to-month,Yes,Electronic check,73.16,3875.76,No
CUST-05981,Female,0,Yes,No,12,Yes,Yes,DSL,No,No internet service,Yes,No,No,Yes,Month-to-month,No,Bank transfer (automatic),74.28,864.34,No
CUST-05982,Male,0,No,Yes,7,Yes,Yes,No,Yes,Yes,Yes,Yes,No internet service,Yes,Month-to-month,No,Credit card (automatic),82.01,573.92,Yes
CUST-05983,Female,0,No,No,54,Yes,No,DSL,No internet service,No internet service,Yes,Yes,No,No,Two year,No,Bank transfer (automatic),28.24,1586.17,No
CUST-05984,Female,0,Yes,Yes,43,Yes,No,Fiber optic,No internet service,No,No internet service,No,Yes,No internet service,Two year,No,Bank transfer (automatic),25.87,1089.38,No
CUST-05985,Male,1,No,Yes,16,Yes,Yes,No,No,No,Yes,No internet service,Yes,No internet service,Month-to-month,No,Mailed check,49.95,806.43,No
CUST-05986,Female,0,Yes,No,15,Yes,Yes,No,No internet service,Yes,No internet service,No internet service,Yes,No internet service,Month-to-month,No,Electronic check,62.27,911.48,Yes
CUST-05987,Male,0,Yes,No,15,Yes,Yes,No,Yes,No,No,Yes,No internet service,Yes,Month-to-month,Yes,Bank transfer (automatic),63.97,926.91,No
CUST-05988,Female,0,Yes,Yes,27,Yes,Yes,No,No,No internet service,Yes,No,No internet service,Yes,Two year,No,Credit card (automatic),94.83,2457.39,Yes
CUST-05989,Male,0,No,No,51,Yes,No,Fiber optic,No,Yes,Yes,No internet service,No,No internet service,Month-to-month,Yes,Bank transfer (automatic),75.86,3655.26,No
CUST-05990,Male,0,Yes,No,12,Yes,No,DSL,No,Yes,No internet service,No,Yes,No,Two year,Yes,Credit card (automatic),71.7,905.27,Yes
CUST-05991,Female,0,Yes,No,14,Yes,No phone service,DSL,No,Yes,No,No internet service,No,No,One year,No,Mailed check,54.67,839.45,No
CUST-05992,Female,0,No,Yes,28,Yes,No,DSL,Yes,No internet service,No,Yes,No internet service,Yes,Month-to-month,Yes,Mailed check,83.36,2114.21,Yes
CUST-05993,Male,1,Yes,Yes,27,Yes,No,DSL,No,No,No internet service,Yes,Yes,Yes,One year,Yes,Bank transfer (automatic),70.48,1787.28,Yes
CUST-05994,Female,1,Yes,No,58,Yes,Yes,Fiber optic,No,No,Yes,No,No,No,Two year,Yes,Electronic check,65.21,4133.36,No
CUST-05995,Male,0,Yes,Yes,60,Yes,No,Fiber optic,No,Yes,No,No,No internet service,Yes,Two year,Yes,Credit card (automatic),64.94,3773.1,No
CUST-05996,Male,0,No,Yes,5,Yes,Yes,No,No internet service,Yes,Yes,No internet service,No,Yes,Month-to-month,Yes,Bank transfer (automatic),67.4,329.52,No
CUST-05997,Male,1,Yes,No,28,No,No,Fiber optic,No internet service,No,No internet service,No internet service,No internet service,No internet service,Month-to-month,No,Mailed check,65.33,1888.86,Yes
CUST-05998,Female,0,No,Yes,24,Yes,Yes,No,No,Yes,No,No internet service,Yes,Yes,Month-to-month,Yes,Mailed check,43.55,1014.41,No
CUST-05999,Female,0,No,Yes,65,Yes,Yes,No,No,No,Yes,No,No,No internet service,Month-to-month,No,Electronic check,41.81,2713.68,No
CUST-06000,Female,0,No,Yes,16,Yes,No phone service,Fiber optic,No internet service,Yes,Yes,No internet service,Yes,No internet service,Month-to-month,Yes,Electronic check,68.21,1178.83,No
CUST-06001,Female,0,Yes,No,3,No,No,DSL,No,No,No,No,Yes,No,Month-to-month,Yes,Bank transfer (automatic),54.78,166.47,No
CUST-06002,Male,0,Yes,Yes,48,No,Yes,Fiber optic,No internet service,Yes,No internet service,No internet service,No internet service,No internet service,Two year,Yes,Electronic check,56.46,2800.53,No
CUST-06003,Male,1,No,No,40,Yes,Yes,Fiber optic,No,No internet service,Yes,No,No internet service,No,Month-to-month,Yes,Bank transfer (automatic),44.72,1687.58,No
CUST-06004,Male,0,No,No,40,Yes,No,No,Yes,No internet service,No internet service,No,No,No,Month-to-month,No,Electronic check,32.1,1222.74,No
CUST-06005,Female,0,No,Yes,19,Yes,No,Fiber optic,No,Yes,Yes,No,Yes,Yes,Month-to-month,No,Mailed check,47.42,971.54,No
CUST-06006,Female,1,No,No,36,Yes,No,No,Yes,No,No internet service,No internet service,No internet service,No,Two year,Yes,Bank transfer (automatic),78.18,3049.54,No
CUST-06007,Female,0,Yes,No,26,Yes,No,DSL,No internet service,Yes,Yes,No,No,Yes,Month-to-month,Yes,Bank transfer (automatic),60.06,1657.43,Yes
CUST-06008,Female,1,No,No,3,Yes,No phone service,DSL,No,No,Yes,No,No,No,Month-to-month,No,Electronic check,75.15,208.41,Yes
CUST-06009,Female,0,No,Yes,19,Yes,Yes,Fiber optic,No,No,Yes,No,Yes,No internet service,Two year,No,Bank transfer (automatic),81.83,1653.82,Yes
CUST-06010,Male,1,No,No,5,Yes,No,No,Yes,No,Yes,Yes,No,No internet service,Two year,Yes,Credit card (automatic),92.52,418.12,Yes
CUST-06011,Female,0,Yes,No,7,Yes,Yes,DSL,Yes,No,No internet service,No,No internet service,Yes,Month-to-month,No,Credit card (automatic),87.6,625.04,Yes
CUST-06012,Male,0,No,No,28,Yes,Yes,DSL,Yes,Yes,No,Yes,No,No,Month-to-month,No,Bank transfer (automatic),61.23,1774.54,No
CUST-06013,Male,0,No,No,67,Yes,Yes,Fiber optic,Yes,No,No internet service,Yes,Yes,No,Month-to-month,Yes,Credit card (automatic),28.11,1855.65,No
CUST-06014,Male,1,No,No,62,Yes,Yes,Fiber optic,Yes,No internet service,Yes,No,Yes,No,Month-to-month,Yes,Bank transfer (automatic),34.84,2151.1,No
CUST-06015,Male,0,Yes,No,12,Yes,Yes,Fiber optic,No,Yes,Yes,No internet service,No,Yes,Month-to-month,Yes,Electronic check,23.71,298.28,No
CUST-06016,Male,0,No,Yes,13,Yes,Yes,DSL,Yes,Yes,Yes,No,No,No,One year,No,Credit card (automatic),57.55,807.24,Yes
CUST-06017,Male,1,Yes,No,44,Yes,Yes,Fiber optic,No,Yes,No internet service,No,Yes,Yes,Month-to-month,Yes,Credit card (automatic),68.85,2841.18,No
CUST-06018,Male,0,No,No,56,Yes,Yes,DSL,No,No,Yes,No,No,No,Two year,No,Bank transfer (automatic),74.35,3862.56,No
CUST-06019,Female,1,No,No,5,Yes,No,DSL,Yes,No internet service,No,No,Yes,Yes,Month-to-month,Yes,Mailed check,71.62,367.41,Yes
CUST-06020,Male,0,Yes,Yes,16,Yes,Yes,Fiber optic,No internet service,Yes,No,Yes,Yes,Yes,Month-to-month,Yes,Bank transfer (automatic),71.91,1088.6,No
CUST-06021,Male,0,No,Yes,70,Yes,Yes,DSL,No,Yes,No,No internet service,Yes,Yes,Month-to-month,Yes,Bank transfer (automatic),25.2,1656.12,No
CUST-06022,Male,0,No,Yes,8,Yes,No,Fiber optic,No,No internet service,No,No,No,No,Month-to-month,Yes,Electronic check,73.89,556.07,No
CUST-06023,Male,1,Yes,No,58,Yes,No,Fiber optic,Yes,No,Yes,No,No internet service,No,Month-to-month,No,Credit card (automatic),47.96,2613.02,No
CUST-06024,Male,0,No,No,15,Yes,Yes,No,Yes,Yes,No internet service,No,No internet service,No,One year,No,Mailed check,66.12,987.26,No
CUST-06025,Female,0,Yes,No,56,Yes,No,No,Yes,No,Yes,No,Yes,Yes,Month-to-month,No,Electronic check,56.95,3485.41,No
CUST-06026,Female,0,No,No,31,Yes,Yes,DSL,No,Yes,Yes,No internet service,Yes,No,One year,Yes,Mailed check,40.99,1354.07,No
CUST-06027,Female,0,No,No,17,Yes,Yes,DSL,No,No,No internet service,No,No,No,Two year,Yes,Credit card (automatic),35.89,615.42,No
CUST-06028,Male,0,No,No,17,Yes,No,Fiber optic,Yes,Yes,No internet service,No,Yes,No,Month-to-month,Yes,Bank transfer (automatic),27.09,421.95,No
CUST-06029,Male,0,Yes,No,13,Yes,Yes,Fiber optic,No,No,Yes,No internet service,No,No internet service,Month-to-month,Yes,Electronic check,99.08,1332.59,Yes
CUST-06030,Female,1,Yes,No,64,Yes,Yes,DSL,Yes,No,No,No internet service,No,Yes,One year,No,Mailed check,49.65,3146.55,No
CUST-06031,Female,1,No,No,55,Yes,Yes,No,No internet service,No,Yes,No,No,No,Month-to-month,Yes,Mailed check,78.99,4586.31,No
CUST-06032,Male,0,No,No,29,Yes,No,Fiber optic,No,No,Yes,No,No internet service,Yes,Month-to-month,Yes,Electronic check,55.35,1603.21,Yes
CUST-06033,Male,0,Yes,No,45,No,Yes,No,No,No internet service,Yes,No internet service,Yes,No,Month-to-month,No,Mailed check,55.41,2577.37,No
CUST-06034,Male,1,Yes,Yes,30,Yes,No,Fiber optic,No internet service,No,No internet service,Yes,No internet service,Yes,One year,Yes,Credit card (automatic),51.5,1452.32,No
CUST-06035,Female,0,Yes,No,65,Yes,No,No,No internet service,Yes,No internet service,No,No,No internet service,Month-to-month,Yes,Credit card (automatic),21.37,1481.62,No
CUST-06036,Male,0,No,Yes,20,Yes,Yes,No,No,Yes,No internet service,No,No,Yes,Month-to-month,Yes,Electronic check,39.78,840.06,No
CUST-06037,Female,0,No,No,67,Yes,Yes,Fiber optic,No,Yes,No internet service,Yes,Yes,Yes,One year,No,Mailed check,45.38,2963.85,No
CUST-06038,Male,0,Yes,Yes,28,Yes,Yes,Fiber optic,No internet service,No,No,Yes,Yes,No,Month-to-month,Yes,Bank transfer (automatic),49.66,1519.42,No
CUST-06039,Male,0,No,No,25,Yes,No,No,No internet service,Yes,No,No,No,Yes,One year,No,Electronic check,34.01,792.5,No
CUST-06040,Male,0,Yes,No,34,Yes,No,No,No,Yes,Yes,No,Yes,No internet service,Month-to-month,No,Electronic check,22.05,677.73,No
CUST-06041,Female,0,No,Yes,54,Yes,No,No,No,No internet service,No,No,No internet service,No,Month-to-month,Yes,Bank transfer (automatic),37.63,2138.96,No
CUST-06042,Male,0,Yes,Yes,24,Yes,Yes,Fiber optic,Yes,No,No,Yes,No internet service,No,Two year,No,Mailed check,77.33,1893.25,Yes
CUST-06043,Female,0,Yes,No,55,Yes,Yes,Fiber optic,No,No,No,No,No internet service,No,Two year,Yes,Electronic check,68.47,3472.81,No
CUST-06044,Female,0,Yes,Yes,16,Yes,Yes,Fiber optic,Yes,No,No,No,No,No internet service,Two year,No,Mailed check,58.74,875.84,Yes
CUST-06045,Female,0,No,Yes,29,Yes,Yes,DSL,Yes,No,No,Yes,No internet service,Yes,Month-to-month,No,Credit card (automatic),90.57,2432.63,Yes
CUST-06046,Male,0,Yes,No,61,No,No,Fiber optic,No,No,No,Yes,No internet service,No,Month-to-month,No,Mailed check,75.42,4294.08,No
CUST-06047,Male,0,No,No,70,Yes,No,DSL,No,No internet service,Yes,No,No,Yes,One year,Yes,Electronic check,30.33,2106.71,No
CUST-06048,Female,0,No,No,10,Yes,Yes,DSL,No,No internet service,Yes,No,No,No internet service,One year,Yes,Bank transfer (automatic),27.72,252.31,No
CUST-06049,Male,0,Yes,Yes,65,Yes,Yes,DSL,No,No,Yes,Yes,No internet service,No internet service,Month-to-month,No,Electronic check,21.33,1391.83,No
CUST-06050,Male,0,Yes,No,21,No,Yes,Fiber optic,Yes,Yes,Yes,No,Yes,Yes,Month-to-month,Yes,Bank transfer (automatic),94.0,2015.6,Yes
CUST-06051,Male,0,No,No,70,Yes,Yes,DSL,No,Yes,No,No,No,No,Two year,No,Electronic check,68.84,5037.93,No
CUST-06052,Male,0,No,No,10,Yes,Yes,No,No,No,Yes,Yes,Yes,No,Month-to-month,Yes,Bank transfer (automatic),61.41,668.88,Yes
CUST-06053,Female,0,Yes,No,46,Yes,Yes,No,No,Yes,Yes,No,No,Yes,One year,Yes,Mailed check,52.43,2210.39,No
CUST-06054,Male,0,Yes,No,19,Yes,Yes,Fiber optic,No,No internet service,No,Yes,No,No internet service,Month-to-month,No,Electronic check,70.33,1212.04,Yes
CUST-06055,Male,0,Yes,Yes,56,Yes,No,Fiber optic,No,No,Yes,No,No,No,Two year,No,Bank transfer (automatic),68.41,3554.47,No
CUST-06056,Female,0,Yes,Yes,23,Yes,Yes,No,No internet service,Yes,No,No internet service,Yes,No internet service,One year,No,Bank transfer (automatic),68.62,1526.91,Yes
CUST-06057,Male,1,No,No,24,Yes,No,DSL,No,Yes,No,No,Yes,No,One year,Yes,Electronic check,28.39,684.82,No
CUST-06058,Male,0,Yes,Yes,46,Yes,No phone service,Fiber optic,No internet service,Yes,Yes,No internet service,Yes,No,Month-to-month,Yes,Credit card (automatic),25.35,1050.49,No
CUST-06059,Female,1,Yes,No,5,Yes,No,No,No,No,Yes,No internet service,Yes,Yes,Two year,No,Bank transfer (automatic),71.08,369.07,No
CUST-06060,Female,0,Yes,No,28,No,Yes,Fiber optic,No internet service,No,Yes,No,Yes,No,One year,Yes,Electronic check,62.89,1921.83,No
CUST-06061,Male,0,No,No,57,Yes,Yes,No,No,No,Yes,Yes,No,No internet service,Month-to-month,Yes,Electronic check,57.48,3112.4,No
CUST-06062,Female,0,No,No,7,Yes,Yes,DSL,Yes,No,Yes,No,Yes,No,One year,Yes,Electronic check,88.35,557.69,Yes
CUST-06063,Male,1,No,Yes,27,Yes,No,No,No,No,Yes,Yes,No,Yes,One year,Yes,Electronic check,28.61,811.59,No
CUST-06064,Female,0,No,No,1,Yes,Yes,DSL,No,No,Yes,Yes,No,No,Two year,No,Bank transfer (automatic),43.09,45.42,No
CUST-06065,Female,0,Yes,No,47,Yes,Yes,Fiber optic,No internet service,Yes,No,Yes,No internet service,No,Month-to-month,Yes,Electronic check,68.85,2940.51,No
CUST-06066,Male,0,No,No,6,Yes,No,DSL,No,Yes,Yes,No,No,No internet service,Month-to-month,Yes,Electronic check,75.01,460.62,No
CUST-06067,Male,0,Yes,No,20,Yes,No,Fiber optic,Yes,No internet service,Yes,No internet service,No,No,One year,Yes,Electronic check,50.79,963.56,No
CUST-06068,Male,0,No,No,5,Yes,No phone service,Fiber optic,No,No,No,No,No,Yes,Two year,Yes,Bank transfer (automatic),87.22,447.69,Yes
CUST-06069,Female,0,No,No,16,Yes,Yes,Fiber optic,No,Yes,Yes,No,No,No,Two year,No,Bank transfer (automatic),78.71,1316.38,No
CUST-06070,Female,0,No,Yes,17,Yes,No,Fiber optic,No,No,No,Yes,Yes,Yes,Month-to-month,No,Mailed check,43.7,701.71,No
CUST-06071,Male,0,No,Yes,60,Yes,Yes,No,Yes,Yes,No internet service,No,No internet service,No,Month-to-month,Yes,Mailed check,39.14,2236.03,No
CUST-06072,Male,0,No,Yes,4,Yes,No,Fiber optic,No,Yes,Yes,Yes,Yes,Yes,Month-to-month,No,Electronic check,88.82,363.21,Yes
CUST-06073,Male,0,No,Yes,8,No,Yes,DSL,No internet service,No,No internet service,No internet service,No,Yes,Month-to-month,Yes,Credit card (automatic),96.83,787.38,Yes
CUST-06074,Male,0,No,Yes,26,Yes,No,DSL,No,No,Yes,No internet service,No,No internet service,Two year,Yes,Mailed check,96.14,2692.7,Yes
CUST-06075,Male,0,Yes,No,34,Yes,No,No,No internet service,No,No,Yes,No,No,Two year,Yes,Mailed check,56.75,1933.5,No
CUST-06076,Female,0,Yes,No,11,Yes,No,No,No internet service,No,Yes,No,Yes,No,One year,Yes,Electronic check,34.05,397.01,No
CUST-06077,Female,0,Yes,Yes,65,Yes,Yes,Fiber optic,No internet service,No,No,No,No,No,Two year,Yes,Mailed check,29.72,2021.44,No
CUST-06078,Male,0,No,No,24,No,No,Fiber optic,No,No internet service,No internet service,No,No,Yes,One year,Yes,Credit card (automatic),51.68,1281.42,No
CUST-06079,Male,0,Yes,No,25,Yes,No,Fiber optic,Yes,No,No,No,No,Yes,Two year,Yes,Bank transfer (automatic),92.57,2171.59,Yes
CUST-06080,Male,0,Yes,Yes,11,Yes,No,Fiber optic,No internet service,No,No,Yes,Yes,Yes,Month-to-month,No,Electronic check,38.22,401.62,No
CUST-06081,Male,0,Yes,Yes,63,Yes,Yes,No,No,No,No,No,No,Yes,Month-to-month,Yes,Electronic check,33.09,2112.51,No
CUST-06082,Female,1,No,No,25,Yes,No,Fiber optic,No,Yes,Yes,No internet service,Yes,Yes,Month-to-month,No,Credit card (automatic),68.57,1565.43,Yes
CUST-06083,Female,0,Yes,Yes,43,Yes,Yes,Fiber optic,No internet service,No,No,No,Yes,Yes,One year,No,Credit card (automatic),79.03,3089.08,No
CUST-06084,Male,0,No,Yes,11,Yes,No phone service,Fiber optic,No,Yes,Yes,Yes,No,No,Two year,Yes,Electronic check,92.46,925.49,Yes
CUST-06085,Female,0,No,No,14,Yes,No,Fiber optic,No,Yes,No internet service,No,Yes,Yes,Month-to-month,No,Credit card (automatic),83.64,1269.63,Yes
CUST-06086,Female,0,Yes,No,56,Yes,Yes,Fiber optic,No,No internet service,No internet service,Yes,Yes,No internet service,Month-to-month,No,Credit card (automatic),71.93,4180.24,No
CUST-06087,Female,0,No,No,28,Yes,Yes,DSL,No,No,No,No,No,No,One year,Yes,Credit card (automatic),71.3,2130.86,Yes
CUST-06088,Male,0,No,Yes,25,Yes,No phone service,No,No,No,Yes,No,Yes,No,Month-to-month,No,Bank transfer (automatic),74.48,2034.58,No
CUST-06089,Female,0,Yes,No,47,Yes,No,DSL,No,No,Yes,No internet service,Yes,Yes,Month-to-month,Yes,Electronic check,49.95,2442.01,No
CUST-06090,Male,1,Yes,Yes,36,Yes,No,DSL,No,No,No internet service,Yes,Yes,No,Month-to-month,Yes,Electronic check,53.4,1928.29,No
CUST-06091,Male,0,Yes,No,67,No,Yes,Fiber optic,No,No,No,No internet service,No,Yes,Month-to-month,No,Mailed check,52.39,3495.4,No
CUST-06092,Male,0,No,Yes,14,Yes,Yes,Fiber optic,No,No,No,Yes,No,Yes,Two year,Yes,Mailed check,59.52,874.28,Yes
CUST-06093,Female,0,No,Yes,2,Yes,Yes,Fiber optic,No,No,No,No,Yes,No,Month-to-month,No,Mailed check,66.93,143.71,No
CUST-06094,Male,0,No,No,2,Yes,No,Fiber optic,No internet service,No,Yes,No,No,No,Month-to-month,Yes,Electronic check,72.65,154.88,Yes
CUST-06095,Female,0,Yes,Yes,14,Yes,Yes,Fiber optic,No internet service,Yes,No,No,Yes,No internet service,Two year,Yes,Electronic check,25.75,359.99,No
CUST-06096,Male,1,No,Yes,7,Yes,Yes,Fiber optic,Yes,No internet service,No,No,No,No,One year,No,Electronic check,73.37,541.68,Yes
CUST-06097,Female,0,Yes,No,31,No,Yes,Fiber optic,No,No,No internet service,Yes,Yes,No,Month-to-month,Yes,Bank transfer (automatic),77.42,2388.78,No
CUST-06098,Male,0,Yes,Yes,15,Yes,No,DSL,Yes,No,No internet service,No internet service,No internet service,No,Two year,No,Bank transfer (automatic),72.27,1058.98,No
CUST-06099,Male,0,Yes,No,67,Yes,No phone service,Fiber optic,Yes,No,No,No,Yes,No,One year,Yes,Credit card (automatic),57.55,3699.82,No
CUST-06100,Male,0,Yes,No,23,No,No,Fiber optic,Yes,No,No,No,No,No internet service,One year,Yes,Electronic check,59.62,1249.09,Yes
CUST-06101,Female,0,No,Yes,8,Yes,No,No,Yes,No,Yes,No internet service,Yes,Yes,One year,Yes,Bank transfer (automatic),92.08,692.61,Yes
CUST-06102,Male,0,Yes,Yes,28,No,Yes,Fiber optic,No,No internet service,Yes,Yes,Yes,Yes,Month-to-month,No,Electronic check,68.79,2014.72,Yes
CUST-06103,Male,0,Yes,No,27,Yes,No phone service,Fiber optic,No,No internet service,No,No,No internet service,No internet service,Two year,Yes,Credit card (automatic),69.32,1748.75,No
CUST-06104,Female,1,Yes,No,48,Yes,Yes,No,Yes,Yes,No,No internet service,No,No internet service,Two year,Yes,Electronic check,66.72,3459.52,No
CUST-06105,Male,0,No,No,43,Yes,No,DSL,No,No internet service,Yes,No,Yes,Yes,Month-to-month,Yes,Credit card (automatic),74.62,2938.22,No
CUST-06106,Female,0,Yes,No,49,Yes,No phone service,Fiber optic,No internet service,No,No internet service,No,Yes,No,Month-to-month,Yes,Electronic check,23.8,1061.5,No
CUST-06107,Female,0,No,No,3,Yes,Yes,Fiber optic,No,No,Yes,No internet service,No internet service,Yes,Month-to-month,Yes,Electronic check,77.88,232.76,No
CUST-06108,Male,0,Yes,No,37,Yes,No,Fiber optic,Yes,No,No internet service,No,No,No,Month-to-month,Yes,Credit card (automatic),77.99,2725.57,No
CUST-06109,Male,0,Yes,No,9,Yes,Yes,DSL,No,No,No,No,Yes,No,One year,No,Credit card (automatic),57.77,478.64,Yes
CUST-06110,Male,0,No,No,19,Yes,No,Fiber optic,No internet service,No,Yes,Yes,Yes,No internet service,Month-to-month,Yes,Electronic check,56.39,977.1,Yes
CUST-06111,Male,0,Yes,Yes,56,Yes,No,DSL,No,No,No,No,No,Yes,Month-to-month,No,Electronic check,46.31,2607.52,No
CUST-06112,Male,0,No,No,27,Yes,Yes,DSL,No internet service,No,No internet service,No internet service,No,No,Two year,No,Credit card (automatic),89.48,2299.74,Yes
CUST-06113,Male,0,No,No,3,Yes,Yes,Fiber optic,Yes,No,No internet service,No internet service,No internet service,Yes,Month-to-month,Yes,Mailed check,29.26,88.76,No
CUST-06114,Female,0,Yes,No,35,Yes,Yes,DSL,Yes,Yes,No,No internet service,No,No internet service,One year,No,Bank transfer (automatic),21.89,712.26,No
CUST-06115,Male,1,Yes,No,53,Yes,Yes,Fiber optic,No,No,No internet service,No,No internet service,No,One year,No,Bank transfer (automatic),22.52,1080.03,No
CUST-06116,Female,1,Yes,No,37,Yes,No phone service,Fiber optic,No,No,No,No,Yes,No,One year,No,Electronic check,61.49,2060.02,No
CUST-06117,Male,0,Yes,No,12,Yes,Yes,Fiber optic,Yes,Yes,No internet service,No,Yes,No,Month-to-month,No,Mailed check,40.19,444.92,No
CUST-06118,Male,0,No,Yes,55,Yes,Yes,No,No internet service,No,No,Yes,No,No internet service,Month-to-month,Yes,Electronic check,23.24,1353.88,No
CUST-06119,Female,0,Yes,No,28,Yes,No phone service,Fiber optic,No,No internet service,Yes,No,No internet service,Yes,Month-to-month,No,Bank transfer (automatic),26.73,740.73,No
CUST-06120,Female,0,No,No,51,Yes,Yes,Fiber optic,No internet service,No,No internet service,Yes,No internet service,No,Month-to-month,No,Electronic check,59.92,3131.62,No
CUST-06121,Female,0,Yes,No,15,Yes,Yes,No,No internet service,Yes,Yes,No internet service,No,No,Month-to-month,No,Bank transfer (automatic),76.32,1230.66,No
CUST-06122,Male,0,Yes,No,65,Yes,Yes,DSL,Yes,Yes,Yes,No,Yes,No internet service,Month-to-month,Yes,Bank transfer (automatic),44.48,2725.02,No
CUST-06123,Female,0,Yes,Yes,10,Yes,No,Fiber optic,No internet service,Yes,Yes,Yes,Yes,No,Month-to-month,No,Electronic check,61.4,659.6,Yes
CUST-06124,Male,0,Yes,Yes,7,Yes,Yes,Fiber optic,No,Yes,No,Yes,No,No,Month-to-month,Yes,Credit card (automatic),95.41,700.68,Yes
CUST-06125,Male,1,No,Yes,27,Yes,Yes,No,No,No,Yes,No,No,No,Month-to-month,Yes,Electronic check,62.5,1764.79,No
CUST-06126,Male,0,Yes,Yes,52,No,No,Fiber optic,Yes,Yes,No,No internet service,No,Yes,One year,No,Mailed check,63.38,3540.13,No
CUST-06127,Male,0,Yes,No,36,Yes,No,DSL,Yes,No,No,No,Yes,No internet service,Month-to-month,Yes,Electronic check,56.95,1896.79,No
CUST-06128,Female,0,Yes,No,6,No,No,DSL,No,No internet service,No,No internet service,No,No,Month-to-month,No,Credit card (automatic),78.66,475.78,No
CUST-06129,Female,0,No,Yes,11,No,No,DSL,Yes,No,No internet service,No,No internet service,No,Two year,Yes,Electronic check,55.67,610.35,Yes
CUST-06130,Male,0,No,No,29,Yes,No,Fiber optic,No,No,No,Yes,No,No internet service,Month-to-month,Yes,Electronic check,66.98,2006.13,No
CUST-06131,Male,0,Yes,No,14,Yes,Yes,Fiber optic,No internet service,No,Yes,No internet service,No,Yes,Month-to-month,Yes,Credit card (automatic),44.9,595.66,No
CUST-06132,Male,0,Yes,Yes,44,Yes,No,Fiber optic,No internet service,No internet service,Yes,Yes,No internet service,No,One year,No,Credit card (automatic),29.33,1194.33,No
CUST-06133,Male,0,No,No,21,Yes,Yes,DSL,No,Yes,No,No,No,Yes,One year,Yes,Bank transfer (automatic),90.18,2073.1,Yes
CUST-06134,Male,1,Yes,No,42,Yes,No phone service,DSL,No,No internet service,No,No,No,No internet service,Month-to-month,Yes,Credit card (automatic),69.76,2909.81,No
CUST-06135,Female,0,No,Yes,15,Yes,No,DSL,Yes,No,No,No,No,Yes,Month-to-month,No,Electronic check,71.82,1019.56,No
CUST-06136,Female,1,No,No,13,Yes,Yes,Fiber optic,No,No,Yes,No,No internet service,No,Month-to-month,Yes,Electronic check,75.31,906.32,No
CUST-06137,Male,0,No,No,27,Yes,Yes,Fiber optic,Yes,No internet service,No,Yes,Yes,Yes,One year,No,Electronic check,64.69,1779.33,No
CUST-06138,Male,1,No,No,42,Yes,No phone service,Fiber optic,No,No internet service,No,Yes,No,No internet service,Two year,No,Mailed check,51.66,2016.87,No
CUST-06139,Male,0,No,Yes,29,Yes,Yes,No,Yes,No internet service,No,No,Yes,No,Month-to-month,Yes,Bank transfer (automatic),76.32,2072.98,No
CUST-06140,Male,0,Yes,No,12,Yes,Yes,Fiber optic,Yes,No,No,No internet service,No,Yes,Two year,Yes,Mailed check,56.27,736.3,Yes
CUST-06141,Male,1,Yes,Yes,25,Yes,No,Fiber optic,Yes,No internet service,No,No internet service,No,No,One year,No,Electronic check,24.64,557.99,No
CUST-06142,Female,0,No,No,25,Yes,No phone service,No,Yes,No,Yes,No,No internet service,Yes,Two year,Yes,Credit card (automatic),45.9,1075.63,No
CUST-06143,Female,1,No,Yes,21,Yes,No,Fiber optic,Yes,Yes,No,Yes,Yes,No,One year,No,Mailed check,76.1,1652.83,Yes
CUST-06144,Male,0,No,Yes,7,Yes,No,Fiber optic,No,Yes,No internet service,No internet service,Yes,Yes,One year,No,Electronic check,75.88,501.09,Yes
CUST-06145,Male,0,No,No,42,Yes,No,Fiber optic,No,No,No internet service,No,No,No internet service,One year,Yes,Electronic check,68.93,2710.9,No
CUST-06146,Female,0,No,No,30,Yes,Yes,Fiber optic,No internet service,No,No internet service,Yes,Yes,No internet service,Month-to-month,No,Mailed check,21.61,655.63,No
CUST-06147,Female,0,Yes,No,54,Yes,No,No,Yes,No internet service,No internet service,No internet service,Yes,Yes,Two year,Yes,Mailed check,68.12,3822.64,No
CUST-06148,Female,0,Yes,Yes,38,Yes,Yes,Fiber optic,Yes,Yes,No,Yes,No internet service,No,One year,No,Bank transfer (automatic),56.01,2098.85,No
CUST-06149,Female,0,No,No,68,Yes,No,No,No,Yes,No,Yes,Yes,Yes,One year,Yes,Mailed check,77.18,5543.49,No
CUST-06150,Male,0,Yes,No,27,No,No,Fiber optic,No,No,Yes,No,No,No,One year,No,Credit card (automatic),67.92,1949.45,Yes
CUST-06151,Female,0,No,No,16,Yes,Yes,DSL,No internet service,No,No internet service,Yes,No,No,Month-to-month,No,Bank transfer (automatic),57.02,934.78,No
CUST-06152,Male,0,No,Yes,40,Yes,Yes,No,No,No,Yes,No,No,No,Two year,Yes,Bank transfer (automatic),65.99,2680.68,No
CUST-06153,Male,0,Yes,No,55,Yes,No,DSL,No internet service,No,No,No internet service,No,No internet service,Two year,Yes,Credit card (automatic),50.98,2981.28,No
CUST-06154,Male,0,No,No,16,Yes,No phone service,No,Yes,Yes,No,No,No internet service,No,Month-to-month,Yes,Credit card (automatic),29.35,424.05,No
CUST-06155,Male,0,Yes,Yes,15,Yes,Yes,No,No internet service,Yes,No,No internet service,Yes,Yes,Month-to-month,No,Bank transfer (automatic),22.99,345.58,No
CUST-06156,Female,0,No,Yes,43,Yes,Yes,Fiber optic,No,No,No,No,No internet service,No,Month-to-month,Yes,Electronic check,26.68,1062.05,No
CUST-06157,Female,1,Yes,No,8,Yes,Yes,No,No internet service,Yes,No,Yes,Yes,No,Month-to-month,Yes,Electronic check,77.09,582.38,Yes
CUST-06158,Male,0,No,Yes,2,Yes,Yes,No,Yes,Yes,No internet service,No internet service,No,Yes,Month-to-month,No,Electronic check,78.83,171.82,Yes
CUST-06159,Female,0,No,No,36,Yes,Yes,Fiber optic,Yes,Yes,No,No internet service,Yes,Yes,Month-to-month,Yes,Electronic check,54.23,1758.5,No
CUST-06160,Female,1,No,Yes,47,Yes,No,No,No,No internet service,No internet service,No,Yes,No,Two year,No,Credit card (automatic),62.77,2836.32,No
CUST-06161,Male,1,Yes,Yes,48,Yes,No,Fiber optic,Yes,No,Yes,No,No,Yes,Month-to-month,No,Bank transfer (automatic),22.34,998.19,No
CUST-06162,Male,0,Yes,Yes,11,Yes,Yes,DSL,No,Yes,No internet service,Yes,Yes,No,Two year,Yes,Electronic check,28.18,314.35,No
CUST-06163,Male,0,No,No,29,Yes,No,Fiber optic,Yes,No,No internet service,Yes,Yes,Yes,Month-to-month,No,Mailed check,65.67,2035.55,No
CUST-06164,Female,0,Yes,Yes,71,No,No,No,No,No,No internet service,Yes,Yes,Yes,One year,Yes,Mailed check,66.87,4644.16,No
CUST-06165,Female,0,No,Yes,23,Yes,Yes,Fiber optic,No,No internet service,No,No,No,Yes,Month-to-month,Yes,Mailed check,75.2,1846.24,Yes
CUST-06166,Male,0,No,Yes,55,Yes,No,Fiber optic,No,No internet service,No,Yes,No internet service,No internet service,Month-to-month,Yes,Mailed check,64.73,3517.6,No
CUST-06167,Female,0,Yes,Yes,10,Yes,No,Fiber optic,No,No,No,No,Yes,No,One year,No,Bank transfer (automatic),71.97,778.58,Yes
CUST-06168,Male,0,Yes,Yes,30,Yes,No,Fiber optic,No,No,Yes,No,No,Yes,Month-to-month,No,Credit card (automatic),76.65,2459.06,No
CUST-06169,Female,0,No,No,4,Yes,No,DSL,No,No,No internet service,No,No,Yes,One year,No,Credit card (automatic),58.67,219.61,No
CUST-06170,Female,0,No,No,9,Yes,No,No,No,Yes,Yes,No,Yes,Yes,Month-to-month,No,Credit card (automatic),85.58,829.54,Yes
CUST-06171,Female,0,No,Yes,62,Yes,Yes,Fiber optic,No,No,Yes,Yes,No internet service,No,Month-to-month,No,Electronic check,20.85,1213.22,No
CUST-06172,Male,1,Yes,No,28,Yes,No,No,No,Yes,No,No internet service,No,No,Month-to-month,No,Credit card (automatic),57.9,1618.09,No
CUST-06173,Male,0,No,No,9,Yes,Yes,Fiber optic,No,No,Yes,No,Yes,No,Month-to-month,Yes,Bank transfer (automatic),61.47,519.59,Yes
CUST-06174,Female,0,Yes,No,52,Yes,No,DSL,No,No,No,No,No,No,Month-to-month,Yes,Credit card (automatic),28.82,1464.61,No
CUST-06175,Female,0,Yes,No,54,Yes,No,DSL,No,Yes,No internet service,No internet service,No,No internet service,Two year,Yes,Mailed check,32.92,1950.33,No
CUST-06176,Male,1,No,Yes,47,Yes,Yes,Fiber optic,No,No,Yes,Yes,Yes,Yes,Two year,Yes,Bank transfer (automatic),76.19,3770.82,No
CUST-06177,Female,0,No,No,58,Yes,No phone service,Fiber optic,No,No internet service,Yes,No internet service,Yes,No internet service,Month-to-month,Yes,Credit card (automatic),23.97,1405.3,No
CUST-06178,Male,0,Yes,Yes,50,Yes,No,No,Yes,No,No,No,Yes,No,Month-to-month,No,Electronic check,67.25,3655.36,No
CUST-06179,Male,0,Yes,No,17,Yes,Yes,No,Yes,No internet service,Yes,Yes,Yes,Yes,Month-to-month,Yes,Mailed check,62.95,1040.12,Yes
CUST-06180,Male,0,No,No,64,Yes,No,Fiber optic,No internet service,No internet service,No,No,No internet service,No internet service,One year,No,Bank transfer (automatic),61.3,3666.78,No
CUST-06181,Male,0,No,No,24,Yes,No phone service,No,No internet service,Yes,No internet service,No,No,No internet service,Month-to-month,No,Mailed check,23.68,605.71,No
CUST-06182,Female,0,Yes,No,33,Yes,No,No,No internet service,No,No,No,No,Yes,One year,Yes,Credit card (automatic),70.75,2106.96,No
CUST-06183,Male,0,Yes,No,6,Yes,No,DSL,No,No internet service,Yes,No internet service,No,No,One year,Yes,Bank transfer (automatic),97.36,619.75,Yes
CUST-06184,Female,0,No,No,5,Yes,Yes,DSL,Yes,Yes,No,No,Yes,No,Two year,Yes,Credit card (automatic),72.1,326.03,Yes
CUST-06185,Male,0,No,No,34,Yes,No,Fiber optic,No internet service,No,Yes,No,Yes,No internet service,Month-to-month,Yes,Credit card (automatic),57.78,1879.8,No
CUST-06186,Female,0,Yes,No,26,Yes,No phone service,DSL,No,No,Yes,Yes,Yes,Yes,Month-to-month,No,Bank transfer (automatic),75.78,1913.34,Yes
CUST-06187,Female,0,No,No,3,Yes,Yes,DSL,No internet service,No,No internet service,No,No,Yes,Month-to-month,Yes,Bank transfer (automatic),75.23,217.5,Yes
CUST-06188,Female,0,Yes,Yes,18,Yes,No,Fiber optic,No,Yes,No internet service,No,Yes,Yes,Month-to-month,No,Credit card (automatic),92.08,1572.39,Yes
CUST-06189,Male,0,Yes,No,9,No,Yes,No,No,Yes,No,Yes,No,Yes,Two year,Yes,Credit card (automatic),51.3,425.52,No
CUST-06190,Female,0,Yes,Yes,7,Yes,No,No,No,No internet service,No,No,No,No,Month-to-month,Yes,Bank transfer (automatic),93.92,592.11,Yes
CUST-06191,Female,0,No,No,30,Yes,No,DSL,No,Yes,No,Yes,No internet service,Yes,Two year,Yes,Bank transfer (automatic),46.29,1465.0,No
CUST-06192,Female,0,Yes,No,56,Yes,Yes,No,Yes,Yes,No,No,Yes,No internet service,Month-to-month,Yes,Bank transfer (automatic),71.45,3966.72,No
CUST-06193,Male,1,No,No,17,Yes,No phone service,DSL,No internet service,No internet service,No,Yes,No internet service,No internet service,Two year,No,Bank transfer (automatic),95.81,1518.65,Yes
CUST-06194,Female,0,No,Yes,1,Yes,Yes,No,No,Yes,Yes,No,No,No,Month-to-month,Yes,Electronic check,25.31,23.19,No
CUST-06195,Male,0,Yes,Yes,26,Yes,Yes,Fiber optic,No,No,Yes,No,No,No,Month-to-month,No,Electronic check,99.0,2459.94,Yes
CUST-06196,Female,0,Yes,No,7,Yes,No,DSL,No,No internet service,Yes,Yes,Yes,No,One year,No,Credit card (automatic),97.14,660.18,Yes
CUST-06197,Female,0,Yes,No,27,Yes,No,No,Yes,No internet service,No,No,No,No,Two year,Yes,Credit card (automatic),41.08,1100.6,No
CUST-06198,Female,0,Yes,No,22,Yes,No,DSL,No,No internet service,Yes,No internet service,Yes,No,One year,No,Electronic check,67.61,1368.74,No
CUST-06199,Male,1,Yes,No,12,Yes,No,DSL,No,No internet service,No,No internet service,Yes,Yes,Month-to-month,Yes,Bank transfer (automatic),33.48,440.32,No
CUST-06200,Female,0,No,Yes,68,Yes,No,DSL,No internet service,Yes,No,No,No,No internet service,Month-to-month,No,Mailed check,21.82,1415.14,No
CUST-06201,Female,0,No,Yes,26,Yes,No,Fiber optic,No internet service,No internet service,No,No,Yes,No,Month-to-month,No,Electronic check,87.94,2259.6,Yes
CUST-06202,Male,0,No,No,37,Yes,Yes,DSL,No,No,No,No internet service,No,No,Two year,Yes,Credit card (automatic),49.04,1890.33,No
CUST-06203,Male,0,Yes,No,59,Yes,Yes,No,No,Yes,No,No internet service,Yes,No internet service,Month-to-month,No,Mailed check,23.47,1332.16,No
CUST-06204,Male,0,No,No,26,Yes,No,Fiber optic,No,No internet service,No,No,No,No internet service,Two year,No,Bank transfer (automatic),29.6,705.34,No
CUST-06205,Female,1,Yes,Yes,67,Yes,No,Fiber optic,No,Yes,No internet service,Yes,No,No,Month-to-month,Yes,Credit card (automatic),77.03,5033.57,No
CUST-06206,Male,0,No,No,29,Yes,No phone service,DSL,No,Yes,No,No,No,Yes,Month-to-month,Yes,Bank transfer (automatic),49.63,1454.49,No
CUST-06207,Female,0,Yes,Yes,10,Yes,Yes,DSL,No,Yes,No,No,No,No,Two year,Yes,Electronic check,82.4,880.32,Yes
CUST-06208,Male,0,No,No,33,Yes,No,Fiber optic,No,No,Yes,No internet service,No internet service,No,Month-to-month,Yes,Electronic check,32.4,1040.96,No
CUST-06209,Male,0,Yes,No,2,Yes,Yes,Fiber optic,No internet service,No,No,No,No,Yes,Month-to-month,No,Bank transfer (automatic),25.31,54.56,No
CUST-06210,Female,0,Yes,No,17,Yes,No phone service,Fiber optic,Yes,Yes,No,No,Yes,No,One year,Yes,Mailed check,66.08,1133.71,Yes
CUST-06211,Male,0,No,No,62,Yes,Yes,Fiber optic,Yes,No internet service,Yes,Yes,Yes,Yes,Month-to-month,No,Credit card (automatic),40.93,2648.04,No
CUST-06212,Male,0,No,No,6,Yes,No,DSL,No,No internet service,No,No,No,Yes,Month-to-month,Yes,Credit card (automatic),69.55,378.09,Yes
CUST-06213,Female,0,Yes,No,9,Yes,No,Fiber optic,No,Yes,No,Yes,Yes,No,Month-to-month,Yes,Bank transfer (automatic),79.53,772.42,No
CUST-06214,Male,1,Yes,Yes,60,Yes,No phone service,Fiber optic,No internet service,No,No,No,No,Yes,Month-to-month,Yes,Credit card (automatic),38.99,2205.33,No
CUST-06215,Male,0,Yes,Yes,25,Yes,Yes,DSL,No,No internet service,Yes,No,Yes,No,One year,Yes,Credit card (automatic),48.39,1167.62,No
CUST-06216,Male,0,No,No,27,Yes,No,Fiber optic,No,Yes,No,No,Yes,Yes,One year,No,Credit card (automatic),86.16,2337.33,Yes
CUST-06217,Male,0,No,No,69,No,No,No,No internet service,Yes,No,Yes,Yes,Yes,Month-to-month,Yes,Bank transfer (automatic),25.34,1909.26,No
CUST-06218,Male,0,Yes,No,15,Yes,No,DSL,No,No,No internet service,No,No,Yes,Month-to-month,Yes,Electronic check,62.99,915.69,No
CUST-06219,Female,0,Yes,No,27,Yes,Yes,DSL,Yes,Yes,No,No internet service,No internet service,No,Month-to-month,No,Electronic check,47.1,1200.61,No
CUST-06220,Female,0,Yes,No,20,Yes,No,Fiber optic,No internet service,Yes,Yes,Yes,Yes,No,Month-to-month,Yes,Electronic check,30.5,666.21,No
CUST-06221,Male,0,No,No,22,Yes,No,Fiber optic,Yes,No internet service,No internet service,Yes,No,Yes,Month-to-month,Yes,Electronic check,45.83,1070.46,No
CUST-06222,Female,0,No,No,43,No,No,Fiber optic,No internet service,Yes,No internet service,No,No,No,Month-to-month,No,Bank transfer (automatic),47.64,2115.47,No
CUST-06223,Female,0,No,No,30,Yes,No,DSL,Yes,No,No,Yes,No internet service,Yes,One year,No,Electronic check,58.44,1721.51,No
CUST-06224,Male,0,Yes,No,47,Yes,Yes,Fiber optic,No,Yes,No internet service,No,Yes,No,Month-to-month,No,Credit card (automatic),76.23,3525.81,No
CUST-06225,Male,0,Yes,Yes,48,No,No phone service,Fiber optic,No internet service,No,No,Yes,Yes,No,Month-to-month,Yes,Bank transfer (automatic),65.9,3448.31,No
CUST-06226,Male,0,Yes,No,5,Yes,No,Fiber optic,Yes,Yes,No,No internet service,Yes,No,Month-to-month,Yes,Electronic check,84.48,385.99,Yes
CUST-06227,Female,0,Yes,Yes,4,Yes,Yes,DSL,No,Yes,Yes,No,No internet service,Yes,Month-to-month,No,Mailed check,78.18,328.83,No
CUST-06228,Female,0,No,Yes,25,Yes,Yes,No,No,No,Yes,No,No internet service,Yes,Two year,No,Electronic check,80.03,2041.23,Yes
CUST-06229,Female,0,No,No,28,Yes,Yes,DSL,No,No,No,No internet service,Yes,Yes,Month-to-month,Yes,Electronic check,67.5,2067.07,Yes
CUST-06230,Male,0,No,Yes,15,Yes,No phone service,No,No,Yes,No,No,No internet service,No,Month-to-month,Yes,Mailed check,27.0,409.73,No
CUST-06231,Female,0,No,No,43,Yes,Yes,DSL,No,No internet service,Yes,Yes,Yes,Yes,Two year,Yes,Mailed check,33.08,1360.01,No
CUST-06232,Female,0,No,No,7,Yes,Yes,DSL,No,No internet service,Yes,No internet service,No internet service,No,Month-to-month,Yes,Bank transfer (automatic),90.16,666.45,Yes
CUST-06233,Female,0,Yes,Yes,14,Yes,No,DSL,No,No,No,Yes,No,No internet service,Month-to-month,No,Electronic check,49.13,754.63,No
CUST-06234,Female,0,No,Yes,22,Yes,No,No,No,Yes,No,No internet service,No internet service,No internet service,Two year,Yes,Bank transfer (automatic),40.44,962.18,No
CUST-06235,Male,0,Yes,No,16,No,No,Fiber optic,Yes,No internet service,Yes,Yes,No,Yes,Month-to-month,No,Bank transfer (automatic),66.69,1023.24,Yes
CUST-06236,Male,0,Yes,No,61,Yes,Yes,Fiber optic,Yes,No,No,Yes,Yes,Yes,Month-to-month,No,Mailed check,48.36,2859.31,No
CUST-06237,Male,1,Yes,No,71,Yes,Yes,No,Yes,No,Yes,No,No,No internet service,One year,No,Credit card (automatic),32.73,2442.26,No
CUST-06238,Male,0,No,Yes,52,Yes,Yes,DSL,No internet service,No,Yes,No,No,No,Two year,Yes,Credit card (automatic),78.24,4148.38,No
CUST-06239,Female,0,Yes,No,64,Yes,Yes,Fiber optic,No,No,No,No,No,No,Month-to-month,No,Bank transfer (automatic),50.83,2935.36,No
CUST-06240,Female,0,Yes,No,38,Yes,No,DSL,No,No,Yes,No internet service,Yes,No,One year,Yes,Electronic check,24.38,860.08,No
CUST-06241,Female,0,Yes,No,29,Yes,No phone service,Fiber optic,No,No,No,Yes,No,Yes,Two year,Yes,Credit card (automatic),24.85,660.91,No
CUST-06242,Male,0,Yes,Yes,59,Yes,No,DSL,No,No internet service,Yes,Yes,Yes,Yes,Month-to-month,Yes,Mailed check,60.52,3341.25,No
CUST-06243,Female,0,No,No,22,Yes,Yes,DSL,No,No,No internet service,Yes,Yes,No,Two year,No,Credit card (automatic),49.69,1050.53,No
CUST-06244,Female,1,No,No,58,Yes,Yes,DSL,No,No,Yes,Yes,Yes,Yes,Month-to-month,No,Bank transfer (automatic),57.45,3643.45,No
CUST-06245,Female,1,Yes,Yes,71,Yes,No phone service,Fiber optic,Yes,Yes,No,Yes,Yes,No,Month-to-month,No,Electronic check,70.98,5217.45,No
CUST-06246,Female,0,No,No,28,Yes,Yes,DSL,No internet service,No,No,Yes,Yes,No internet service,One year,No,Credit card (automatic),60.88,1552.85,No
CUST-06247,Male,1,No,Yes,45,Yes,Yes,DSL,Yes,Yes,No internet service,Yes,Yes,No internet service,Month-to-month,Yes,Electronic check,71.71,3296.24,No
CUST-06248,Male,0,Yes,No,56,Yes,No,Fiber optic,No,No,Yes,Yes,Yes,Yes,Month-to-month,No,Credit card (automatic),64.56,3569.56,No
CUST-06249,Female,0,Yes,No,56,No,No,DSL,No,No,No,No,Yes,No internet service,Month-to-month,No,Bank transfer (automatic),60.46,3557.78,No
CUST-06250,Male,0,Yes,Yes,15,No,Yes,DSL,No,No,Yes,Yes,Yes,Yes,Two year,Yes,Mailed check,28.08,453.54,No
CUST-06251,Female,1,Yes,No,69,Yes,Yes,Fiber optic,No,Yes,No,No internet service,Yes,No,Month-to-month,Yes,Electronic check,48.97,3085.11,No
CUST-06252,Female,1,No,No,36,No,No,No,No,Yes,Yes,No,Yes,Yes,Two year,No,Credit card (automatic),45.99,1814.56,No
CUST-06253,Male,0,No,No,3,Yes,Yes,No,No,Yes,Yes,No,Yes,Yes,Month-to-month,No,Credit card (automatic),52.44,143.41,No
CUST-06254,Female,0,Yes,Yes,9,Yes,No,No,Yes,No,No,No internet service,No,No,Month-to-month,Yes,Credit card (automatic),43.47,409.41,No
CUST-06255,Male,0,No,No,1,Yes,No,Fiber optic,Yes,Yes,Yes,No,Yes,Yes,Month-to-month,No,Credit card (automatic),69.34,74.93,Yes
CUST-06256,Male,0,Yes,No,16,Yes,Yes,DSL,No,No,Yes,Yes,No,No internet service,Month-to-month,Yes,Mailed check,55.18,927.33,Yes
CUST-06257,Male,0,Yes,Yes,12,No,Yes,Fiber optic,No,No internet service,Yes,No,Yes,Yes,Two year,Yes,Credit card (automatic),55.91,624.06,Yes
CUST-06258,Female,0,Yes,No,37,Yes,Yes,No,No internet service,Yes,No internet service,No internet service,No,No internet service,One year,Yes,Bank transfer (automatic),43.69,1522.12,No
CUST-06259,Male,0,Yes,Yes,43,Yes,No,DSL,Yes,No,No,No internet service,Yes,No,Two year,Yes,Bank transfer (automatic),74.11,2894.3,No
CUST-06260,Male,0,Yes,No,6,Yes,No,No,No,No,No,No,No,No,Two year,Yes,Electronic check,42.4,235.63,No
CUST-06261,Female,0,Yes,No,25,Yes,Yes,No,No,Yes,No internet service,No,No internet service,Yes,One year,Yes,Bank transfer (automatic),63.86,1456.33,No
CUST-06262,Male,0,Yes,No,33,Yes,No phone service,Fiber optic,No,No,No,No,No internet service,No internet service,Two year,No,Electronic check,56.82,1707.67,No
CUST-06263,Male,1,No,No,56,Yes,Yes,Fiber optic,No,No,Yes,No,Yes,No,Month-to-month,Yes,Electronic check,43.13,2445.28,No
CUST-06264,Male,0,No,No,47,Yes,No,Fiber optic,Yes,No internet service,Yes,No,No,Yes,Month-to-month,Yes,Electronic check,68.46,2945.22,No
CUST-06265,Female,0,No,Yes,19,Yes,No phone service,No,Yes,Yes,No,No internet service,No,Yes,One year,No,Electronic check,61.56,1152.11,Yes
CUST-06266,Female,0,Yes,No,44,Yes,No,DSL,No,Yes,No internet service,No,No internet service,No internet service,Month-to-month,Yes,Electronic check,65.63,3008.81,No
CUST-06267,Female,1,Yes,No,65,Yes,No,DSL,No internet service,No internet service,No,No internet service,Yes,No,One year,Yes,Mailed check,76.92,4514.95,No
CUST-06268,Male,1,Yes,No,6,Yes,No,Fiber optic,Yes,No internet service,Yes,No,No internet service,No,Month-to-month,Yes,Bank transfer (automatic),78.49,484.02,Yes
CUST-06269,Female,0,No,No,71,Yes,No,Fiber optic,No,Yes,No internet service,No internet service,Yes,Yes,Two year,Yes,Bank transfer (automatic),74.82,5585.46,No
CUST-06270,Female,0,Yes,No,29,Yes,Yes,DSL,No,Yes,No,No internet service,Yes,Yes,Two year,No,Electronic check,70.64,2063.58,Yes
CUST-06271,Female,0,No,No,45,Yes,No,Fiber optic,No,No,Yes,Yes,No,Yes,One year,Yes,Mailed check,65.74,2943.86,No
CUST-06272,Male,0,Yes,No,25,Yes,Yes,Fiber optic,No internet service,No,Yes,No internet service,No internet service,Yes,Month-to-month,No,Bank transfer (automatic),70.11,1833.67,No
CUST-06273,Female,0,No,No,52,Yes,No,DSL,No,No,No internet service,No,No internet service,No,Month-to-month,Yes,Bank transfer (automatic),63.81,3337.85,No
CUST-06274,Male,0,Yes,No,60,Yes,No,Fiber optic,No internet service,Yes,No internet service,Yes,No internet service,No internet service,Month-to-month,Yes,Electronic check,50.74,3050.05,No
CUST-06275,Male,1,Yes,No,27,Yes,Yes,Fiber optic,No,No,No internet service,No,Yes,No,Month-to-month,Yes,Electronic check,55.95,1601.84,Yes
CUST-06276,Female,0,Yes,No,25,Yes,Yes,DSL,Yes,Yes,No internet service,No,No,No internet service,Two year,Yes,Mailed check,79.33,2117.14,Yes
CUST-06277,Female,0,No,No,27,Yes,No,DSL,Yes,No,Yes,Yes,Yes,No,Month-to-month,No,Electronic check,85.43,2245.91,Yes
CUST-06278,Female,0,Yes,No,22,Yes,No,DSL,No,No,No,No internet service,No,Yes,Two year,Yes,Credit card (automatic),39.49,854.09,No
CUST-06279,Female,0,No,Yes,34,Yes,Yes,DSL,No,No internet service,No,No internet service,No,Yes,Month-to-month,No,Electronic check,64.38,2320.59,No
CUST-06280,Male,0,Yes,No,52,No,No,DSL,No,No,No internet service,No internet service,No,No,Month-to-month,Yes,Mailed check,50.31,2639.6,No
CUST-06281,Female,0,Yes,No,12,Yes,No,Fiber optic,No,Yes,No internet service,Yes,Yes,No internet service,Month-to-month,Yes,Bank transfer (automatic),41.19,512.75,No
CUST-06282,Male,1,No,No,41,Yes,No,No,No,No internet service,No,No,No,No internet service,Two year,No,Mailed check,28.83,1081.6,No
CUST-06283,Female,0,No,Yes,7,Yes,No,DSL,No,No,No internet service,No internet service,No internet service,Yes,Month-to-month,Yes,Electronic check,69.05,444.23,Yes
CUST-06284,Male,1,Yes,No,14,Yes,Yes,No,Yes,No internet service,No,No,No internet service,No,Month-to-month,Yes,Electronic check,82.37,1160.51,Yes
CUST-06285,Male,0,No,No,13,Yes,No,Fiber optic,No internet service,No internet service,Yes,No internet service,No internet service,Yes,Two year,Yes,Electronic check,82.07,1135.03,Yes
CUST-06286,Female,0,No,No,7,Yes,No,Fiber optic,No,No,Yes,Yes,No,Yes,Month-to-month,Yes,Electronic check,21.99,148.28,No
CUST-06287,Female,0,No,No,3,Yes,No,Fiber optic,No,Yes,No internet service,No,No,No,Month-to-month,Yes,Electronic check,39.78,130.33,No
CUST-06288,Female,0,No,No,10,Yes,No,No,No,Yes,No internet service,No internet service,No,Yes,Month-to-month,Yes,Credit card (automatic),68.83,724.14,Yes
CUST-06289,Female,1,Yes,Yes,40,Yes,Yes,Fiber optic,Yes,No,No,No,Yes,No,One year,No,Credit card (automatic),34.06,1439.16,No
CUST-06290,Female,0,Yes,No,5,Yes,No,Fiber optic,No,No,No,Yes,No,No internet service,One year,Yes,Credit card (automatic),92.44,493.08,Yes
CUST-06291,Male,0,Yes,No,18,Yes,No,Fiber optic,Yes,Yes,No,No internet service,Yes,Yes,Month-to-month,Yes,Credit card (automatic),62.3,1066.34,No
CUST-06292,Female,0,Yes,Yes,22,Yes,Yes,No,Yes,No,No internet service,No,No,Yes,Two year,No,Credit card (automatic),64.78,1376.8,No
CUST-06293,Female,0,No,No,30,Yes,Yes,No,Yes,Yes,Yes,No,No internet service,Yes,Two year,No,Bank transfer (automatic),77.53,2148.4,No
CUST-06294,Male,0,Yes,No,4,Yes,No,DSL,No,Yes,Yes,No,Yes,Yes,Month-to-month,No,Bank transfer (automatic),27.09,105.77,No
CUST-06295,Female,0,No,No,54,Yes,No phone service,DSL,Yes,Yes,No,No internet service,No internet service,No,One year,No,Electronic check,38.7,1895.8,No
CUST-06296,Male,0,No,No,27,Yes,No,No,No internet service,Yes,Yes,No internet service,Yes,No,One year,Yes,Electronic check,92.64,2627.09,Yes
CUST-06297,Female,0,Yes,No,48,Yes,No,Fiber optic,Yes,Yes,No,No internet service,No,No,Month-to-month,Yes,Mailed check,56.8,2891.38,No
CUST-06298,Male,0,No,No,29,Yes,No,DSL,No internet service,No,No internet service,No,Yes,Yes,Month-to-month,Yes,Bank transfer (automatic),75.57,2066.01,Yes
CUST-06299,Female,0,No,No,71,Yes,Yes,DSL,No,No internet service,Yes,No,No,No,Month-to-month,Yes,Bank transfer (automatic),32.32,2290.08,No
CUST-06300,Male,0,Yes,No,50,Yes,Yes,Fiber optic,No,No internet service,No,Yes,No,No,One year,No,Mailed check,55.22,2855.97,No
CUST-06301,Female,0,No,No,34,Yes,Yes,No,No internet service,No,No internet service,No,No internet service,No internet service,One year,Yes,Credit card (automatic),41.52,1480.16,No
CUST-06302,Female,0,Yes,No,50,No,No phone service,DSL,No,No internet service,No,No internet service,Yes,Yes,One year,No,Electronic check,52.66,2880.21,No
CUST-06303,Female,0,No,No,9,Yes,Yes,DSL,No,Yes,Yes,No internet service,Yes,No internet service,Month-to-month,Yes,Electronic check,58.41,494.22,No
CUST-06304,Male,0,Yes,Yes,13,Yes,No phone service,DSL,No,No,No,No,No,Yes,Month-to-month,Yes,Bank transfer (automatic),70.34,868.1,No
CUST-06305,Male,0,Yes,No,19,Yes,Yes,No,No internet service,No,No,Yes,No internet service,Yes,One year,Yes,Mailed check,64.37,1309.59,Yes
CUST-06306,Female,0,No,Yes,61,Yes,No,No,Yes,No,Yes,No,Yes,No,Month-to-month,Yes,Credit card (automatic),36.73,2060.04,No
CUST-06307,Male,0,No,Yes,59,Yes,Yes,Fiber optic,No,Yes,No,No internet service,Yes,Yes,Two year,No,Mailed check,52.33,3264.0,No
CUST-06308,Female,0,No,No,27,Yes,No,Fiber optic,No,Yes,No,No,No internet service,Yes,One year,No,Electronic check,24.18,604.98,No
CUST-06309,Male,0,Yes,Yes,21,Yes,Yes,Fiber optic,No internet service,Yes,No internet service,Yes,Yes,No,Month-to-month,Yes,Bank transfer (automatic),22.51,469.35,No
CUST-06310,Female,0,Yes,Yes,4,Yes,No phone service,Fiber optic,Yes,No internet service,No internet service,No,No internet service,No internet service,Month-to-month,Yes,Electronic check,83.04,338.29,Yes
CUST-06311,Female,0,Yes,Yes,41,No,Yes,No,No,No internet service,No,No,No,No internet service,Two year,Yes,Bank transfer (automatic),33.08,1428.94,No
CUST-06312,Female,0,Yes,No,9,Yes,No,Fiber optic,No,Yes,No,No,No,No,One year,No,Mailed check,20.43,169.69,No
CUST-06313,Female,0,Yes,No,16,Yes,No phone service,Fiber optic,No,No,Yes,No,No internet service,No,One year,No,Bank transfer (automatic),60.76,1035.17,No
CUST-06314,Male,0,No,No,60,Yes,Yes,No,Yes,No internet service,No,No,No internet service,No,Month-to-month,Yes,Credit card (automatic),68.97,4428.34,No
CUST-06315,Female,0,No,No,64,Yes,Yes,DSL,No internet service,Yes,Yes,No,Yes,Yes,Two year,No,Electronic check,28.87,1956.14,No
CUST-06316,Female,0,No,No,65,Yes,Yes,Fiber optic,Yes,No,Yes,No,Yes,No,Month-to-month,Yes,Bank transfer (automatic),53.83,3804.98,No
CUST-06317,Male,1,No,No,7,No,No phone service,No,No internet service,Yes,No,Yes,No,No internet service,Month-to-month,Yes,Credit card (automatic),66.99,503.84,Yes
CUST-06318,Male,0,Yes,No,3,Yes,Yes,DSL,No,Yes,Yes,No internet service,No,No,Month-to-month,No,Bank transfer (automatic),85.89,271.48,Yes
CUST-06319,Male,0,Yes,No,8,Yes,Yes,Fiber optic,No internet service,No,No internet service,Yes,No,Yes,Month-to-month,Yes,Mailed check,63.85,518.9,No
CUST-06320,Male,0,No,No,58,Yes,No phone service,Fiber optic,Yes,Yes,Yes,Yes,No,No,Two year,No,Electronic check,29.73,1830.77,No
CUST-06321,Female,0,No,No,63,Yes,No,No,No internet service,No internet service,No internet service,Yes,No,No,One year,Yes,Credit card (automatic),75.93,5238.35,No
CUST-06322,Male,0,No,No,26,Yes,No,Fiber optic,No,No internet service,No internet service,Yes,No internet service,No,Month-to-month,Yes,Bank transfer (automatic),20.03,535.08,No
CUST-06323,Male,0,Yes,No,14,Yes,Yes,Fiber optic,Yes,Yes,No internet service,No,No,No internet service,Month-to-month,No,Electronic check,37.68,500.36,No
CUST-06324,Male,0,Yes,No,51,Yes,No,Fiber optic,No internet service,Yes,No,Yes,No internet service,No internet service,Month-to-month,Yes,Bank transfer (automatic),78.59,3805.96,No
CUST-06325,Male,1,Yes,Yes,13,Yes,No,Fiber optic,Yes,Yes,Yes,No,Yes,Yes,Month-to-month,Yes,Bank transfer (automatic),85.03,1170.83,Yes
CUST-06326,Male,0,Yes,No,23,Yes,Yes,DSL,Yes,No,No,No,No,Yes,Two year,Yes,Bank transfer (automatic),59.39,1499.68,Yes
CUST-06327,Female,0,No,No,24,Yes,Yes,DSL,Yes,Yes,No internet service,No,Yes,No internet service,Month-to-month,Yes,Credit card (automatic),67.48,1525.69,No
CUST-06328,Male,0,Yes,No,31,Yes,No,DSL,No,No,Yes,Yes,No internet service,Yes,One year,Yes,Mailed check,73.89,2505.94,No
CUST-06329,Female,0,Yes,Yes,59,Yes,Yes,No,No,No,Yes,No internet service,No,Yes,One year,Yes,Electronic check,49.24,2770.53,No
CUST-06330,Male,0,Yes,No,71,Yes,Yes,No,No,Yes,No,No,No,Yes,Two year,Yes,Bank transfer (automatic),29.36,2048.21,No
CUST-06331,Male,0,Yes,No,23,Yes,No,DSL,No,No,No,No internet service,No,No,Month-to-month,Yes,Mailed check,83.57,2079.01,Yes
CUST-06332,Female,0,Yes,No,21,Yes,Yes,DSL,No internet service,No,Yes,No,No internet service,No,Month-to-month,Yes,Mailed check,76.59,1756.95,No
CUST-06333,Male,1,No,No,60,Yes,Yes,Fiber optic,No,No,Yes,No internet service,Yes,Yes,Two year,No,Electronic check,29.67,1804.04,No
CUST-06334,Female,0,No,Yes,30,Yes,No,Fiber optic,No internet service,No internet service,No internet service,No internet service,No,No,Month-to-month,No,Credit card (automatic),38.71,1265.84,No
CUST-06335,Female,0,No,No,15,Yes,No,DSL,Yes,Yes,Yes,No,No internet service,No,Month-to-month,No,Electronic check,28.73,460.46,No
CUST-06336,Female,0,No,Yes,65,No,No,DSL,No,No,Yes,No,No,No,Two year,Yes,Bank transfer (automatic),26.34,1837.56,No
CUST-06337,Male,0,Yes,No,8,Yes,No phone service,Fiber optic,No,No internet service,No internet service,No,Yes,Yes,Month-to-month,No,Electronic check,63.81,548.08,Yes
CUST-06338,Male,0,No,No,21,Yes,Yes,Fiber optic,No,Yes,No internet service,No,Yes,Yes,One year,Yes,Electronic check,43.8,898.87,No
CUST-06339,Male,1,No,No,12,Yes,No phone service,Fiber optic,Yes,No,No,No,Yes,Yes,Month-to-month,Yes,Electronic check,22.77,247.59,No
CUST-06340,Female,0,No,No,11,Yes,No,DSL,No,Yes,No,No,Yes,No,Two year,No,Bank transfer (automatic),28.71,294.63,No
CUST-06341,Male,1,Yes,No,43,No,Yes,Fiber optic,Yes,No,Yes,No,No,Yes,Two year,Yes,Credit card (automatic),22.26,875.72,No
CUST-06342,Male,1,No,No,23,No,Yes,Fiber optic,Yes,No,No,No,No,No,Month-to-month,Yes,Mailed check,21.48,468.59,No
CUST-06343,Male,0,Yes,No,45,Yes,Yes,DSL,No,No internet service,No,No,No,Yes,Month-to-month,No,Credit card (automatic),30.71,1259.04,No
CUST-06344,Male,0,No,No,54,Yes,No,DSL,No,No internet service,Yes,No internet service,No internet service,No,One year,Yes,Bank transfer (automatic),64.62,3333.81,No
CUST-06345,Male,0,Yes,No,28,Yes,No phone service,Fiber optic,No internet service,No internet service,No,No internet service,Yes,Yes,One year,No,Mailed check,92.22,2628.1,Yes
CUST-06346,Female,0,No,No,62,Yes,Yes,Fiber optic,Yes,No internet service,No,No,No,Yes,Month-to-month,No,Electronic check,38.27,2202.41,No
CUST-06347,Female,0,No,No,3,Yes,No,DSL,No internet service,Yes,No internet service,No,Yes,Yes,Month-to-month,No,Credit card (automatic),53.89,155.71,No
CUST-06348,Female,1,No,Yes,9,Yes,No,Fiber optic,No,No,Yes,No,Yes,Yes,Month-to-month,Yes,Credit card (automatic),64.62,549.49,No
CUST-06349,Male,0,Yes,Yes,52,Yes,No phone service,DSL,No,No,Yes,No,No,Yes,Month-to-month,No,Bank transfer (automatic),60.67,2899.36,No
CUST-06350,Female,0,Yes,Yes,45,Yes,Yes,No,Yes,Yes,Yes,No,Yes,No,One year,No,Credit card (automatic),79.31,3694.65,No
CUST-06351,Male,0,Yes,No,7,Yes,Yes,No,No internet service,Yes,No internet service,No,Yes,Yes,Month-to-month,Yes,Mailed check,61.17,461.85,Yes
CUST-06352,Male,0,No,No,18,Yes,No,Fiber optic,No,No,No,No,No internet service,No internet service,Month-to-month,Yes,Bank transfer (automatic),96.9,1819.55,Yes
CUST-06353,Male,0,No,No,30,Yes,Yes,Fiber optic,Yes,No,No,Yes,No,No internet service,Two year,Yes,Credit card (automatic),22.29,693.34,No
CUST-06354,Female,1,No,No,48,No,Yes,Fiber optic,No,No,No,No,No internet service,No internet service,Month-to-month,Yes,Mailed check,25.85,1360.67,No
CUST-06355,Male,0,No,Yes,18,Yes,Yes,No,No,No internet service,Yes,No,Yes,No,Month-to-month,Yes,Electronic check,95.77,1803.6,Yes
CUST-06356,Female,0,Yes,No,48,Yes,Yes,Fiber optic,No internet service,Yes,No,No,No internet service,No,Two year,Yes,Bank transfer (automatic),54.2,2365.95,No
CUST-06357,Female,0,Yes,Yes,27,Yes,Yes,DSL,No internet service,No,No,Yes,No,Yes,Two year,No,Mailed check,67.96,1731.52,No
CUST-06358,Female,0,No,Yes,1,Yes,Yes,Fiber optic,No,Yes,No internet service,No,Yes,Yes,Two year,No,Electronic check,68.81,70.7,Yes
CUST-06359,Male,0,No,Yes,22,Yes,Yes,DSL,No,No internet service,No,No,No,No internet service,Month-to-month,No,Credit card (automatic),70.66,1597.75,No
CUST-06360,Male,0,Yes,No,29,No,No,DSL,No,No,No,No internet service,Yes,No,Two year,No,Mailed check,78.41,2425.15,Yes
CUST-06361,Female,0,No,No,20,Yes,Yes,Fiber optic,Yes,Yes,No,No,No,No,Month-to-month,Yes,Electronic check,72.55,1351.99,No
CUST-06362,Female,0,Yes,Yes,22,Yes,No,Fiber optic,No,Yes,Yes,No,Yes,No,Month-to-month,No,Mailed check,46.03,1110.12,No
CUST-06363,Female,0,No,No,16,Yes,Yes,Fiber optic,No,Yes,No,Yes,Yes,No internet service,Month-to-month,Yes,Mailed check,68.56,1100.53,Yes
CUST-06364,Male,0,No,No,17,Yes,No,Fiber optic,No,Yes,No,No,No internet service,No,Month-to-month,Yes,Credit card (automatic),75.98,1400.27,Yes
CUST-06365,Male,0,No,No,52,Yes,No,Fiber optic,Yes,No,No,No,No,No internet service,Month-to-month,No,Mailed check,74.94,3919.75,No
CUST-06366,Female,0,Yes,Yes,31,Yes,No phone service,No,Yes,Yes,No,No internet service,Yes,Yes,One year,Yes,Electronic check,67.07,1948.98,No
CUST-06367,Female,0,No,Yes,66,Yes,No,DSL,Yes,No,No internet service,Yes,No,Yes,Month-to-month,Yes,Mailed check,44.12,2825.16,No
CUST-06368,Female,0,No,No,34,Yes,Yes,DSL,No,Yes,No,No,Yes,No internet service,Month-to-month,Yes,Electronic check,71.29,2288.69,No
CUST-06369,Male,0,Yes,No,2,Yes,No,No,No,No,Yes,No,No internet service,No,Month-to-month,No,Mailed check,93.51,178.2,Yes
CUST-06370,Female,0,Yes,No,5,No,Yes,Fiber optic,No internet service,Yes,No,No,Yes,Yes,Month-to-month,Yes,Credit card (automatic),61.07,329.19,No
CUST-06371,Male,0,Yes,No,65,Yes,Yes,DSL,No,Yes,Yes,No,No,Yes,Two year,Yes,Electronic check,39.99,2535.61,No
CUST-06372,Male,0,Yes,No,11,Yes,Yes,No,No,No internet service,Yes,No,Yes,No,One year,No,Electronic check,31.68,326.36,No
CUST-06373,Male,0,Yes,No,12,Yes,Yes,Fiber optic,Yes,No internet service,No,No,No,No,Month-to-month,Yes,Bank transfer (automatic),38.81,453.1,No
CUST-06374,Male,0,No,No,67,Yes,Yes,No,No,No,Yes,Yes,Yes,Yes,Two year,No,Mailed check,72.51,4972.1,No
CUST-06375,Female,0,No,No,11,Yes,No,Fiber optic,No internet service,No,No internet service,Yes,No internet service,No,One year,No,Electronic check,83.46,863.14,Yes
CUST-06376,Female,0,No,No,5,Yes,No,No,No,No,No,No,No,Yes,Month-to-month,Yes,Mailed check,35.84,163.11,No
CUST-06377,Female,0,No,Yes,32,Yes,Yes,Fiber optic,No,No,Yes,No internet service,Yes,No,Two year,Yes,Credit card (automatic),29.92,1028.7,No
CUST-06378,Male,0,Yes,No,11,Yes,No,Fiber optic,Yes,Yes,Yes,No,Yes,No internet service,Month-to-month,Yes,Mailed check,80.56,839.94,Yes
CUST-06379,Female,0,Yes,Yes,5,Yes,No,No,Yes,No,No internet service,No,Yes,Yes,Month-to-month,Yes,Electronic check,87.38,475.03,Yes
CUST-06380,Male,1,Yes,No,15,No,No,DSL,No,Yes,Yes,No internet service,Yes,No,Two year,Yes,Bank transfer (automatic),60.14,820.4,Yes
CUST-06381,Female,0,No,No,48,No,Yes,DSL,No internet service,No,No,Yes,Yes,No internet service,Two year,Yes,Mailed check,53.37,2639.04,No
CUST-06382,Male,0,Yes,No,1,Yes,No,DSL,No,No,No,No,No internet service,No,One year,Yes,Bank transfer (automatic),22.71,23.46,No
CUST-06383,Female,0,No,No,44,Yes,Yes,DSL,No internet service,No,No internet service,No,No,No,Month-to-month,No,Electronic check,24.86,1018.59,No
CUST-06384,Female,0,Yes,No,16,Yes,No,Fiber optic,No internet service,No internet service,No internet service,No internet service,No,Yes,Month-to-month,Yes,Credit card (automatic),74.88,1237.67,No
CUST-06385,Male,1,No,Yes,12,Yes,Yes,DSL,No,Yes,No,No internet service,No,No,One year,Yes,Electronic check,90.83,1065.47,Yes
CUST-06386,Male,1,Yes,Yes,27,Yes,No,Fiber optic,No,No,No,No,No,No internet service,Two year,Yes,Credit card (automatic),33.15,873.89,No
CUST-06387,Female,0,No,No,15,Yes,Yes,No,No,Yes,No,No,No,Yes,Two year,No,Electronic check,32.45,523.5,No
CUST-06388,Male,0,Yes,Yes,36,Yes,Yes,Fiber optic,No internet service,Yes,Yes,No internet service,No internet service,Yes,Two year,No,Electronic check,34.45,1352.42,No
CUST-06389,Male,0,Yes,No,32,Yes,No,Fiber optic,No,Yes,No,No,No,Yes,One year,Yes,Mailed check,23.83,712.25,No
CUST-06390,Female,0,No,No,25,Yes,No,No,No,Yes,No,No internet service,Yes,No,Two year,Yes,Credit card (automatic),22.99,595.91,No
CUST-06391,Female,1,Yes,Yes,5,Yes,Yes,DSL,No internet service,No internet service,No,No,Yes,No,One year,No,Bank transfer (automatic),68.02,316.61,Yes
CUST-06392,Female,0,Yes,No,47,Yes,Yes,Fiber optic,Yes,No,No,No,Yes,No internet service,Two year,No,Electronic check,35.83,1527.4,No
CUST-06393,Male,0,No,Yes,35,Yes,No,No,No,No,No,No,Yes,No,Month-to-month,Yes,Electronic check,43.07,1401.79,No
CUST-06394,Male,0,No,No,17,Yes,Yes,DSL,Yes,Yes,No,No internet service,Yes,No,Month-to-month,No,Electronic check,52.24,912.0,No
CUST-06395,Male,0,No,No,41,Yes,No phone service,No,No,No internet service,No,No,No,No,Two year,No,Bank transfer (automatic),39.2,1679.99,No
CUST-06396,Female,0,Yes,No,2,Yes,Yes,Fiber optic,No internet service,Yes,No internet service,No internet service,Yes,No,Month-to-month,Yes,Electronic check,48.73,97.6,No
CUST-06397,Male,0,Yes,Yes,63,Yes,Yes,Fiber optic,Yes,Yes,No internet service,No internet service,No,No internet service,Month-to-month,Yes,Credit card (automatic),71.9,4938.88,No
CUST-06398,Male,0,No,Yes,1,Yes,Yes,No,No internet service,No internet service,No,No,No internet service,Yes,One year,Yes,Credit card (automatic),34.65,36.48,No
CUST-06399,Male,0,No,Yes,6,Yes,No,No,No,No,No,Yes,Yes,Yes,Month-to-month,No,Electronic check,95.93,536.63,Yes
CUST-06400,Male,0,Yes,No,25,Yes,No phone service,DSL,No,No,Yes,No internet service,Yes,No,Month-to-month,Yes,Electronic check,35.84,843.66,No
CUST-06401,Female,0,No,No,52,Yes,No,Fiber optic,No internet service,No internet service,Yes,No,No,No,Month-to-month,Yes,Mailed check,31.22,1654.64,No
CUST-06402,Female,0,Yes,No,18,Yes,No phone service,DSL,No,No,No,No,Yes,Yes,One year,No,Bank transfer (automatic),90.71,1578.34,Yes
CUST-06403,Male,0,No,No,8,No,No phone service,Fiber optic,No,Yes,No,No,Yes,Yes,Month-to-month,Yes,Mailed check,87.07,627.03,Yes
CUST-06404,Male,0,Yes,No,68,No,No phone service,DSL,No,Yes,No,Yes,No internet service,Yes,Month-to-month,No,Electronic check,44.7,2750.41,No
CUST-06405,Male,0,Yes,No,23,Yes,No phone service,DSL,No,Yes,No,No internet service,Yes,No internet service,One year,No,Electronic check,84.96,1918.16,Yes
CUST-06406,Female,0,No,Yes,1,Yes,No phone service,Fiber optic,No,No internet service,No internet service,No internet service,Yes,No,Month-to-month,Yes,Electronic check,84.91,85.31,Yes
CUST-06407,Female,0,No,No,3,Yes,No,No,No internet service,Yes,Yes,Yes,Yes,No,One year,Yes,Bank transfer (automatic),56.2,173.77,No
CUST-06408,Female,0,No,Yes,15,No,No,No,No,Yes,No,No,No,Yes,Month-to-month,No,Electronic check,69.23,1093.1,Yes
CUST-06409,Female,0,Yes,Yes,68,Yes,No,DSL,No,No,No,No,No,No,Month-to-month,Yes,Electronic check,34.03,2530.99,No
CUST-06410,Female,0,No,No,2,Yes,Yes,No,Yes,No internet service,No,Yes,Yes,Yes,Month-to-month,No,Mailed check,98.2,209.71,Yes
CUST-06411,Female,0,No,No,1,Yes,Yes,DSL,Yes,No,No,No,No internet service,No,Month-to-month,No,Bank transfer (automatic),23.36,22.69,No
CUST-06412,Female,0,Yes,Yes,50,Yes,No,No,Yes,Yes,No internet service,No internet service,No internet service,Yes,One year,Yes,Electronic check,42.63,2146.29,No
CUST-06413,Female,0,No,Yes,24,Yes,No,Fiber optic,No internet service,Yes,No,No,No,No internet service,Month-to-month,No,Electronic check,99.41,2250.29,Yes
CUST-06414,Male,0,No,Yes,46,Yes,Yes,Fiber optic,Yes,No internet service,No,Yes,Yes,Yes,Two year,No,Bank transfer (automatic),63.66,3202.9,No
CUST-06415,Male,0,Yes,No,28,No,No,No,No internet service,No,Yes,No internet service,No,No internet service,Month-to-month,No,Mailed check,72.91,2055.95,Yes
CUST-06416,Female,0,Yes,Yes,1,Yes,Yes,DSL,No,Yes,No internet service,No,No,Yes,Month-to-month,No,Electronic check,28.89,27.44,No
CUST-06417,Male,0,No,No,2,Yes,No,No,No,No internet service,Yes,No internet service,No internet service,No internet service,Two year,Yes,Credit card (automatic),24.51,51.22,No
CUST-06418,Male,0,No,No,17,Yes,No,Fiber optic,No internet service,No,No internet service,No,No,No internet service,Month-to-month,No,Electronic check,98.5,1670.44,Yes
CUST-06419,Male,0,Yes,No,28,Yes,Yes,DSL,No,No,No internet service,No,Yes,No,Month-to-month,Yes,Mailed check,84.44,2599.2,Yes
CUST-06420,Female,0,Yes,No,18,Yes,Yes,DSL,Yes,No,No,No,No,No,Two year,Yes,Credit card (automatic),69.09,1137.84,Yes
CUST-06421,Male,0,Yes,No,6,Yes,Yes,Fiber optic,Yes,Yes,Yes,Yes,No,No,Month-to-month,Yes,Mailed check,40.55,235.29,No
CUST-06422,Female,0,No,No,55,Yes,Yes,DSL,No internet service,No,No,No internet service,No,No internet service,One year,Yes,Bank transfer (automatic),43.83,2623.68,No
CUST-06423,Male,0,Yes,No,6,Yes,Yes,No,No,No,No internet service,No,No,Yes,Two year,No,Credit card (automatic),96.57,574.92,Yes
CUST-06424,Male,0,No,No,14,Yes,No phone service,DSL,No,Yes,Yes,No internet service,No,Yes,Two year,No,Electronic check,20.56,277.01,No
CUST-06425,Female,0,Yes,No,22,Yes,No,Fiber optic,No,Yes,Yes,Yes,No internet service,No,Month-to-month,Yes,Mailed check,79.56,1787.03,Yes
CUST-06426,Male,0,Yes,No,51,Yes,No,Fiber optic,No,No internet service,Yes,Yes,Yes,No,Two year,No,Mailed check,35.86,1889.03,No
CUST-06427,Male,0,Yes,No,71,Yes,Yes,Fiber optic,No,No internet service,No,No,No,Yes,One year,No,Electronic check,34.17,2228.49,No
CUST-06428,Male,1,Yes,No,25,Yes,No,DSL,No internet service,Yes,Yes,No internet service,Yes,No,One year,Yes,Electronic check,68.18,1622.48,Yes
CUST-06429,Female,0,Yes,No,69,Yes,Yes,Fiber optic,No,Yes,Yes,No internet service,No internet service,No,Month-to-month,Yes,Mailed check,35.08,2328.04,No
CUST-06430,Male,0,No,No,12,Yes,No,No,No,No,No internet service,No internet service,No,No,Two year,No,Credit card (automatic),56.41,642.51,Yes
CUST-06431,Female,0,No,No,5,Yes,No,DSL,No,No,No,No,No internet service,Yes,Two year,No,Electronic check,98.47,480.82,Yes
CUST-06432,Male,0,No,No,10,Yes,No phone service,DSL,Yes,No,No,No,No,Yes,One year,Yes,Credit card (automatic),95.91,927.39,Yes
CUST-06433,Male,0,Yes,No,5,Yes,Yes,No,No internet service,Yes,Yes,No,No,No,One year,No,Mailed check,31.04,162.38,No
CUST-06434,Male,0,No,No,48,Yes,Yes,No,Yes,No internet service,Yes,No,No,No,Month-to-month,No,Electronic check,65.07,3185.16,No
CUST-06435,Female,0,No,Yes,70,Yes,No,Fiber optic,No,Yes,Yes,No internet service,No,No,Month-to-month,Yes,Mailed check,59.43,4101.19,No
CUST-06436,Female,0,No,No,53,Yes,Yes,No,No,No internet service,Yes,No,Yes,No internet service,Month-to-month,Yes,Electronic check,76.72,3822.19,No
CUST-06437,Male,0,No,Yes,25,No,No,No,No internet service,No,Yes,No,No internet service,Yes,Month-to-month,No,Mailed check,72.67,1787.91,No
CUST-06438,Male,0,Yes,Yes,20,Yes,Yes,DSL,No,Yes,No,Yes,Yes,Yes,Month-to-month,Yes,Bank transfer (automatic),91.4,1711.18,Yes
CUST-06439,Female,0,Yes,Yes,8,Yes,No,DSL,No,No internet service,Yes,Yes,Yes,No,Month-to-month,No,Credit card (automatic),29.66,258.74,No
CUST-06440,Female,0,No,No,25,Yes,No phone service,Fiber optic,No,No internet service,Yes,Yes,No,Yes,Month-to-month,Yes,Electronic check,48.99,1144.84,No
CUST-06441,Male,0,Yes,No,49,Yes,No,Fiber optic,Yes,No internet service,No internet service,Yes,Yes,Yes,Month-to-month,Yes,Credit card (automatic),27.13,1424.73,No
CUST-06442,Male,0,Yes,No,12,Yes,Yes,No,Yes,No,No internet service,No,No,Yes,Month-to-month,No,Bank transfer (automatic),52.96,650.21,No
CUST-06443,Female,0,No,No,35,Yes,Yes,Fiber optic,Yes,No,No,No,No,Yes,Two year,Yes,Electronic check,75.01,2788.55,No
CUST-06444,Female,0,No,No,21,Yes,No phone service,DSL,No,Yes,No internet service,No,Yes,No,Two year,Yes,Mailed check,20.23,457.84,No
CUST-06445,Female,0,Yes,Yes,35,Yes,Yes,DSL,Yes,Yes,No internet service,No,Yes,No,Two year,Yes,Credit card (automatic),72.56,2694.0,No
CUST-06446,Male,0,Yes,No,23,Yes,Yes,No,No internet service,No internet service,No,No,Yes,No,Month-to-month,No,Bank transfer (automatic),83.86,1963.23,Yes
CUST-06447,Female,0,No,No,63,Yes,No phone service,Fiber optic,Yes,No,No,Yes,No,Yes,Month-to-month,Yes,Electronic check,29.07,1746.06,No
CUST-06448,Male,0,Yes,Yes,16,Yes,No phone service,DSL,No internet service,No,No internet service,Yes,No internet service,Yes,Month-to-month,Yes,Bank transfer (automatic),91.46,1510.19,Yes
CUST-06449,Male,1,Yes,No,59,Yes,No phone service,Fiber optic,No internet service,No,No internet service,No internet service,Yes,No internet service,Month-to-month,No,Electronic check,52.21,2775.34,No
CUST-06450,Female,0,No,No,50,Yes,Yes,Fiber optic,Yes,No,Yes,No,No,Yes,Two year,Yes,Credit card (automatic),46.89,2287.04,No
CUST-06451,Male,0,Yes,No,18,Yes,Yes,Fiber optic,Yes,No internet service,No,No,No,No,Two year,Yes,Credit card (automatic),85.38,1646.87,Yes
CUST-06452,Female,0,Yes,No,53,Yes,No phone service,No,No,Yes,No,No internet service,No,Yes,Two year,Yes,Electronic check,28.84,1553.14,No
CUST-06453,Male,0,Yes,No,40,Yes,No,DSL,No internet service,Yes,Yes,No,No internet service,No,Month-to-month,No,Credit card (automatic),26.76,1019.15,No
CUST-06454,Female,0,Yes,Yes,4,Yes,No,Fiber optic,No,Yes,No,No,Yes,Yes,Month-to-month,Yes,Bank transfer (automatic),86.27,372.15,Yes
CUST-06455,Female,1,Yes,No,23,Yes,No,DSL,No,No internet service,Yes,Yes,Yes,No,Two year,No,Bank transfer (automatic),72.82,1512.49,No
CUST-06456,Female,0,No,No,48,Yes,No,Fiber optic,Yes,Yes,Yes,Yes,No,Yes,One year,Yes,Credit card (automatic),61.67,3186.86,No
CUST-06457,Female,0,Yes,No,51,Yes,No,No,No,No internet service,Yes,No internet service,No internet service,No,Month-to-month,No,Electronic check,70.45,3779.39,No
CUST-06458,Male,0,No,Yes,44,Yes,No,Fiber optic,Yes,Yes,No internet service,No,No,No internet service,Two year,Yes,Electronic check,70.69,2890.38,No
CUST-06459,Female,0,No,Yes,8,Yes,No,Fiber optic,Yes,Yes,Yes,Yes,No,Yes,Month-to-month,No,Bank transfer (automatic),21.92,160.03,No
CUST-06460,Female,0,No,No,5,Yes,Yes,Fiber optic,Yes,No internet service,No internet service,No,Yes,Yes,Two year,Yes,Electronic check,88.96,484.94,Yes
CUST-06461,Male,1,Yes,Yes,51,Yes,No,Fiber optic,No,No,No internet service,No internet service,No internet service,Yes,Month-to-month,Yes,Bank transfer (automatic),66.33,3089.9,No
CUST-06462,Female,0,No,Yes,15,Yes,Yes,No,No,No,No,No internet service,No,Yes,Month-to-month,Yes,Mailed check,41.0,673.27,No
CUST-06463,Female,1,Yes,No,56,Yes,Yes,No,No internet service,No,Yes,No,No internet service,No internet service,Month-to-month,Yes,Electronic check,44.59,2457.4,No
CUST-06464,Female,0,No,No,60,Yes,Yes,Fiber optic,Yes,No,No,No,No,Yes,Two year,No,Electronic check,64.73,3770.01,No
CUST-06465,Female,0,Yes,No,39,Yes,Yes,DSL,No,No,No,No internet service,No internet service,No internet service,Month-to-month,No,Electronic check,79.19,3181.09,No
CUST-06466,Male,0,Yes,No,69,Yes,No,DSL,No internet service,No,No,Yes,No,Yes,One year,Yes,Electronic check,79.27,5465.31,No
CUST-06467,Male,0,No,No,8,Yes,Yes,Fiber optic,No internet service,No,No,No,Yes,Yes,Two year,Yes,Mailed check,83.24,651.28,Yes
CUST-06468,Male,0,Yes,No,34,Yes,Yes,Fiber optic,Yes,No,Yes,No,Yes,No internet service,Month-to-month,No,Mailed check,67.37,2354.79,No
CUST-06469,Male,0,Yes,No,22,Yes,Yes,No,No,No,No internet service,Yes,Yes,No,Month-to-month,Yes,Credit card (automatic),91.5,1952.64,Yes
CUST-06470,Male,0,Yes,Yes,28,Yes,No,Fiber optic,No internet service,Yes,No,No,No internet service,No,Month-to-month,No,Credit card (automatic),76.94,1953.69,Yes
CUST-06471,Female,1,Yes,Yes,28,No,Yes,Fiber optic,No internet service,Yes,No,No internet service,No internet service,Yes,One year,No,Electronic check,89.31,2663.04,Yes
CUST-06472,Male,0,Yes,Yes,71,No,No,Fiber optic,No internet service,Yes,No,No internet service,No internet service,No,One year,No,Electronic check,76.2,5426.04,No
CUST-06473,Male,0,No,Yes,1,Yes,No,DSL,No internet service,No internet service,Yes,No,Yes,No,Month-to-month,Yes,Electronic check,79.83,82.81,No
CUST-06474,Male,0,Yes,No,35,Yes,No,Fiber optic,Yes,No,No,No,No,No internet service,Month-to-month,Yes,Credit card (automatic),39.81,1414.3,No
CUST-06475,Male,0,No,Yes,67,Yes,No,Fiber optic,Yes,Yes,No,No,No,No internet service,Month-to-month,Yes,Electronic check,78.76,5397.44,No
CUST-06476,Male,0,Yes,No,52,Yes,Yes,Fiber optic,No internet service,No internet service,No,Yes,Yes,No,Two year,Yes,Mailed check,61.55,3020.69,No
CUST-06477,Female,0,Yes,Yes,19,Yes,Yes,No,No internet service,Yes,No,No,No,Yes,Two year,Yes,Electronic check,34.29,708.15,No
CUST-06478,Male,0,Yes,No,46,Yes,Yes,Fiber optic,Yes,Yes,No internet service,Yes,Yes,No internet service,Month-to-month,Yes,Mailed check,20.19,919.03,No
CUST-06479,Female,0,No,Yes,16,Yes,Yes,Fiber optic,No internet service,Yes,No internet service,No,No,Yes,Month-to-month,No,Electronic check,61.03,1058.52,No
CUST-06480,Male,0,Yes,No,17,Yes,Yes,Fiber optic,No,No,No internet service,No internet service,No internet service,No,Two year,Yes,Credit card (automatic),33.34,601.57,No
CUST-06481,Male,1,Yes,No,65,Yes,No,No,No internet service,Yes,No,No internet service,No,Yes,Month-to-month,Yes,Mailed check,33.88,2299.13,No
CUST-06482,Female,0,Yes,No,4,Yes,No phone service,Fiber optic,Yes,No,No,No,Yes,No,Month-to-month,Yes,Mailed check,53.13,210.82,No
CUST-06483,Female,0,Yes,Yes,69,Yes,No,DSL,No,No internet service,Yes,No,No,Yes,One year,No,Electronic check,21.86,1364.34,No
CUST-06484,Female,1,Yes,No,33,Yes,No,Fiber optic,No internet service,No,Yes,Yes,No,No internet service,One year,Yes,Bank transfer (automatic),44.98,1429.48,No
CUST-06485,Male,0,Yes,No,1,Yes,Yes,DSL,No,No internet service,No,No,Yes,Yes,Month-to-month,No,Credit card (automatic),73.92,76.36,Yes
CUST-06486,Female,1,No,No,56,Yes,No,DSL,Yes,Yes,No internet service,Yes,Yes,No,One year,No,Electronic check,21.64,1170.8,No
CUST-06487,Male,1,No,No,4,Yes,Yes,No,Yes,No,No,No,No,Yes,Month-to-month,No,Credit card (automatic),57.44,211.34,No
CUST-06488,Male,0,No,No,29,Yes,No phone service,Fiber optic,No,No internet service,No internet service,No internet service,Yes,No internet service,Two year,Yes,Electronic check,56.88,1655.38,Yes
CUST-06489,Male,0,No,No,18,Yes,Yes,DSL,No,No,No,No internet service,No,No internet service,Month-to-month,Yes,Mailed check,71.77,1202.59,No
CUST-06490,Female,0,No,Yes,5,Yes,Yes,Fiber optic,No internet service,No internet service,No,No,Yes,No internet service,One year,Yes,Bank transfer (automatic),55.23,265.45,Yes
CUST-06491,Female,0,No,Yes,29,Yes,Yes,DSL,No,No,No internet service,Yes,No,No,Two year,No,Bank transfer (automatic),68.73,1993.93,No
CUST-06492,Female,0,No,No,47,Yes,No,DSL,No,Yes,No,No internet service,No,Yes,Month-to-month,Yes,Electronic check,63.43,2752.42,No
CUST-06493,Female,0,No,Yes,7,Yes,No,Fiber optic,Yes,No internet service,Yes,No,No internet service,No,Month-to-month,Yes,Bank transfer (automatic),74.35,480.12,Yes
CUST-06494,Male,0,Yes,Yes,50,Yes,Yes,DSL,No,Yes,Yes,No,No,Yes,One year,No,Bank transfer (automatic),51.01,2402.62,No
CUST-06495,Male,0,No,Yes,51,Yes,Yes,DSL,No,No internet service,Yes,No internet service,No,Yes,One year,Yes,Credit card (automatic),49.17,2553.71,No
CUST-06496,Female,1,No,No,21,Yes,No phone service,Fiber optic,Yes,Yes,Yes,Yes,Yes,No,One year,No,Bank transfer (automatic),22.25,507.73,No
CUST-06497,Female,0,No,No,63,Yes,Yes,No,No internet service,No,No internet service,No internet service,No,No,Month-to-month,Yes,Electronic check,52.03,3106.81,No
CUST-06498,Female,0,Yes,No,25,Yes,No,DSL,No,No,Yes,No internet service,No,No internet service,One year,No,Electronic check,69.25,1807.36,Yes
CUST-06499,Male,0,No,No,48,Yes,No,Fiber optic,No,No,Yes,Yes,No,No,Month-to-month,No,Electronic check,56.38,2538.12,No
CUST-06500,Female,0,Yes,No,13,Yes,Yes,DSL,No,No,No,No internet service,No internet service,No internet service,Month-to-month,Yes,Credit card (automatic),27.86,372.0,No
CUST-06501,Male,1,No,Yes,21,Yes,No,DSL,Yes,Yes,No internet service,No internet service,No internet service,Yes,Month-to-month,No,Mailed check,96.5,1879.67,Yes
CUST-06502,Male,0,No,No,13,Yes,No phone service,Fiber optic,No internet service,Yes,Yes,Yes,No,No,Month-to-month,Yes,Bank transfer (automatic),66.77,927.97,Yes
CUST-06503,Male,0,No,No,45,No,No phone service,No,No,No,Yes,No,No internet service,No,Month-to-month,Yes,Mailed check,55.76,2630.9,No
CUST-06504,Female,0,No,Yes,7,Yes,No phone service,DSL,No,No,No,No,No,Yes,Month-to-month,Yes,Electronic check,59.63,432.5,No
CUST-06505,Female,0,Yes,Yes,4,Yes,No phone service,DSL,No,No,No,No,No internet service,Yes,Two year,No,Electronic check,41.69,150.57,No
CUST-06506,Male,0,Yes,No,10,Yes,No,Fiber optic,No,Yes,Yes,No internet service,No internet service,No internet service,Two year,Yes,Credit card (automatic),50.24,536.2,No
CUST-06507,Male,0,No,No,67,Yes,No,No,No internet service,No,Yes,No internet service,No internet service,Yes,Month-to-month,Yes,Bank transfer (automatic),43.71,2724.07,No
CUST-06508,Female,0,Yes,No,15,No,No,Fiber optic,No,Yes,Yes,No,Yes,Yes,Two year,No,Credit card (automatic),65.93,995.57,No
CUST-06509,Female,0,Yes,No,63,No,No phone service,Fiber optic,No internet service,Yes,No internet service,No,Yes,No,One year,No,Mailed check,67.79,4507.08,No
CUST-06510,Male,1,No,No,42,Yes,No phone service,DSL,Yes,No,No,No internet service,No internet service,Yes,Month-to-month,No,Bank transfer (automatic),37.58,1619.92,No
CUST-06511,Male,0,No,No,7,Yes,No,No,No,No,No internet service,Yes,Yes,No,Two year,No,Bank transfer (automatic),35.57,264.88,No
CUST-06512,Male,0,No,No,32,Yes,No phone service,No,No internet service,No,No,Yes,Yes,Yes,Month-to-month,No,Credit card (automatic),60.7,2023.53,No
CUST-06513,Female,0,No,Yes,35,Yes,No,No,No,Yes,No internet service,No,No,No,One year,Yes,Mailed check,66.44,2444.5,No
CUST-06514,Female,0,Yes,No,5,Yes,No phone service,DSL,Yes,Yes,No,No,Yes,No,One year,Yes,Electronic check,94.98,455.79,Yes
CUST-06515,Female,1,Yes,Yes,43,Yes,No phone service,DSL,No,No,No internet service,No,No,No,Two year,Yes,Electronic check,45.65,1915.49,No
CUST-06516,Female,1,Yes,No,62,Yes,Yes,DSL,No,No internet service,No internet service,No,Yes,No,One year,No,Credit card (automatic),38.46,2385.21,No
CUST-06517,Male,0,No,Yes,6,Yes,No,DSL,No,Yes,No,No internet service,Yes,No,Month-to-month,No,Electronic check,55.43,338.31,Yes
CUST-06518,Male,0,Yes,No,38,Yes,No,Fiber optic,Yes,Yes,No internet service,Yes,Yes,No internet service,Month-to-month,No,Electronic check,28.61,1128.86,No
CUST-06519,Female,0,Yes,No,64,Yes,Yes,Fiber optic,No internet service,No internet service,No internet service,Yes,No internet service,No,Month-to-month,Yes,Bank transfer (automatic),66.69,4315.6,No
CUST-06520,Male,0,Yes,No,11,Yes,No phone service,No,Yes,No,No,No internet service,Yes,Yes,One year,Yes,Electronic check,91.53,1049.21,Yes
CUST-06521,Female,0,No,Yes,27,Yes,No,Fiber optic,Yes,No,Yes,Yes,Yes,No,Month-to-month,No,Electronic check,63.42,1592.73,Yes
CUST-06522,Female,0,Yes,Yes,46,No,Yes,DSL,No,No internet service,No internet service,No,Yes,Yes,One year,Yes,Electronic check,79.41,3575.89,No
CUST-06523,Female,1,Yes,No,55,Yes,No,DSL,No,No,Yes,Yes,No internet service,No,Month-to-month,No,Bank transfer (automatic),48.59,2893.36,No
CUST-06524,Male,1,Yes,No,2,Yes,No,No,Yes,Yes,No internet service,Yes,Yes,Yes,One year,No,Electronic check,61.96,116.91,No
CUST-06525,Male,0,No,No,9,Yes,Yes,No,No,No,No internet service,No,No internet service,No,One year,Yes,Electronic check,72.86,609.01,Yes
CUST-06526,Female,0,No,Yes,65,No,Yes,DSL,Yes,Yes,Yes,No,Yes,Yes,Two year,No,Electronic check,70.67,4818.46,No
CUST-06527,Male,0,Yes,No,20,Yes,Yes,No,No internet service,No,No,No,Yes,Yes,Month-to-month,Yes,Bank transfer (automatic),51.09,959.35,No
CUST-06528,Female,0,No,No,61,Yes,No,Fiber optic,No,No,No internet service,Yes,Yes,No,Month-to-month,Yes,Electronic check,26.46,1600.38,No
CUST-06529,Male,0,Yes,No,2,Yes,Yes,Fiber optic,No,No,Yes,No,Yes,No internet service,One year,No,Credit card (automatic),63.25,131.86,Yes
CUST-06530,Female,0,Yes,No,46,Yes,No phone service,Fiber optic,No,No internet service,No,No internet service,No internet service,Yes,Month-to-month,No,Mailed check,23.41,1073.6,No
CUST-06531,Female,1,Yes,No,45,Yes,No,Fiber optic,Yes,No internet service,Yes,Yes,No,No internet service,One year,No,Mailed check,77.74,3779.22,No
CUST-06532,Female,0,Yes,Yes,28,Yes,No,DSL,Yes,No,No,Yes,No,No,Month-to-month,Yes,Mailed check,88.16,2655.17,Yes
CUST-06533,Male,0,No,No,2,Yes,No phone service,Fiber optic,No,Yes,No internet service,No,Yes,No,Month-to-month,No,Mailed check,87.01,174.12,Yes
CUST-06534,Male,1,No,No,33,Yes,No,DSL,No,Yes,No,No internet service,Yes,No,One year,No,Mailed check,77.04,2776.65,No
CUST-06535,Male,0,Yes,No,28,Yes,Yes,Fiber optic,No internet service,No,Yes,No internet service,No,No internet service,Month-to-month,Yes,Electronic check,94.65,2539.83,Yes
CUST-06536,Female,0,No,No,35,Yes,No,DSL,Yes,No internet service,No,Yes,Yes,No,Month-to-month,No,Mailed check,55.13,1826.86,No
CUST-06537,Female,0,Yes,No,59,Yes,Yes,Fiber optic,No internet service,Yes,Yes,Yes,No internet service,Yes,Month-to-month,No,Mailed check,39.55,2412.9,No
CUST-06538,Male,0,No,No,22,Yes,Yes,DSL,Yes,No internet service,No internet service,No,No,Yes,Month-to-month,Yes,Electronic check,91.41,2040.29,Yes
CUST-06539,Female,0,No,No,7,Yes,No phone service,DSL,No,No,No internet service,No internet service,Yes,No internet service,Two year,No,Credit card (automatic),81.21,540.17,Yes
CUST-06540,Male,0,No,No,37,Yes,No phone service,DSL,No,No,No,No,Yes,No internet service,Two year,No,Electronic check,55.18,1989.04,No
CUST-06541,Male,0,Yes,Yes,21,Yes,No,Fiber optic,No,No,No,No internet service,Yes,No,Month-to-month,Yes,Electronic check,63.06,1253.55,Yes
CUST-06542,Male,0,No,Yes,13,Yes,No phone service,Fiber optic,No internet service,No internet service,No internet service,No,Yes,No internet service,Month-to-month,No,Electronic check,33.46,412.1,No
CUST-06543,Female,0,Yes,No,27,Yes,No phone service,Fiber optic,No,Yes,Yes,No,Yes,No internet service,Month-to-month,Yes,Mailed check,43.05,1131.56,No
CUST-06544,Female,0,Yes,No,5,Yes,No,Fiber optic,No,No internet service,Yes,Yes,No,No,Month-to-month,No,Electronic check,76.46,414.74,No
CUST-06545,Male,1,Yes,Yes,61,Yes,Yes,DSL,No internet service,Yes,No,No,No,Yes,One year,Yes,Credit card (automatic),70.9,4614.58,No
CUST-06546,Female,0,Yes,No,9,No,Yes,No,No,No internet service,No,No,Yes,Yes,Month-to-month,Yes,Credit card (automatic),45.82,413.4,No
CUST-06547,Female,0,Yes,Yes,14,Yes,No,Fiber optic,No,No,No,Yes,No,Yes,Two year,Yes,Bank transfer (automatic),70.01,975.78,Yes
CUST-06548,Female,0,Yes,No,9,Yes,Yes,Fiber optic,Yes,No,Yes,Yes,No internet service,No,Month-to-month,Yes,Bank transfer (automatic),95.2,776.51,Yes
CUST-06549,Male,0,Yes,No,6,Yes,Yes,No,No,No,No,No,No,No,Two year,Yes,Credit card (automatic),61.39,365.56,Yes
CUST-06550,Female,0,No,Yes,27,Yes,Yes,DSL,No internet service,No internet service,Yes,No,No,No internet service,Month-to-month,No,Electronic check,43.28,1197.49,No
CUST-06551,Male,0,No,Yes,52,Yes,No,Fiber optic,Yes,No,Yes,No,Yes,No internet service,One year,Yes,Credit card (automatic),72.48,3978.96,No
CUST-06552,Male,0,Yes,No,28,Yes,No,DSL,No internet service,No internet service,No internet service,Yes,No,Yes,Two year,No,Bank transfer (automatic),90.22,2453.4,Yes
CUST-06553,Male,0,Yes,No,14,Yes,Yes,No,No internet service,Yes,No,Yes,No internet service,No,One year,Yes,Bank transfer (automatic),33.33,505.76,No
CUST-06554,Female,0,No,No,21,Yes,No,DSL,No,No,No,Yes,No,No,Two year,Yes,Bank transfer (automatic),65.4,1466.84,Yes
CUST-06555,Female,0,Yes,No,34,Yes,No,DSL,No,Yes,Yes,No,No,No internet service,One year,No,Electronic check,64.06,1996.06,No
CUST-06556,Male,0,Yes,No,23,Yes,No phone service,DSL,No internet service,Yes,No internet service,Yes,No,Yes,One year,Yes,Electronic check,65.83,1636.11,No
CUST-06557,Male,0,No,Yes,57,Yes,No,No,No internet service,No internet service,No,No,No internet service,No,One year,Yes,Bank transfer (automatic),64.42,3468.39,No
CUST-06558,Male,0,No,No,16,Yes,Yes,DSL,No,No,No,No,Yes,Yes,Month-to-month,Yes,Electronic check,60.97,1058.11,No
CUST-06559,Male,0,Yes,No,20,Yes,Yes,No,Yes,No internet service,Yes,No internet service,Yes,No,One year,Yes,Bank transfer (automatic),71.06,1458.34,Yes
CUST-06560,Male,0,No,Yes,39,Yes,No phone service,No,No,Yes,No,No,Yes,No,Month-to-month,Yes,Credit card (automatic),65.22,2498.77,No
CUST-06561,Male,0,Yes,No,28,Yes,Yes,No,No,No,Yes,No,No,No,Month-to-month,No,Electronic check,34.94,965.89,No
CUST-06562,Female,1,No,No,11,Yes,No,DSL,No,No internet service,No,No,No,Yes,One year,No,Bank transfer (automatic),59.46,662.27,Yes
CUST-06563,Female,0,Yes,Yes,4,Yes,No phone service,Fiber optic,No,No,No internet service,No,No,Yes,Month-to-month,No,Mailed check,79.24,338.76,Yes
CUST-06564,Female,1,Yes,No,3,Yes,Yes,Fiber optic,No,No,Yes,Yes,No,No,Month-to-month,Yes,Bank transfer (automatic),84.95,272.02,Yes
CUST-06565,Male,0,Yes,Yes,12,Yes,No phone service,Fiber optic,Yes,Yes,No,No,No internet service,No,Month-to-month,No,Bank transfer (automatic),71.27,840.68,Yes
CUST-06566,Female,0,Yes,Yes,68,Yes,Yes,DSL,No,No,Yes,No internet service,No internet service,No internet service,Two year,Yes,Bank transfer (automatic),38.59,2807.3,No
CUST-06567,Male,0,Yes,Yes,22,Yes,Yes,No,No,Yes,Yes,No internet service,No internet service,Yes,Month-to-month,No,Bank transfer (automatic),68.17,1491.33,Yes
CUST-06568,Male,0,Yes,No,71,Yes,No,DSL,No internet service,No,No,No,Yes,Yes,Two year,No,Bank transfer (automatic),78.68,5494.16,No
CUST-06569,Female,0,Yes,No,2,Yes,No,No,Yes,Yes,No internet service,No,Yes,No internet service,Two year,Yes,Mailed check,27.11,51.44,No
CUST-06570,Male,0,No,No,60,Yes,No,DSL,No internet service,No,No,Yes,No,No,Month-to-month,Yes,Mailed check,43.73,2795.88,No
CUST-06571,Male,0,No,No,64,Yes,No,No,No,No,No,Yes,Yes,Yes,One year,Yes,Credit card (automatic),64.06,4198.29,No
CUST-06572,Female,0,Yes,No,58,Yes,No,No,Yes,No,No internet service,No,Yes,Yes,Month-to-month,Yes,Credit card (automatic),58.73,3359.41,No
CUST-06573,Female,0,Yes,No,54,Yes,No,DSL,No,Yes,Yes,Yes,No,Yes,Month-to-month,Yes,Mailed check,34.0,1895.62,No
CUST-06574,Female,0,No,Yes,26,Yes,Yes,Fiber optic,Yes,No,No,No,No internet service,No internet service,Two year,Yes,Electronic check,39.75,1108.12,No
CUST-06575,Female,0,Yes,No,52,Yes,No,DSL,No,Yes,Yes,Yes,Yes,No,Two year,Yes,Electronic check,55.66,2719.4,No
CUST-06576,Male,1,No,No,42,Yes,No phone service,DSL,No internet service,No,Yes,Yes,No internet service,No,Month-to-month,No,Electronic check,22.12,909.05,No
CUST-06577,Female,0,No,No,60,Yes,No,Fiber optic,No,Yes,Yes,Yes,No internet service,No,One year,No,Credit card (automatic),65.49,3835.33,No
CUST-06578,Female,0,Yes,No,25,Yes,No phone service,Fiber optic,No,Yes,No,No internet service,No,Yes,Month-to-month,Yes,Electronic check,36.52,835.58,No
CUST-06579,Female,0,No,No,15,Yes,Yes,Fiber optic,No,No,No,Yes,No,Yes,One year,Yes,Credit card (automatic),91.74,1330.43,Yes
CUST-06580,Female,1,Yes,No,56,Yes,No,No,No,No internet service,Yes,No,No internet service,Yes,Month-to-month,Yes,Credit card (automatic),61.02,3596.04,No
CUST-06581,Male,0,Yes,No,60,Yes,Yes,Fiber optic,Yes,No internet service,Yes,No,Yes,No,One year,Yes,Electronic check,58.72,3349.39,No
CUST-06582,Female,1,Yes,No,13,Yes,Yes,Fiber optic,Yes,Yes,No,No,Yes,No internet service,Two year,No,Mailed check,66.04,911.91,No
CUST-06583,Female,0,No,No,62,Yes,No phone service,No,No,No,Yes,No,Yes,No,Month-to-month,Yes,Credit card (automatic),24.51,1657.98,No
CUST-06584,Female,0,No,No,16,Yes,No,No,No,No internet service,Yes,No,Yes,No internet service,Two year,Yes,Electronic check,35.6,538.15,No
CUST-06585,Female,0,No,Yes,1,Yes,Yes,Fiber optic,Yes,No,Yes,No internet service,Yes,No,Month-to-month,Yes,Credit card (automatic),95.67,93.94,Yes
CUST-06586,Male,0,Yes,No,3,Yes,No phone service,No,Yes,No internet service,No,No,No internet service,No,Month-to-month,No,Bank transfer (automatic),66.63,185.15,No
CUST-06587,Male,0,No,No,16,Yes,Yes,No,No,Yes,Yes,Yes,Yes,No,One year,Yes,Credit card (automatic),70.94,1178.66,No
CUST-06588,Female,0,No,Yes,44,Yes,Yes,Fiber optic,Yes,No internet service,No,Yes,No,Yes,Two year,Yes,Mailed check,42.93,1882.2,No
CUST-06589,Female,0,No,No,39,Yes,No,No,Yes,No,Yes,No,No,No internet service,Month-to-month,No,Electronic check,67.62,2683.97,No
CUST-06590,Male,0,Yes,Yes,12,Yes,Yes,DSL,No,No,No internet service,Yes,No,No internet service,Month-to-month,No,Bank transfer (automatic),57.14,723.9,Yes
CUST-06591,Female,0,No,No,29,Yes,Yes,DSL,No internet service,No,No,No internet service,No,Yes,Month-to-month,No,Bank transfer (automatic),24.95,763.52,No
CUST-06592,Male,1,Yes,No,1,Yes,No,DSL,No internet service,No internet service,No,No,Yes,No internet service,Month-to-month,No,Electronic check,34.8,34.91,No
CUST-06593,Female,0,No,Yes,24,Yes,No,DSL,Yes,Yes,No internet service,No internet service,No internet service,Yes,One year,No,Electronic check,85.05,2197.28,Yes
CUST-06594,Female,1,No,No,22,Yes,No,Fiber optic,No,Yes,No internet service,No,Yes,Yes,Two year,Yes,Mailed check,76.22,1821.7,Yes
CUST-06595,Male,0,Yes,Yes,37,No,No,DSL,No internet service,No,No,No,No internet service,No,Month-to-month,Yes,Mailed check,48.88,1855.84,No
CUST-06596,Male,0,Yes,No,27,Yes,No phone service,Fiber optic,No,No internet service,No,No internet service,No,Yes,Month-to-month,Yes,Mailed check,64.6,1583.18,No
CUST-06597,Female,0,No,No,64,Yes,No,Fiber optic,No,No internet service,No,No,Yes,Yes,One year,No,Bank transfer (automatic),20.61,1391.84,No
CUST-06598,Male,0,No,No,57,Yes,Yes,DSL,No internet service,Yes,No internet service,No,No,Yes,Month-to-month,No,Mailed check,27.1,1665.78,No
CUST-06599,Male,0,Yes,No,13,Yes,Yes,No,No,Yes,Yes,No,No,Yes,Month-to-month,No,Electronic check,25.98,341.57,No
CUST-06600,Male,0,Yes,Yes,3,Yes,No,No,No,No internet service,No,No,Yes,No,One year,Yes,Electronic check,27.3,85.18,No
CUST-06601,Male,1,No,No,13,Yes,No phone service,DSL,Yes,No,No internet service,Yes,No internet service,No internet service,Month-to-month,Yes,Mailed check,47.21,596.06,No
CUST-06602,Male,1,No,No,4,Yes,Yes,Fiber optic,Yes,No,No internet service,No,Yes,No,One year,Yes,Mailed check,36.84,147.42,No
CUST-06603,Male,0,Yes,Yes,51,Yes,Yes,Fiber optic,Yes,No,No,No,No internet service,No internet service,Month-to-month,Yes,Credit card (automatic),67.14,3628.29,No
CUST-06604,Female,0,No,Yes,45,Yes,No,Fiber optic,No,Yes,No,No,No internet service,No,Month-to-month,Yes,Credit card (automatic),70.34,3403.31,No
CUST-06605,Female,0,Yes,No,33,Yes,Yes,DSL,No,No,Yes,No,Yes,No internet service,Month-to-month,Yes,Credit card (automatic),75.5,2299.76,No
CUST-06606,Female,0,Yes,No,1,Yes,Yes,DSL,No,No,No internet service,No,No,No,Two year,Yes,Bank transfer (automatic),74.3,67.13,Yes
CUST-06607,Female,0,No,No,5,Yes,No phone service,DSL,Yes,No,No,Yes,No,Yes,Month-to-month,Yes,Bank transfer (automatic),79.6,387.94,Yes
CUST-06608,Male,0,No,No,60,Yes,No,Fiber optic,No,No,No internet service,No internet service,No internet service,No internet service,Two year,No,Credit card (automatic),22.92,1345.2,No
CUST-06609,Female,0,Yes,No,31,Yes,No,Fiber optic,No,No,No,No,No internet service,No,Month-to-month,Yes,Electronic check,34.39,1124.37,No
CUST-06610,Male,0,No,Yes,21,Yes,No,Fiber optic,No internet service,No,No,Yes,Yes,No internet service,Month-to-month,No,Electronic check,90.95,1722.24,Yes
CUST-06611,Male,1,No,Yes,41,Yes,No,Fiber optic,Yes,No,No,No,No,No,Two year,No,Electronic check,45.34,1957.09,No
CUST-06612,Female,0,Yes,Yes,15,Yes,No,Fiber optic,Yes,Yes,Yes,Yes,Yes,Yes,Month-to-month,Yes,Credit card (automatic),75.25,1136.95,Yes
CUST-06613,Female,0,No,No,55,Yes,Yes,Fiber optic,No internet service,No,No,Yes,No internet service,No,Month-to-month,Yes,Credit card (automatic),70.35,4022.34,No
CUST-06614,Male,0,No,Yes,23,Yes,No,DSL,Yes,No,No internet service,Yes,No internet service,No internet service,Month-to-month,No,Bank transfer (automatic),23.57,543.11,No
CUST-06615,Male,0,No,No,63,No,Yes,Fiber optic,No,No,Yes,Yes,No,No,Month-to-month,Yes,Electronic check,76.32,5087.73,No
CUST-06616,Male,0,Yes,Yes,29,No,Yes,DSL,No internet service,No,No,No,No internet service,No,Two year,No,Electronic check,22.54,645.43,No
CUST-06617,Female,0,No,No,54,Yes,Yes,DSL,No,Yes,Yes,Yes,No,Yes,Month-to-month,No,Bank transfer (automatic),78.9,4129.24,No
CUST-06618,Male,0,No,No,70,Yes,Yes,No,No,No,No,No,No internet service,No internet service,Two year,Yes,Bank transfer (automatic),58.26,4189.55,No
CUST-06619,Male,0,Yes,Yes,58,Yes,No,Fiber optic,Yes,No internet service,Yes,Yes,No,Yes,Month-to-month,Yes,Bank transfer (automatic),22.6,1296.24,No
CUST-06620,Female,0,No,No,8,No,No,Fiber optic,No,Yes,No internet service,Yes,Yes,No,One year,No,Mailed check,43.62,335.24,No
CUST-06621,Male,0,No,Yes,4,Yes,No,Fiber optic,No internet service,No,Yes,No,No,Yes,Month-to-month,Yes,Electronic check,97.23,421.09,Yes
CUST-06622,Female,0,Yes,No,57,Yes,Yes,Fiber optic,No,No internet service,No,No,Yes,Yes,Month-to-month,No,Mailed check,67.91,4043.72,No
CUST-06623,Male,0,No,Yes,9,Yes,Yes,DSL,No internet service,Yes,No internet service,No,Yes,No internet service,One year,Yes,Electronic check,33.53,283.48,No
CUST-06624,Female,0,No,Yes,1,No,No,DSL,Yes,Yes,Yes,No internet service,No internet service,Yes,One year,Yes,Electronic check,69.57,72.91,No
CUST-06625,Male,0,Yes,No,19,Yes,No phone service,Fiber optic,No internet service,No internet service,Yes,No,No internet service,No,One year,Yes,Credit card (automatic),38.74,699.61,No
CUST-06626,Male,0,No,No,35,No,Yes,Fiber optic,No internet service,No,No,No,No,No,Month-to-month,No,Mailed check,79.35,2739.08,No
CUST-06627,Female,0,No,No,10,Yes,No,DSL,No internet service,Yes,Yes,No internet service,Yes,No,Two year,Yes,Credit card (automatic),36.22,341.73,No
CUST-06628,Female,1,Yes,No,11,No,No,DSL,Yes,No,No,Yes,No internet service,No internet service,Two year,Yes,Electronic check,61.1,620.12,No
CUST-06629,Female,0,No,No,25,Yes,No phone service,DSL,No,No internet service,Yes,Yes,Yes,No internet service,Month-to-month,Yes,Electronic check,68.01,1665.93,No
CUST-06630,Male,0,Yes,Yes,43,No,No,Fiber optic,Yes,Yes,No,No,No internet service,No,Month-to-month,Yes,Credit card (automatic),32.99,1434.2,No
CUST-06631,Female,0,No,No,39,Yes,No phone service,DSL,Yes,No,Yes,No,No,No,Month-to-month,No,Electronic check,24.55,919.56,No
CUST-06632,Female,1,Yes,Yes,57,Yes,Yes,Fiber optic,Yes,No,No internet service,Yes,Yes,Yes,Month-to-month,Yes,Electronic check,53.07,2767.87,No
CUST-06633,Male,0,No,Yes,6,Yes,No phone service,DSL,Yes,No internet service,Yes,No internet service,No,No internet service,One year,Yes,Bank transfer (automatic),95.15,542.31,Yes
CUST-06634,Male,0,No,Yes,3,Yes,Yes,Fiber optic,No,Yes,No internet service,No,No internet service,Yes,Two year,Yes,Electronic check,69.04,196.58,No
CUST-06635,Male,1,No,No,49,Yes,Yes,DSL,No,No internet service,No internet service,No internet service,No internet service,Yes,Month-to-month,No,Credit card (automatic),36.37,1814.48,No
CUST-06636,Male,0,Yes,No,12,Yes,No phone service,DSL,Yes,No,No internet service,No,No,No internet service,Month-to-month,Yes,Bank transfer (automatic),72.34,830.26,No
CUST-06637,Female,0,No,No,26,Yes,Yes,DSL,Yes,No,No,No,Yes,Yes,Month-to-month,No,Electronic check,74.95,1961.86,No
CUST-06638,Female,0,Yes,No,25,Yes,Yes,DSL,No,No,No internet service,No internet service,Yes,Yes,Two year,Yes,Mailed check,66.75,1658.85,No
CUST-06639,Male,0,Yes,Yes,50,Yes,Yes,No,No,No,No internet service,No,No internet service,No internet service,Two year,Yes,Bank transfer (automatic),20.46,975.2,No
CUST-06640,Male,0,Yes,Yes,19,Yes,No,DSL,No,Yes,No,No,No,Yes,Month-to-month,Yes,Bank transfer (automatic),25.23,502.5,No
CUST-06641,Female,0,No,No,64,Yes,Yes,No,No,No internet service,No internet service,Yes,No,No,Month-to-month,Yes,Electronic check,79.86,5282.35,No
CUST-06642,Female,0,Yes,No,6,No,No,DSL,No internet service,Yes,No internet service,Yes,No,No,Month-to-month,Yes,Electronic check,56.29,349.92,Yes
CUST-06643,Female,0,Yes,Yes,58,Yes,No,DSL,Yes,No internet service,No internet service,No,Yes,No internet service,Two year,No,Credit card (automatic),57.61,3296.99,No
CUST-06644,Male,0,Yes,No,13,No,No,DSL,No,No internet service,No,No,Yes,Yes,Month-to-month,Yes,Electronic check,97.64,1222.76,Yes
CUST-06645,Male,0,No,No,12,Yes,Yes,Fiber optic,No internet service,No,No internet service,Yes,No,Yes,Two year,No,Electronic check,74.81,914.01,Yes
CUST-06646,Female,1,Yes,Yes,12,Yes,No,No,No,Yes,No,No internet service,No internet service,Yes,Month-to-month,No,Mailed check,96.03,1258.17,Yes
CUST-06647,Female,0,Yes,No,50,Yes,No,Fiber optic,Yes,Yes,Yes,Yes,No internet service,Yes,Month-to-month,Yes,Bank transfer (automatic),59.28,2924.85,No
CUST-06648,Male,1,Yes,No,20,Yes,Yes,Fiber optic,No,No internet service,Yes,No internet service,Yes,No,Two year,No,Electronic check,70.6,1458.68,Yes
CUST-06649,Male,1,Yes,No,25,Yes,Yes,Fiber optic,No,Yes,No,No,No,Yes,Two year,No,Mailed check,66.67,1647.53,No
CUST-06650,Female,0,Yes,Yes,33,Yes,Yes,DSL,Yes,No,No,Yes,Yes,No,Month-to-month,No,Electronic check,49.1,1760.49,No
CUST-06651,Female,0,No,Yes,22,Yes,No phone service,Fiber optic,No,No internet service,Yes,No internet service,No,No,Two year,Yes,Electronic check,24.26,508.6,No
CUST-06652,Male,0,No,No,20,Yes,Yes,Fiber optic,Yes,Yes,Yes,Yes,No,Yes,Month-to-month,Yes,Credit card (automatic),74.56,1478.79,No
CUST-06653,Male,0,No,No,4,Yes,Yes,DSL,No,No,Yes,No,Yes,No internet service,Two year,Yes,Mailed check,96.4,385.11,Yes
CUST-06654,Male,0,No,Yes,20,No,No,Fiber optic,No,No,No,No,No internet service,No,Month-to-month,Yes,Credit card (automatic),41.38,865.45,No
CUST-06655,Male,0,Yes,No,10,Yes,No,Fiber optic,No,No,Yes,Yes,Yes,Yes,Two year,No,Credit card (automatic),59.42,620.5,Yes
CUST-06656,Male,1,No,No,51,Yes,No phone service,Fiber optic,Yes,No,No,No,No internet service,No internet service,Month-to-month,No,Credit card (automatic),38.67,2066.61,No
CUST-06657,Male,0,No,Yes,16,Yes,Yes,Fiber optic,No internet service,No,Yes,Yes,No internet service,Yes,Two year,Yes,Electronic check,42.23,707.16,No
CUST-06658,Male,0,Yes,Yes,10,Yes,No,No,No,Yes,Yes,No internet service,No internet service,No,Month-to-month,Yes,Mailed check,68.36,679.47,Yes
CUST-06659,Female,1,No,No,12,Yes,No phone service,Fiber optic,No,No,No internet service,No,No,Yes,One year,Yes,Mailed check,66.7,745.26,Yes
CUST-06660,Male,0,No,No,58,Yes,Yes,DSL,No internet service,Yes,No internet service,No,No,No,Two year,Yes,Mailed check,72.75,4532.11,No
CUST-06661,Male,0,Yes,Yes,3,No,Yes,No,Yes,No,No,No,Yes,No,Month-to-month,Yes,Electronic check,73.27,212.11,No
CUST-06662,Female,0,Yes,No,29,No,Yes,No,Yes,Yes,Yes,No internet service,No,No internet service,Two year,No,Bank transfer (automatic),52.19,1395.55,No
CUST-06663,Female,1,Yes,No,1,No,Yes,DSL,Yes,Yes,Yes,No,No internet service,No,Two year,Yes,Bank transfer (automatic),36.02,33.35,No
CUST-06664,Female,0,No,No,17,Yes,No,Fiber optic,Yes,No,No,No internet service,Yes,No,Month-to-month,No,Credit card (automatic),68.52,1163.62,Yes
CUST-06665,Male,0,No,Yes,24,Yes,Yes,DSL,Yes,Yes,No internet service,Yes,No,No internet service,Two year,Yes,Credit card (automatic),50.11,1184.83,No
CUST-06666,Female,0,No,No,64,No,Yes,Fiber optic,No internet service,No,No,No internet service,Yes,Yes,Month-to-month,No,Mailed check,53.86,3559.78,No
CUST-06667,Male,0,No,No,13,Yes,Yes,DSL,No,Yes,No internet service,No,Yes,Yes,One year,Yes,Electronic check,52.48,697.5,No
CUST-06668,Male,0,Yes,No,61,Yes,No,No,Yes,No internet service,No,No,Yes,No,Two year,Yes,Bank transfer (automatic),20.58,1156.81,No
CUST-06669,Female,0,No,Yes,25,Yes,No,No,No,Yes,No internet service,No,No internet service,Yes,One year,No,Credit card (automatic),22.75,545.63,No
CUST-06670,Female,0,Yes,No,66,Yes,Yes,DSL,No,Yes,No,No,No,Yes,Month-to-month,Yes,Electronic check,56.98,4058.72,No
CUST-06671,Male,0,Yes,Yes,15,Yes,Yes,No,Yes,No,Yes,No,No,No internet service,Month-to-month,No,Mailed check,67.67,1069.19,No
CUST-06672,Male,0,No,No,20,Yes,Yes,DSL,No internet service,No internet service,Yes,No,No,Yes,Month-to-month,No,Bank transfer (automatic),47.42,1018.68,No
CUST-06673,Male,0,No,Yes,25,Yes,No,DSL,No internet service,Yes,Yes,Yes,Yes,No internet service,Month-to-month,Yes,Electronic check,31.42,710.4,No
CUST-06674,Male,1,No,No,70,Yes,Yes,No,No,Yes,Yes,Yes,No,Yes,One year,No,Bank transfer (automatic),44.4,3364.15,No
CUST-06675,Male,0,No,No,53,Yes,Yes,Fiber optic,No,No,Yes,Yes,Yes,No internet service,Two year,No,Bank transfer (automatic),66.1,3756.29,No
CUST-06676,Male,0,No,No,58,Yes,Yes,DSL,Yes,No,No internet service,Yes,Yes,Yes,Month-to-month,Yes,Mailed check,26.52,1523.48,No
CUST-06677,Female,0,Yes,No,40,Yes,Yes,DSL,No,Yes,Yes,No internet service,No,No,Two year,No,Electronic check,53.61,2218.85,No
CUST-06678,Female,1,No,No,1,Yes,Yes,DSL,No,Yes,No,No,Yes,No,Month-to-month,Yes,Credit card (automatic),67.29,64.22,Yes
CUST-06679,Male,0,No,No,45,Yes,Yes,No,No,No internet service,No internet service,No,No,No,One year,No,Electronic check,44.95,2086.91,No
CUST-06680,Female,0,No,No,48,No,Yes,DSL,No,Yes,Yes,No,Yes,No internet service,One year,Yes,Credit card (automatic),56.08,2852.69,No
CUST-06681,Male,0,Yes,No,60,Yes,No,DSL,No,No,No,No,No,No internet service,Two year,Yes,Mailed check,73.01,4366.19,No
CUST-06682,Male,0,No,No,70,Yes,No phone service,No,No,No internet service,No,No,Yes,Yes,Month-to-month,Yes,Mailed check,32.77,2077.48,No
CUST-06683,Female,0,No,No,41,Yes,Yes,Fiber optic,Yes,Yes,No internet service,Yes,No,No,Month-to-month,Yes,Mailed check,28.1,1132.82,No
CUST-06684,Male,0,Yes,No,32,Yes,No,No,Yes,No,No internet service,No,No internet service,No,Month-to-month,Yes,Mailed check,23.65,790.85,No
CUST-06685,Female,0,Yes,No,47,Yes,Yes,Fiber optic,No,No,No internet service,No,No internet service,No internet service,Month-to-month,No,Credit card (automatic),63.57,3109.55,No
CUST-06686,Female,0,No,Yes,53,Yes,Yes,Fiber optic,No internet service,No,Yes,No,Yes,Yes,Month-to-month,Yes,Mailed check,74.03,3912.84,No
CUST-06687,Male,0,Yes,No,71,Yes,Yes,No,No internet service,Yes,No internet service,No internet service,Yes,Yes,Month-to-month,No,Mailed check,61.42,4784.44,No
CUST-06688,Male,0,No,No,50,Yes,Yes,No,No,No internet service,No internet service,No,No internet service,No internet service,Month-to-month,No,Credit card (automatic),78.59,3628.54,No
CUST-06689,Female,0,No,Yes,68,Yes,Yes,DSL,No,No internet service,No,Yes,Yes,Yes,Month-to-month,No,Electronic check,62.49,3958.91,No
CUST-06690,Male,0,Yes,No,52,Yes,Yes,Fiber optic,No,No,No,Yes,No,Yes,One year,No,Mailed check,37.31,1846.35,No
CUST-06691,Male,0,Yes,No,5,Yes,No phone service,Fiber optic,No,Yes,Yes,No internet service,Yes,Yes,One year,Yes,Electronic check,77.08,408.8,Yes
CUST-06692,Female,0,No,Yes,54,Yes,Yes,DSL,No,No,No internet service,No,Yes,No,One year,No,Electronic check,60.0,3410.31,No
CUST-06693,Male,0,Yes,No,63,Yes,Yes,DSL,No,No internet service,Yes,No internet service,No internet service,No,One year,Yes,Electronic check,60.55,4022.75,No
CUST-06694,Male,0,Yes,No,14,Yes,Yes,Fiber optic,No internet service,No internet service,No,No internet service,No internet service,No internet service,Two year,Yes,Credit card (automatic),51.43,774.69,No
CUST-06695,Male,0,Yes,Yes,71,Yes,No,DSL,No,Yes,No,No,No,No,Month-to-month,No,Credit card (automatic),51.61,3622.47,No
CUST-06696,Female,0,No,Yes,25,Yes,Yes,No,Yes,No,No internet service,Yes,No,No,Month-to-month,Yes,Electronic check,45.0,1084.18,No
CUST-06697,Male,0,Yes,No,57,Yes,No,DSL,Yes,No,No internet service,No internet service,No,No,Two year,No,Electronic check,41.0,2383.92,No
CUST-06698,Female,0,No,No,28,No,No phone service,Fiber optic,No,Yes,No,Yes,Yes,No,Month-to-month,No,Electronic check,58.04,1595.83,No
CUST-06699,Male,0,No,No,33,Yes,No,Fiber optic,No,Yes,Yes,No,No internet service,Yes,One year,Yes,Bank transfer (automatic),64.85,2150.25,No
CUST-06700,Female,0,Yes,No,54,Yes,No,Fiber optic,No internet service,Yes,No internet service,Yes,No internet service,No,Two year,No,Mailed check,68.8,3447.87,No
CUST-06701,Male,1,Yes,No,39,Yes,No,Fiber optic,Yes,Yes,Yes,No,No internet service,No internet service,Month-to-month,Yes,Mailed check,38.47,1469.24,No
CUST-06702,Male,0,No,Yes,51,Yes,Yes,Fiber optic,Yes,No,No internet service,No,Yes,No,Month-to-month,Yes,Credit card (automatic),71.46,3624.51,No
CUST-06703,Male,0,No,No,6,Yes,Yes,DSL,Yes,No,Yes,No,Yes,No,Month-to-month,Yes,Bank transfer (automatic),38.16,210.07,No
CUST-06704,Male,0,Yes,No,60,Yes,Yes,Fiber optic,No,No internet service,No,No internet service,Yes,No internet service,Two year,Yes,Mailed check,38.29,2524.61,No
CUST-06705,Male,0,Yes,No,30,Yes,Yes,No,No internet service,No,No,Yes,No,Yes,One year,Yes,Electronic check,68.36,1861.22,No
CUST-06706,Female,0,Yes,No,56,Yes,Yes,No,No,Yes,No,No internet service,No internet service,No,Month-to-month,Yes,Mailed check,78.16,4744.2,No
CUST-06707,Male,0,No,No,21,Yes,Yes,DSL,No,No,No,No,No internet service,Yes,Month-to-month,No,Electronic check,75.93,1460.65,No
CUST-06708,Male,0,Yes,Yes,28,Yes,Yes,No,No,Yes,Yes,No internet service,No internet service,No,Month-to-month,Yes,Electronic check,55.6,1668.67,Yes
CUST-06709,Male,0,No,No,42,Yes,Yes,No,No internet service,Yes,Yes,No,No internet service,Yes,Month-to-month,Yes,Credit card (automatic),37.31,1582.14,No
CUST-06710,Male,0,Yes,Yes,10,Yes,No phone service,DSL,No,No internet service,No,No,No,Yes,Month-to-month,Yes,Electronic check,65.59,616.07,No
CUST-06711,Male,0,Yes,Yes,34,Yes,Yes,No,No,Yes,Yes,Yes,No,Yes,Two year,No,Bank transfer (automatic),68.37,2199.67,No
CUST-06712,Female,0,Yes,No,11,Yes,No,Fiber optic,No internet service,No,No internet service,No internet service,Yes,No internet service,Two year,No,Bank transfer (automatic),89.06,950.59,Yes
CUST-06713,Female,0,No,Yes,60,Yes,No phone service,No,No,No internet service,No internet service,Yes,Yes,No internet service,Month-to-month,Yes,Electronic check,20.97,1332.19,No
CUST-06714,Female,1,No,No,63,Yes,No phone service,Fiber optic,Yes,No,Yes,No,No,No,Month-to-month,Yes,Electronic check,50.11,2934.14,No
CUST-06715,Male,0,Yes,No,9,Yes,No,DSL,No internet service,No,No,No,No internet service,Yes,Month-to-month,Yes,Electronic check,80.72,689.03,Yes
CUST-06716,Female,0,Yes,No,9,Yes,Yes,DSL,No,Yes,Yes,Yes,No,No,Month-to-month,Yes,Mailed check,95.91,896.45,Yes
CUST-06717,Male,0,Yes,No,13,Yes,No,Fiber optic,No internet service,Yes,Yes,Yes,No,No internet service,Month-to-month,Yes,Electronic check,59.41,789.94,No
CUST-06718,Male,0,No,No,64,Yes,Yes,DSL,No,No internet service,Yes,Yes,No,No,Month-to-month,Yes,Electronic check,28.08,1768.66,No
CUST-06719,Male,0,No,No,25,Yes,No,Fiber optic,No internet service,No internet service,No internet service,Yes,No internet service,Yes,Two year,No,Credit card (automatic),82.63,1884.19,Yes
CUST-06720,Male,0,Yes,No,71,Yes,No,DSL,No,No internet service,Yes,No,No,Yes,Month-to-month,Yes,Mailed check,57.28,4114.46,No
CUST-06721,Female,0,No,Yes,28,Yes,Yes,DSL,No,No,Yes,No,No,No,Two year,Yes,Electronic check,67.37,1784.2,Yes
CUST-06722,Male,0,Yes,No,26,No,No,Fiber optic,No,No,No,Yes,No,No,Month-to-month,No,Electronic check,42.33,1125.26,No
CUST-06723,Female,0,No,Yes,25,Yes,Yes,Fiber optic,No internet service,Yes,Yes,Yes,Yes,Yes,Two year,Yes,Credit card (automatic),92.82,2215.85,Yes
CUST-06724,Female,0,Yes,No,52,Yes,No phone service,DSL,No internet service,No internet service,Yes,No,Yes,Yes,Month-to-month,No,Mailed check,53.19,3031.59,No
CUST-06725,Female,0,Yes,No,10,Yes,No phone service,DSL,No,Yes,No internet service,Yes,Yes,Yes,Month-to-month,Yes,Electronic check,63.74,648.95,Yes
CUST-06726,Female,0,Yes,No,39,Yes,No,Fiber optic,No,No,No internet service,No,No internet service,No,Two year,Yes,Electronic check,44.75,1770.14,No
CUST-06727,Male,0,Yes,No,46,Yes,Yes,DSL,No internet service,No,No,No,No,Yes,Month-to-month,Yes,Bank transfer (automatic),55.68,2733.79,No
CUST-06728,Female,0,No,Yes,33,Yes,No phone service,DSL,No,No internet service,No,No,Yes,No,Month-to-month,No,Bank transfer (automatic),77.28,2801.78,No
CUST-06729,Female,0,No,No,27,Yes,Yes,No,Yes,No internet service,No,No,No,No internet service,One year,Yes,Mailed check,27.45,782.53,No
CUST-06730,Male,1,No,No,18,Yes,No phone service,DSL,Yes,No,No,No,Yes,No internet service,Month-to-month,Yes,Electronic check,35.77,655.95,No
CUST-06731,Male,0,No,No,30,Yes,Yes,No,No,Yes,Yes,Yes,No,Yes,Month-to-month,Yes,Bank transfer (automatic),75.0,2413.59,No
CUST-06732,Male,0,Yes,No,18,Yes,Yes,Fiber optic,Yes,No,No,No,No,No,Month-to-month,No,Electronic check,45.32,763.75,No
CUST-06733,Female,0,Yes,No,22,Yes,No,No,No,No internet service,No,No,No,No,Two year,Yes,Mailed check,36.32,841.27,No
CUST-06734,Female,0,Yes,Yes,14,Yes,No,Fiber optic,No internet service,Yes,No,No,No,No,Two year,Yes,Credit card (automatic),79.84,1157.98,No
CUST-06735,Female,1,No,No,27,Yes,No phone service,Fiber optic,No,No,No,No,No,No internet service,Month-to-month,Yes,Electronic check,26.13,714.43,No
CUST-06736,Female,0,Yes,No,45,Yes,Yes,No,Yes,Yes,No internet service,No internet service,Yes,No internet service,Two year,Yes,Mailed check,56.69,2738.17,No
CUST-06737,Male,0,No,No,27,Yes,No,DSL,No internet service,No,Yes,Yes,Yes,No,Month-to-month,No,Electronic check,67.28,1892.73,No
CUST-06738,Female,1,No,No,9,Yes,No,DSL,No,No,No,No,No internet service,No,Month-to-month,Yes,Electronic check,78.29,735.15,Yes
CUST-06739,Female,0,No,No,57,Yes,No,Fiber optic,Yes,No,Yes,Yes,Yes,Yes,Two year,Yes,Mailed check,46.51,2868.32,No
CUST-06740,Male,0,Yes,No,31,Yes,Yes,Fiber optic,No,Yes,No,No internet service,No,Yes,Month-to-month,Yes,Electronic check,22.64,729.83,No
CUST-06741,Male,0,Yes,No,42,Yes,Yes,Fiber optic,No,No,No,No internet service,No internet service,Yes,Month-to-month,Yes,Bank transfer (automatic),70.46,2814.56,No
CUST-06742,Female,1,Yes,No,17,Yes,No,No,No,Yes,Yes,Yes,No,Yes,Month-to-month,Yes,Electronic check,73.86,1176.17,Yes
CUST-06743,Female,1,Yes,No,36,Yes,Yes,DSL,No,No,Yes,Yes,Yes,Yes,One year,No,Credit card (automatic),34.24,1235.89,No
CUST-06744,Male,0,No,No,32,Yes,No,DSL,Yes,No internet service,No,No,No,No internet service,Month-to-month,No,Bank transfer (automatic),40.43,1225.17,No
CUST-06745,Male,0,No,Yes,54,Yes,No phone service,DSL,No,No,No,No,Yes,Yes,Two year,No,Electronic check,50.76,2850.48,No
CUST-06746,Male,0,No,No,61,No,No,DSL,No,No internet service,No internet service,No,Yes,Yes,Month-to-month,Yes,Electronic check,26.85,1750.11,No
CUST-06747,Male,0,Yes,Yes,65,Yes,Yes,DSL,Yes,No internet service,No internet service,No,No,No,Month-to-month,No,Electronic check,69.23,4312.59,No
CUST-06748,Male,0,Yes,No,6,Yes,Yes,DSL,No internet service,No,No internet service,No,Yes,No,One year,No,Credit card (automatic),95.41,619.8,Yes
CUST-06749,Female,0,Yes,Yes,25,Yes,No,DSL,Yes,No,No,Yes,Yes,No internet service,Month-to-month,Yes,Mailed check,38.49,1009.77,No
CUST-06750,Male,0,No,Yes,6,Yes,No,DSL,Yes,No,No,Yes,No,No,One year,No,Electronic check,75.44,496.83,No
CUST-06751,Male,1,No,Yes,32,No,No,Fiber optic,Yes,No,No,No,No,Yes,Month-to-month,Yes,Bank transfer (automatic),68.05,2046.38,No
CUST-06752,Male,0,No,No,71,Yes,No,Fiber optic,Yes,No,Yes,No,No internet service,Yes,Month-to-month,Yes,Electronic check,63.67,4485.8,No
CUST-06753,Female,0,Yes,Yes,26,Yes,No,No,No,Yes,Yes,Yes,No,No internet service,Month-to-month,Yes,Electronic check,83.88,2242.08,Yes
CUST-06754,Female,0,Yes,Yes,13,Yes,No phone service,DSL,No,Yes,Yes,Yes,Yes,No internet service,Month-to-month,Yes,Electronic check,86.63,1185.41,Yes
CUST-06755,Male,1,No,No,19,Yes,Yes,Fiber optic,No internet service,No,No internet service,No,Yes,No,One year,Yes,Credit card (automatic),90.37,1858.49,Yes
CUST-06756,Female,0,No,No,47,Yes,No,Fiber optic,No,No internet service,Yes,No,No internet service,No,One year,Yes,Mailed check,25.9,1312.56,No
CUST-06757,Male,1,Yes,Yes,41,Yes,Yes,No,Yes,No,No internet service,No,No,Yes,Month-to-month,Yes,Credit card (automatic),48.68,1890.55,No
CUST-06758,Male,0,Yes,No,19,Yes,Yes,Fiber optic,Yes,No,No,No internet service,Yes,Yes,Month-to-month,Yes,Electronic check,98.23,1837.43,Yes
CUST-06759,Male,0,Yes,Yes,7,Yes,Yes,DSL,Yes,Yes,No internet service,No internet service,No,No,One year,No,Electronic check,27.37,199.96,No
CUST-06760,Male,0,Yes,No,10,Yes,No,DSL,Yes,Yes,No,Yes,Yes,Yes,One year,Yes,Electronic check,64.24,595.16,No
CUST-06761,Female,0,No,No,14,No,Yes,Fiber optic,No,No internet service,Yes,Yes,Yes,No,Two year,No,Electronic check,48.51,741.53,No
CUST-06762,Male,0,Yes,No,55,Yes,Yes,Fiber optic,Yes,Yes,No,No,Yes,Yes,Month-to-month,Yes,Electronic check,47.33,2731.72,No
CUST-06763,Female,0,No,Yes,31,Yes,Yes,DSL,Yes,No,Yes,No,Yes,No internet service,Month-to-month,Yes,Bank transfer (automatic),54.89,1813.5,No
CUST-06764,Female,0,No,Yes,15,Yes,Yes,Fiber optic,No internet service,No,Yes,Yes,No,No,One year,No,Credit card (automatic),28.08,455.52,No
CUST-06765,Male,0,Yes,No,4,Yes,No,DSL,Yes,No,No,No internet service,No internet service,No,Two year,No,Bank transfer (automatic),32.0,119.76,No
CUST-06766,Female,0,Yes,Yes,35,Yes,No phone service,No,No,Yes,No,No,No,Yes,Two year,Yes,Bank transfer (automatic),30.84,1062.59,No
CUST-06767,Female,0,Yes,No,5,Yes,Yes,No,Yes,Yes,No,Yes,No internet service,Yes,Two year,Yes,Mailed check,61.29,315.75,Yes
CUST-06768,Female,0,No,Yes,13,Yes,Yes,No,No,No internet service,No,Yes,No,No,Two year,No,Electronic check,66.39,918.73,No
CUST-06769,Male,0,Yes,No,2,Yes,Yes,No,Yes,No,Yes,No internet service,No,No,Month-to-month,No,Mailed check,51.75,108.43,No
CUST-06770,Female,1,Yes,No,54,Yes,No phone service,No,Yes,No internet service,Yes,No,No,No,Month-to-month,No,Bank transfer (automatic),59.57,2973.29,No
CUST-06771,Male,0,No,Yes,56,Yes,No,DSL,No,Yes,No internet service,Yes,Yes,Yes,Month-to-month,Yes,Credit card (automatic),59.0,3400.26,No
CUST-06772,Female,0,No,Yes,1,Yes,No,Fiber optic,No,Yes,No,Yes,No internet service,Yes,One year,Yes,Electronic check,55.24,52.96,Yes
CUST-06773,Female,1,Yes,No,36,Yes,No,DSL,No internet service,No,Yes,Yes,Yes,No,Month-to-month,Yes,Bank transfer (automatic),25.2,890.23,No
CUST-06774,Female,0,No,No,18,Yes,No,Fiber optic,No,Yes,No,No,No,No internet service,One year,Yes,Credit card (automatic),53.3,1054.23,No
CUST-06775,Female,0,Yes,No,12,Yes,Yes,DSL,No,No,No,No,No,Yes,One year,Yes,Electronic check,58.52,654.07,Yes
CUST-06776,Male,1,Yes,No,8,No,No,Fiber optic,No,No,No,No,No internet service,No,Month-to-month,Yes,Electronic check,72.41,533.45,No
CUST-06777,Female,1,Yes,No,68,Yes,Yes,DSL,No internet service,Yes,Yes,No internet service,No internet service,Yes,One year,Yes,Mailed check,34.16,2280.67,No
CUST-06778,Male,0,No,Yes,52,Yes,No,No,No,Yes,Yes,No internet service,No,Yes,Two year,Yes,Electronic check,54.37,3033.14,No
CUST-06779,Male,0,Yes,No,1,Yes,Yes,No,Yes,No,No,Yes,Yes,Yes,Month-to-month,Yes,Mailed check,76.85,71.66,Yes
CUST-06780,Female,0,No,No,22,Yes,Yes,No,No,Yes,No,Yes,No internet service,Yes,Month-to-month,No,Bank transfer (automatic),64.57,1301.2,No
CUST-06781,Female,1,No,Yes,62,Yes,No,DSL,No internet service,No,No,Yes,Yes,No,Two year,Yes,Credit card (automatic),77.04,4698.96,No
CUST-06782,Male,0,No,No,37,Yes,Yes,No,No internet service,Yes,Yes,No,No,Yes,Month-to-month,Yes,Electronic check,44.69,1697.28,No
CUST-06783,Female,0,Yes,No,15,Yes,Yes,DSL,No internet service,Yes,No,No,Yes,No,Two year,Yes,Credit card (automatic),22.66,316.43,No
CUST-06784,Female,0,No,No,24,Yes,No,DSL,Yes,No internet service,No internet service,No internet service,No,Yes,Two year,No,Electronic check,59.69,1519.83,No
CUST-06785,Female,0,Yes,Yes,4,No,No,Fiber optic,No,No internet service,No,No,No,No internet service,Month-to-month,No,Bank transfer (automatic),70.74,302.54,Yes
CUST-06786,Male,1,No,No,56,Yes,Yes,DSL,No,Yes,No,No,No,No,One year,No,Electronic check,26.27,1477.77,No
CUST-06787,Female,0,No,Yes,52,Yes,No,No,No internet service,No internet service,Yes,Yes,Yes,No,Month-to-month,No,Credit card (automatic),59.69,2812.4,No
CUST-06788,Female,0,No,No,17,No,No,No,Yes,No,No,Yes,No internet service,No,One year,Yes,Bank transfer (automatic),26.17,446.32,No
CUST-06789,Male,0,No,No,46,Yes,Yes,Fiber optic,No,Yes,No,Yes,Yes,No,Month-to-month,Yes,Credit card (automatic),27.73,1202.66,No
CUST-06790,Male,0,No,Yes,67,Yes,No phone service,Fiber optic,No,No,Yes,Yes,No,Yes,Month-to-month,Yes,Credit card (automatic),46.34,3071.31,No
CUST-06791,Female,0,No,No,4,Yes,Yes,No,Yes,No,No,Yes,No internet service,Yes,Month-to-month,Yes,Bank transfer (automatic),47.14,198.36,No
CUST-06792,Female,1,No,No,23,Yes,Yes,Fiber optic,No internet service,Yes,No,No,No,No,One year,Yes,Credit card (automatic),74.82,1567.5,No
CUST-06793,Female,0,No,Yes,6,Yes,No,DSL,No,No internet service,Yes,No,Yes,No,Two year,No,Mailed check,36.57,197.48,No
CUST-06794,Male,0,Yes,No,8,Yes,Yes,Fiber optic,Yes,Yes,No,No,No,No internet service,One year,Yes,Electronic check,44.06,326.64,No
CUST-06795,Male,0,No,No,29,No,Yes,Fiber optic,No,No internet service,No,No,Yes,No,One year,No,Bank transfer (automatic),95.57,2519.53,Yes
CUST-06796,Female,0,No,Yes,15,Yes,No,No,No,No,No,Yes,Yes,Yes,One year,No,Electronic check,73.67,1052.1,Yes
CUST-06797,Male,0,No,No,13,Yes,No,No,Yes,No internet service,No,Yes,Yes,No,Month-to-month,Yes,Mailed check,40.95,522.16,No
CUST-06798,Male,0,Yes,No,6,Yes,Yes,Fiber optic,No internet service,No,Yes,No,No,Yes,One year,Yes,Credit card (automatic),57.86,366.58,No
CUST-06799,Female,0,No,Yes,70,Yes,Yes,DSL,No,Yes,No,No internet service,Yes,No internet service,Two year,Yes,Bank transfer (automatic),57.45,3643.74,No
CUST-06800,Female,0,Yes,No,34,Yes,Yes,Fiber optic,No,No,No internet service,No,No,No,Month-to-month,No,Credit card (automatic),38.19,1259.76,No
CUST-06801,Female,0,Yes,Yes,57,Yes,No,Fiber optic,No,No,No internet service,No internet service,No,No,Two year,Yes,Credit card (automatic),27.12,1678.61,No
CUST-06802,Male,0,No,No,9,Yes,No,Fiber optic,Yes,No,No internet service,No internet service,No,Yes,Month-to-month,No,Electronic check,66.33,606.09,Yes
CUST-06803,Female,0,Yes,Yes,46,Yes,Yes,No,No,No,No internet service,No,Yes,Yes,One year,Yes,Mailed check,36.08,1768.14,No
CUST-06804,Female,0,Yes,No,63,Yes,No,No,No,No,No internet service,Yes,No,No,Two year,Yes,Electronic check,39.1,2455.18,No
CUST-06805,Female,0,Yes,No,48,No,No,Fiber optic,No internet service,No internet service,No,No,No internet service,No,Month-to-month,No,Bank transfer (automatic),54.34,2398.21,No
CUST-06806,Male,0,No,No,21,Yes,Yes,No,No internet service,No,No,No,No,Yes,Two year,No,Electronic check,92.01,1811.23,Yes
CUST-06807,Female,0,No,No,15,Yes,Yes,DSL,No,No,No internet service,No internet service,No internet service,No,Two year,Yes,Mailed check,34.49,544.05,No
CUST-06808,Female,0,Yes,Yes,1,Yes,Yes,DSL,Yes,Yes,No,No,No internet service,Yes,Month-to-month,No,Credit card (automatic),64.82,69.54,Yes
CUST-06809,Female,0,Yes,No,27,Yes,No,Fiber optic,No,No,Yes,No internet service,No,No,Month-to-month,No,Mailed check,62.65,1680.57,Yes
CUST-06810,Female,1,No,No,33,Yes,No,Fiber optic,No internet service,No,Yes,No,No,Yes,Month-to-month,Yes,Mailed check,66.34,2185.92,No
CUST-06811,Male,0,Yes,No,4,No,No phone service,Fiber optic,No,Yes,No,No internet service,Yes,Yes,Two year,Yes,Electronic check,39.06,154.68,No
CUST-06812,Female,0,Yes,No,17,Yes,Yes,DSL,No,Yes,No,No,No,Yes,One year,No,Bank transfer (automatic),70.47,1082.59,Yes
CUST-06813,Male,1,No,Yes,31,Yes,Yes,Fiber optic,Yes,Yes,Yes,Yes,No,No internet service,Month-to-month,No,Electronic check,79.24,2257.72,No
CUST-06814,Male,0,Yes,Yes,13,Yes,Yes,Fiber optic,Yes,No,No,No,Yes,No,Two year,Yes,Bank transfer (automatic),59.2,845.31,No
CUST-06815,Male,0,No,Yes,40,Yes,No,Fiber optic,Yes,No,No,Yes,No,No,One year,Yes,Mailed check,61.13,2221.23,No
CUST-06816,Female,0,No,No,22,Yes,No,DSL,Yes,No,No,No,No,No internet service,Month-to-month,Yes,Credit card (automatic),23.31,497.33,No
CUST-06817,Female,0,Yes,Yes,19,No,No,Fiber optic,No,Yes,No,No,Yes,No,One year,Yes,Electronic check,71.41,1408.53,Yes
CUST-06818,Male,1,No,Yes,8,Yes,No phone service,Fiber optic,No,Yes,Yes,No internet service,Yes,No,Two year,Yes,Electronic check,37.67,296.83,No
CUST-06819,Female,0,Yes,No,36,Yes,Yes,Fiber optic,No,Yes,No,No,No internet service,No internet service,Month-to-month,Yes,Mailed check,70.52,2783.79,No
CUST-06820,Female,0,No,No,14,Yes,No,Fiber optic,No,No,Yes,Yes,Yes,Yes,Two year,Yes,Mailed check,74.64,947.31,No
CUST-06821,Female,0,Yes,No,12,Yes,Yes,Fiber optic,No internet service,No,No,No internet service,No,No,One year,No,Electronic check,96.79,1248.49,Yes
CUST-06822,Male,1,No,No,67,Yes,No,DSL,No internet service,No internet service,No,No,No,No internet service,Month-to-month,Yes,Mailed check,62.85,3903.34,No
CUST-06823,Female,0,Yes,No,65,Yes,No,DSL,No,No,Yes,No,Yes,Yes,One year,Yes,Credit card (automatic),72.45,4431.24,No
CUST-06824,Female,0,No,No,48,No,Yes,DSL,No,No,No internet service,No,No internet service,No internet service,One year,No,Credit card (automatic),72.73,3510.8,No
CUST-06825,Female,0,No,Yes,58,Yes,Yes,Fiber optic,No internet service,No,No,No,Yes,Yes,Two year,No,Electronic check,47.53,2961.54,No
CUST-06826,Male,0,Yes,No,66,Yes,Yes,No,Yes,No,Yes,No,No,Yes,Month-to-month,Yes,Electronic check,35.53,2304.68,No
CUST-06827,Female,0,No,No,49,Yes,No,No,No,No,No,No internet service,Yes,No internet service,Two year,Yes,Electronic check,77.38,3635.08,No
CUST-06828,Male,0,Yes,Yes,19,Yes,No,Fiber optic,No,No,No,Yes,No,Yes,One year,No,Electronic check,36.59,681.54,No
CUST-06829,Male,0,No,Yes,36,Yes,No phone service,Fiber optic,No,Yes,No internet service,Yes,No internet service,Yes,Month-to-month,Yes,Electronic check,35.16,1163.07,No
CUST-06830,Male,0,Yes,Yes,61,Yes,Yes,No,No,No internet service,No internet service,No,No internet service,No internet service,One year,Yes,Electronic check,32.34,2106.19,No
CUST-06831,Female,0,No,No,48,Yes,No,No,Yes,No internet service,No,No,No,No internet service,One year,Yes,Bank transfer (automatic),51.95,2700.68,No
CUST-06832,Male,0,Yes,Yes,24,Yes,Yes,No,No,No internet service,No,No,No internet service,No internet service,Month-to-month,Yes,Credit card (automatic),81.19,2017.06,Yes
CUST-06833,Female,0,Yes,No,12,Yes,No,DSL,No internet service,No internet service,No,No,No,Yes,Month-to-month,No,Bank transfer (automatic),54.24,643.68,No
CUST-06834,Female,0,No,No,23,Yes,No,Fiber optic,No internet service,Yes,Yes,Yes,No,No,Month-to-month,No,Mailed check,88.85,2090.2,Yes
CUST-06835,Male,0,Yes,No,27,Yes,No,Fiber optic,No,No,No,No,Yes,Yes,Two year,Yes,Bank transfer (automatic),50.3,1372.19,No
CUST-06836,Female,0,Yes,Yes,58,No,Yes,DSL,No internet service,Yes,No,No,No,No,Two year,No,Credit card (automatic),77.92,4114.02,No
CUST-06837,Male,1,No,No,9,Yes,No,Fiber optic,No,No,No,No,No internet service,No internet service,Month-to-month,Yes,Mailed check,60.35,531.68,Yes
CUST-06838,Female,0,Yes,No,5,Yes,No,DSL,Yes,No internet service,No,No,Yes,Yes,Two year,No,Electronic check,67.54,348.29,No
CUST-06839,Male,1,No,Yes,66,Yes,No,Fiber optic,No,No,No,No,Yes,No,Two year,No,Electronic check,56.48,3986.98,No
CUST-06840,Female,0,Yes,No,15,Yes,No phone service,Fiber optic,No internet service,Yes,No,No,Yes,Yes,One year,No,Mailed check,99.83,1455.21,Yes
CUST-06841,Female,0,Yes,Yes,28,Yes,No,DSL,No,No,No internet service,Yes,No internet service,Yes,Two year,Yes,Electronic check,53.3,1587.7,No
CUST-06842,Female,0,No,No,59,Yes,Yes,Fiber optic,No internet service,Yes,No,No internet service,Yes,No internet service,One year,Yes,Electronic check,32.43,2011.69,No
CUST-06843,Female,0,Yes,No,27,Yes,Yes,DSL,No,Yes,No,No,No internet service,Yes,One year,No,Credit card (automatic),75.51,2213.82,No
CUST-06844,Female,0,No,Yes,44,Yes,Yes,No,Yes,Yes,No,No internet service,No internet service,No,Month-to-month,No,Bank transfer (automatic),50.13,2421.63,No
CUST-06845,Male,0,No,Yes,66,Yes,No,DSL,Yes,Yes,Yes,No,No internet service,Yes,Month-to-month,Yes,Mailed check,74.46,4463.94,No
CUST-06846,Male,1,No,Yes,37,Yes,No,Fiber optic,No,No internet service,No,Yes,No,No,Month-to-month,No,Electronic check,43.59,1592.66,No
CUST-06847,Female,0,Yes,Yes,24,Yes,No,Fiber optic,No,Yes,Yes,No,No,No internet service,One year,Yes,Mailed check,85.7,2169.33,Yes
CUST-06848,Male,0,Yes,No,4,Yes,No,Fiber optic,No,Yes,Yes,No,Yes,Yes,Month-to-month,No,Credit card (automatic),64.61,275.14,Yes
CUST-06849,Male,0,Yes,No,64,Yes,No phone service,Fiber optic,No,Yes,No,No internet service,Yes,Yes,Month-to-month,Yes,Credit card (automatic),58.07,3406.42,No
CUST-06850,Male,0,Yes,Yes,6,Yes,No,No,Yes,No,Yes,No,Yes,Yes,Month-to-month,Yes,Mailed check,46.38,284.21,No
CUST-06851,Male,0,Yes,No,20,Yes,No,Fiber optic,No,Yes,No,No,Yes,No,One year,No,Bank transfer (automatic),72.72,1570.3,No
CUST-06852,Male,0,Yes,No,17,Yes,Yes,DSL,No,Yes,No internet service,Yes,No,No internet service,Two year,Yes,Electronic check,72.77,1169.56,Yes
CUST-06853,Female,0,No,No,35,Yes,No phone service,No,No,No internet service,No,Yes,No,Yes,Month-to-month,Yes,Bank transfer (automatic),20.77,704.76,No
CUST-06854,Female,0,Yes,No,13,No,No,Fiber optic,No internet service,No,No,No,No,Yes,Month-to-month,Yes,Electronic check,61.59,783.83,No
CUST-06855,Male,0,Yes,No,16,Yes,No,DSL,No internet service,Yes,Yes,No,No internet service,Yes,Month-to-month,Yes,Electronic check,85.45,1338.36,Yes
CUST-06856,Female,1,No,Yes,19,Yes,No,Fiber optic,Yes,Yes,Yes,No,No,Yes,Month-to-month,Yes,Bank transfer (automatic),48.87,939.99,No
CUST-06857,Male,1,No,Yes,38,Yes,Yes,DSL,Yes,No,No internet service,No,Yes,Yes,One year,Yes,Mailed check,31.52,1092.55,No
CUST-06858,Male,0,No,No,17,Yes,Yes,Fiber optic,Yes,No,No internet service,Yes,Yes,No,Month-to-month,Yes,Credit card (automatic),34.52,619.61,No
CUST-06859,Female,1,No,Yes,29,Yes,No,Fiber optic,No,Yes,Yes,No internet service,No internet service,Yes,Month-to-month,No,Mailed check,78.79,2112.57,No
CUST-06860,Male,1,Yes,Yes,15,Yes,No,DSL,No,No,No,No,Yes,Yes,Two year,Yes,Electronic check,70.42,1122.49,Yes
CUST-06861,Male,0,Yes,No,28,Yes,No phone service,Fiber optic,Yes,No internet service,No internet service,No,Yes,No,Two year,No,Electronic check,61.83,1564.03,Yes
CUST-06862,Female,0,Yes,No,55,Yes,Yes,DSL,No,No,No internet service,No,No,Yes,Month-to-month,No,Credit card (automatic),58.25,3387.66,No
CUST-06863,Male,1,Yes,No,2,Yes,No,Fiber optic,No,Yes,No,Yes,No internet service,No internet service,Month-to-month,Yes,Bank transfer (automatic),89.61,174.03,Yes
CUST-06864,Male,0,Yes,No,33,No,Yes,No,No,No internet service,No,No,No,No,One year,No,Mailed check,76.12,2590.26,No
CUST-06865,Male,0,Yes,Yes,48,Yes,No,DSL,No,No,No,Yes,Yes,No,Month-to-month,Yes,Electronic check,32.08,1441.04,No
CUST-06866,Female,0,No,Yes,4,Yes,No phone service,DSL,Yes,No,Yes,Yes,No internet service,No internet service,One year,No,Bank transfer (automatic),98.67,397.6,Yes
CUST-06867,Female,0,Yes,No,18,Yes,Yes,DSL,No internet service,No,No,Yes,No,Yes,Month-to-month,Yes,Electronic check,67.43,1164.97,No
CUST-06868,Female,0,No,Yes,4,Yes,Yes,Fiber optic,Yes,No,No,Yes,No,No,One year,Yes,Bank transfer (automatic),65.81,237.12,No
CUST-06869,Female,0,No,No,54,Yes,No,No,No,No,Yes,No,No,No,Month-to-month,Yes,Electronic check,39.18,2210.99,No
CUST-06870,Female,0,Yes,Yes,64,Yes,No,DSL,No internet service,No,Yes,No,No,Yes,Month-to-month,Yes,Credit card (automatic),70.36,4170.87,No
CUST-06871,Female,0,Yes,Yes,41,Yes,Yes,DSL,No internet service,No internet service,No,No,No internet service,Yes,Two year,No,Electronic check,77.73,3467.19,No
CUST-06872,Male,0,Yes,Yes,5,Yes,Yes,Fiber optic,No,No internet service,No,Yes,Yes,No,Two year,No,Mailed check,48.44,244.32,No
CUST-06873,Female,1,Yes,Yes,36,Yes,Yes,Fiber optic,No,No,No,No,Yes,No internet service,One year,Yes,Bank transfer (automatic),59.14,1916.85,No
CUST-06874,Female,0,Yes,No,1,Yes,No,DSL,No,No,Yes,No internet service,Yes,No,Month-to-month,No,Bank transfer (automatic),59.91,65.24,Yes
CUST-06875,Male,0,Yes,Yes,33,Yes,No,DSL,Yes,No,Yes,No internet service,No,Yes,Two year,No,Mailed check,41.24,1260.97,No
CUST-06876,Female,0,No,No,4,Yes,Yes,DSL,No,No,No internet service,No,No,No,Month-to-month,Yes,Mailed check,48.18,205.59,No
CUST-06877,Male,1,Yes,No,18,Yes,No phone service,DSL,No,Yes,Yes,No,No internet service,Yes,Month-to-month,Yes,Mailed check,61.72,1073.03,Yes
CUST-06878,Male,0,Yes,No,19,Yes,No,Fiber optic,No internet service,No,Yes,No internet service,Yes,No,Two year,Yes,Credit card (automatic),94.02,1810.7,Yes
CUST-06879,Male,0,No,Yes,4,Yes,No phone service,DSL,Yes,No internet service,No internet service,No,No,No internet service,Month-to-month,No,Electronic check,29.93,127.76,No
CUST-06880,Female,0,Yes,Yes,65,Yes,Yes,DSL,No,No,Yes,Yes,No internet service,No internet service,Month-to-month,Yes,Bank transfer (automatic),20.31,1201.38,No
CUST-06881,Female,0,No,Yes,37,Yes,Yes,No,No internet service,No,No,No,No internet service,Yes,One year,Yes,Mailed check,46.37,1777.47,No
CUST-06882,Male,0,No,Yes,5,Yes,Yes,DSL,Yes,Yes,No internet service,No,No,No internet service,Two year,No,Bank transfer (automatic),81.06,376.81,Yes
CUST-06883,Female,0,No,No,67,Yes,No phone service,No,No,No internet service,Yes,No,Yes,Yes,Month-to-month,Yes,Credit card (automatic),53.75,3757.11,No
CUST-06884,Female,0,Yes,No,16,Yes,Yes,Fiber optic,No,No,No,Yes,No,No internet service,One year,Yes,Credit card (automatic),51.22,763.91,No
CUST-06885,Female,0,No,Yes,17,Yes,No,Fiber optic,Yes,No,No internet service,Yes,Yes,No,One year,Yes,Electronic check,91.78,1411.08,Yes
CUST-06886,Female,0,Yes,Yes,11,Yes,Yes,No,No,Yes,Yes,No,No,No internet service,Month-to-month,No,Electronic check,76.39,782.38,Yes
CUST-06887,Female,0,No,No,25,Yes,Yes,Fiber optic,No,Yes,No,Yes,Yes,Yes,Month-to-month,Yes,Electronic check,21.47,550.25,No
CUST-06888,Male,0,Yes,Yes,27,Yes,No,DSL,No,Yes,No,No,No,No,Month-to-month,Yes,Bank transfer (automatic),70.46,2087.23,Yes
CUST-06889,Male,0,No,No,43,Yes,Yes,No,Yes,No,No,No,No,No internet service,Month-to-month,Yes,Mailed check,37.57,1767.41,No
CUST-06890,Female,0,Yes,No,23,No,Yes,Fiber optic,No,Yes,No,Yes,Yes,No,One year,No,Bank transfer (automatic),62.78,1514.89,No
CUST-06891,Female,0,No,No,57,Yes,Yes,Fiber optic,Yes,No,No,Yes,Yes,Yes,Two year,Yes,Credit card (automatic),57.79,3507.87,No
CUST-06892,Male,0,No,No,24,Yes,Yes,DSL,No,Yes,No,No internet service,No,No,Month-to-month,Yes,Electronic check,78.79,2032.39,Yes
CUST-06893,Male,1,Yes,No,48,Yes,No,DSL,No,No,No internet service,No,Yes,Yes,One year,No,Electronic check,21.3,1028.2,No
CUST-06894,Female,0,Yes,No,26,Yes,No,No,Yes,No,Yes,No,Yes,Yes,Month-to-month,Yes,Credit card (automatic),91.46,2248.89,Yes
CUST-06895,Female,0,Yes,No,38,Yes,No phone service,Fiber optic,Yes,Yes,Yes,No,No,Yes,Month-to-month,Yes,Credit card (automatic),39.49,1548.97,No
CUST-06896,Female,0,No,No,12,Yes,No,Fiber optic,No internet service,No,Yes,Yes,Yes,Yes,Two year,Yes,Mailed check,94.99,1058.17,Yes
CUST-06897,Male,1,No,No,20,Yes,Yes,Fiber optic,No,No,No,No,Yes,Yes,Two year,No,Electronic check,76.36,1628.72,Yes
CUST-06898,Female,0,No,No,65,Yes,Yes,Fiber optic,No,Yes,No,No,No,No,Month-to-month,No,Electronic check,29.87,1907.41,No
CUST-06899,Male,0,No,Yes,16,Yes,Yes,Fiber optic,Yes,No,No,Yes,No,No,Month-to-month,No,Mailed check,36.2,552.15,No
CUST-06900,Male,1,Yes,No,34,No,Yes,DSL,Yes,No,Yes,No,No,No,Month-to-month,Yes,Bank transfer (automatic),69.94,2541.31,No
CUST-06901,Female,0,Yes,No,40,Yes,No,No,No,No,Yes,No internet service,No internet service,No internet service,One year,Yes,Bank transfer (automatic),75.51,2785.53,No
CUST-06902,Female,1,Yes,No,18,Yes,Yes,DSL,No,No internet service,Yes,No,No,Yes,Two year,No,Mailed check,99.21,1955.37,Yes
CUST-06903,Male,0,No,Yes,70,Yes,No,Fiber optic,No,No,No,No internet service,No,Yes,Month-to-month,Yes,Electronic check,52.4,3998.42,No
CUST-06904,Male,0,No,No,37,Yes,No,No,No internet service,No,No,No,Yes,No,Month-to-month,Yes,Mailed check,23.17,875.94,No
CUST-06905,Female,0,No,Yes,43,Yes,Yes,Fiber optic,Yes,Yes,No internet service,No,No internet service,No,Month-to-month,No,Mailed check,68.48,3069.57,No
CUST-06906,Male,0,No,No,15,No,Yes,Fiber optic,No,No,Yes,No,No internet service,Yes,Two year,No,Bank transfer (automatic),89.67,1220.54,Yes
CUST-06907,Female,1,No,No,30,Yes,Yes,No,No,No internet service,Yes,No,No,No internet service,Two year,Yes,Credit card (automatic),48.74,1443.8,No
CUST-06908,Male,0,No,Yes,45,Yes,No,DSL,Yes,No internet service,No,No internet service,No,No internet service,Month-to-month,Yes,Bank transfer (automatic),38.15,1848.81,No
CUST-06909,Female,0,No,No,31,No,No,Fiber optic,No,No,No,No,No,Yes,Month-to-month,Yes,Mailed check,46.63,1304.31,No
CUST-06910,Male,0,No,No,55,Yes,No,No,No,Yes,No,Yes,No,No,Two year,Yes,Electronic check,64.12,3378.92,No
CUST-06911,Male,0,No,No,10,Yes,No,Fiber optic,No,Yes,No internet service,No,No,Yes,One year,Yes,Electronic check,24.85,241.24,No
CUST-06912,Male,0,No,Yes,11,Yes,Yes,Fiber optic,No internet service,No internet service,No,No internet service,No internet service,Yes,Month-to-month,No,Electronic check,50.41,573.93,No
CUST-06913,Female,0,No,No,25,Yes,Yes,No,No,No internet service,Yes,No,Yes,No internet service,Two year,No,Electronic check,22.08,574.61,No
CUST-06914,Female,0,No,No,23,Yes,Yes,Fiber optic,No internet service,No,No internet service,No,No,No,Two year,No,Bank transfer (automatic),66.34,1393.13,No
CUST-06915,Female,1,No,Yes,28,Yes,No phone service,No,No,No,No,No,Yes,Yes,Month-to-month,No,Credit card (automatic),63.52,1678.08,Yes
CUST-06916,Female,0,No,No,62,Yes,No,Fiber optic,No internet service,Yes,Yes,No,No internet service,Yes,Month-to-month,No,Electronic check,74.2,4899.88,No
CUST-06917,Male,0,No,No,12,Yes,Yes,DSL,No,No,Yes,No internet service,No internet service,No,Two year,Yes,Electronic check,82.81,932.47,Yes
CUST-06918,Male,0,No,No,1,Yes,No,No,No,No,No,Yes,No,Yes,Month-to-month,Yes,Credit card (automatic),68.51,65.59,Yes
CUST-06919,Female,0,Yes,No,21,Yes,No,No,Yes,Yes,No internet service,Yes,No,No internet service,Month-to-month,Yes,Credit card (automatic),41.62,814.98,No
CUST-06920,Female,0,No,No,19,Yes,Yes,Fiber optic,Yes,No,Yes,No,No internet service,No internet service,Month-to-month,Yes,Mailed check,65.02,1298.22,Yes
CUST-06921,Female,0,Yes,Yes,51,Yes,No phone service,DSL,No,No,No internet service,Yes,Yes,No internet service,Month-to-month,Yes,Mailed check,40.28,1859.99,No
CUST-06922,Female,1,No,No,7,Yes,No,No,Yes,No internet service,Yes,No internet service,No,No internet service,Month-to-month,No,Electronic check,75.9,510.25,Yes
CUST-06923,Male,0,Yes,No,69,Yes,Yes,Fiber optic,No,No,No,Yes,Yes,No,Month-to-month,No,Credit card (automatic),31.74,2204.21,No
CUST-06924,Female,0,Yes,No,42,No,No,DSL,Yes,No internet service,Yes,No,Yes,No,Two year,No,Electronic check,40.71,1540.9,No
CUST-06925,Male,0,Yes,Yes,16,Yes,Yes,Fiber optic,No,No,No,No internet service,Yes,No,Month-to-month,Yes,Mailed check,92.54,1615.08,Yes
CUST-06926,Female,1,No,Yes,5,Yes,No,No,No,Yes,No internet service,Yes,No,No internet service,One year,Yes,Bank transfer (automatic),34.74,186.53,No
CUST-06927,Female,1,Yes,No,49,No,No,Fiber optic,No,No internet service,No,No internet service,No,Yes,Two year,Yes,Credit card (automatic),69.28,3494.74,No
CUST-06928,Female,0,Yes,Yes,58,Yes,Yes,Fiber optic,No,No,No internet service,Yes,No internet service,No internet service,Month-to-month,No,Mailed check,71.68,4106.83,No
CUST-06929,Male,0,Yes,Yes,40,Yes,No,Fiber optic,No,No,Yes,Yes,No,No,Two year,Yes,Electronic check,59.98,2233.8,No
CUST-06930,Male,0,No,No,8,Yes,No,Fiber optic,No internet service,No,No,Yes,Yes,No,Two year,Yes,Electronic check,92.42,747.29,Yes
CUST-06931,Female,0,No,No,23,Yes,No,Fiber optic,No,No,Yes,No,Yes,No,Month-to-month,No,Electronic check,53.66,1169.81,No
CUST-06932,Female,0,Yes,Yes,22,Yes,No phone service,DSL,Yes,No internet service,No internet service,No,Yes,No,Month-to-month,Yes,Mailed check,89.16,2015.66,Yes
CUST-06933,Male,1,No,Yes,45,Yes,No,DSL,No,Yes,No,Yes,No,No internet service,Month-to-month,No,Mailed check,41.95,1753.94,No
CUST-06934,Male,0,Yes,No,15,Yes,Yes,No,No,Yes,No,No,No,Yes,Month-to-month,No,Bank transfer (automatic),92.1,1441.49,Yes
CUST-06935,Female,0,Yes,No,13,Yes,Yes,DSL,No,Yes,Yes,No internet service,Yes,Yes,Two year,Yes,Mailed check,99.41,1246.56,Yes
CUST-06936,Female,1,Yes,Yes,50,Yes,No,Fiber optic,No,No,Yes,Yes,No,No,Month-to-month,Yes,Bank transfer (automatic),45.38,2269.9,No
CUST-06937,Male,0,Yes,No,31,Yes,Yes,DSL,No,No,No,No,No,Yes,One year,No,Electronic check,24.21,699.75,No
CUST-06938,Male,0,No,Yes,43,Yes,Yes,No,No internet service,No internet service,Yes,No,Yes,No,Month-to-month,Yes,Mailed check,34.26,1401.37,No
CUST-06939,Male,0,No,Yes,25,Yes,No,DSL,Yes,No,Yes,Yes,Yes,Yes,One year,No,Bank transfer (automatic),81.54,2018.2,Yes
CUST-06940,Female,1,No,No,2,No,No,Fiber optic,Yes,No,No,No internet service,No,No,Two year,Yes,Bank transfer (automatic),89.68,177.86,Yes
CUST-06941,Female,0,No,No,24,Yes,No,Fiber optic,No internet service,No,No,No internet service,No,No,Month-to-month,No,Bank transfer (automatic),80.27,2119.04,Yes
CUST-06942,Female,0,Yes,No,39,Yes,Yes,Fiber optic,No internet service,Yes,Yes,No,No,Yes,Month-to-month,Yes,Bank transfer (automatic),75.85,2860.78,No
CUST-06943,Female,0,Yes,Yes,21,Yes,No,DSL,No,No,No internet service,No internet service,No,No,Month-to-month,Yes,Credit card (automatic),87.39,1682.64,Yes
CUST-06944,Male,1,Yes,No,50,Yes,No phone service,No,No,No,No internet service,Yes,No internet service,Yes,Month-to-month,No,Electronic check,27.76,1394.72,No
CUST-06945,Female,0,No,Yes,28,Yes,Yes,DSL,No,No,No internet service,Yes,No,No internet service,Month-to-month,No,Electronic check,31.96,862.99,No
CUST-06946,Male,0,No,Yes,22,Yes,Yes,Fiber optic,No,No internet service,Yes,No,No,No,Month-to-month,Yes,Bank transfer (automatic),92.85,2197.04,Yes
CUST-06947,Male,1,No,No,8,Yes,Yes,DSL,No,Yes,No,No,Yes,Yes,Month-to-month,Yes,Electronic check,80.94,610.0,Yes
CUST-06948,Female,0,Yes,No,10,Yes,Yes,Fiber optic,No,Yes,No,No internet service,Yes,Yes,Two year,Yes,Credit card (automatic),23.98,256.86,No
CUST-06949,Female,0,Yes,No,19,Yes,Yes,DSL,No,No,No,No,Yes,No internet service,Month-to-month,Yes,Bank transfer (automatic),69.79,1369.39,Yes
CUST-06950,Female,0,No,No,13,Yes,Yes,Fiber optic,No,Yes,Yes,No,No,Yes,Month-to-month,Yes,Mailed check,80.72,983.88,Yes
CUST-06951,Female,0,No,No,15,Yes,Yes,Fiber optic,No,Yes,No,No,No internet service,No internet service,Month-to-month,No,Mailed check,39.1,575.39,No
CUST-06952,Female,0,Yes,No,32,Yes,Yes,Fiber optic,No,No internet service,Yes,Yes,Yes,Yes,Two year,No,Electronic check,66.52,2125.42,No
CUST-06953,Male,0,No,Yes,67,Yes,No,DSL,No,No internet service,No internet service,No,No,Yes,One year,Yes,Mailed check,55.98,3767.01,No
CUST-06954,Female,0,No,No,66,Yes,Yes,Fiber optic,No internet service,No,Yes,Yes,No,No,Month-to-month,No,Electronic check,70.73,4572.1,No
CUST-06955,Male,0,No,Yes,28,Yes,No,DSL,No,Yes,No internet service,No internet service,No internet service,Yes,Month-to-month,No,Mailed check,55.0,1566.07,Yes
CUST-06956,Female,0,Yes,No,1,Yes,Yes,No,No,No internet service,No,No internet service,Yes,Yes,Month-to-month,Yes,Electronic check,79.16,82.59,Yes
CUST-06957,Male,0,No,Yes,15,Yes,Yes,No,Yes,No internet service,Yes,No,No,No,Two year,Yes,Credit card (automatic),24.36,365.85,No
CUST-06958,Male,0,No,No,26,Yes,No,DSL,No,No,No,Yes,No internet service,No internet service,Month-to-month,No,Bank transfer (automatic),20.57,545.78,No
CUST-06959,Male,1,No,No,55,Yes,No phone service,Fiber optic,Yes,No,No,No,Yes,No,Month-to-month,Yes,Bank transfer (automatic),72.48,4273.1,No
CUST-06960,Female,0,No,Yes,24,Yes,Yes,No,No,Yes,Yes,Yes,Yes,Yes,One year,Yes,Electronic check,69.29,1662.21,Yes
CUST-06961,Female,0,Yes,No,69,No,Yes,DSL,No,No,No,Yes,Yes,No internet service,Month-to-month,No,Bank transfer (automatic),46.72,3169.72,No
CUST-06962,Male,0,No,No,28,Yes,Yes,DSL,No,Yes,No,No,No,No internet service,Two year,Yes,Bank transfer (automatic),33.91,901.58,No
CUST-06963,Female,1,Yes,No,35,Yes,No,Fiber optic,No,No internet service,Yes,Yes,Yes,No internet service,Two year,No,Mailed check,72.61,2353.98,No
CUST-06964,Female,0,Yes,Yes,37,Yes,Yes,DSL,No internet service,No,No,Yes,Yes,No,Month-to-month,Yes,Bank transfer (automatic),43.07,1527.38,No
CUST-06965,Male,0,No,No,4,Yes,Yes,Fiber optic,Yes,Yes,No,No,Yes,No,Two year,Yes,Electronic check,30.75,120.69,No
CUST-06966,Female,0,No,Yes,9,Yes,Yes,No,Yes,Yes,No internet service,No internet service,No,Yes,Month-to-month,Yes,Credit card (automatic),56.48,535.19,No
CUST-06967,Male,0,Yes,Yes,8,Yes,No,Fiber optic,No,Yes,No internet service,No,No,Yes,One year,Yes,Electronic check,79.7,601.57,Yes
CUST-06968,Female,0,Yes,Yes,53,Yes,No,No,No,Yes,Yes,No,Yes,No,Month-to-month,Yes,Mailed check,35.64,1965.29,No
CUST-06969,Male,1,Yes,No,16,Yes,Yes,DSL,Yes,No,No,Yes,No internet service,Yes,Month-to-month,Yes,Bank transfer (automatic),60.37,884.6,No
CUST-06970,Male,0,No,Yes,17,Yes,Yes,No,No,Yes,Yes,No internet service,Yes,Yes,Month-to-month,No,Mailed check,78.03,1235.88,Yes
CUST-06971,Female,0,No,No,27,Yes,No,DSL,No,No,No,Yes,Yes,Yes,One year,No,Mailed check,65.29,1701.6,No
CUST-06972,Female,0,Yes,No,9,Yes,No,No,No,No,Yes,No,No,No,One year,Yes,Credit card (automatic),97.42,871.49,Yes
CUST-06973,Female,0,No,No,9,No,Yes,No,Yes,No internet service,Yes,No,No internet service,No,Month-to-month,Yes,Mailed check,38.75,326.49,No
CUST-06974,Female,0,Yes,No,24,Yes,Yes,Fiber optic,Yes,No internet service,No internet service,No,No internet service,Yes,Two year,No,Mailed check,67.78,1500.5,No
CUST-06975,Female,0,No,No,15,Yes,No,DSL,No,No,Yes,No internet service,No,No internet service,One year,No,Electronic check,36.51,554.86,No
CUST-06976,Female,0,No,Yes,31,Yes,No,DSL,No internet service,Yes,No,Yes,No,Yes,Month-to-month,Yes,Credit card (automatic),64.4,1961.26,No
CUST-06977,Female,0,Yes,No,40,Yes,Yes,Fiber optic,No,No,No internet service,No,No,No,Two year,Yes,Bank transfer (automatic),48.31,1899.89,No
CUST-06978,Male,0,Yes,No,12,Yes,No,No,No,No internet service,Yes,No internet service,No,No internet service,Month-to-month,Yes,Mailed check,73.06,843.04,No
CUST-06979,Female,0,No,Yes,15,Yes,Yes,Fiber optic,No internet service,No,No,Yes,No,Yes,Month-to-month,Yes,Mailed check,58.28,851.69,Yes
CUST-06980,Female,0,No,No,69,Yes,No,Fiber optic,Yes,No,Yes,No,No,Yes,Month-to-month,Yes,Bank transfer (automatic),76.07,4917.18,No
CUST-06981,Male,1,No,No,4,Yes,Yes,Fiber optic,No,No,Yes,No,No internet service,No internet service,Two year,Yes,Mailed check,44.45,169.64,No
CUST-06982,Female,0,No,No,7,Yes,Yes,Fiber optic,Yes,No,Yes,No,No internet service,No internet service,One year,Yes,Credit card (automatic),63.57,448.75,No
CUST-06983,Male,0,No,No,68,Yes,Yes,Fiber optic,No internet service,No internet service,Yes,No,No internet service,No,Two year,No,Electronic check,31.71,2165.89,No
CUST-06984,Male,0,No,No,47,No,Yes,DSL,No,No internet service,Yes,No,No,No internet service,Two year,Yes,Credit card (automatic),51.85,2634.79,No
CUST-06985,Female,1,Yes,Yes,66,Yes,Yes,Fiber optic,No,No,No,No internet service,Yes,No internet service,Month-to-month,Yes,Electronic check,38.61,2717.74,No
CUST-06986,Male,0,No,No,51,Yes,No,Fiber optic,No internet service,No internet service,No,No,Yes,Yes,Month-to-month,No,Electronic check,20.76,954.39,No
CUST-06987,Female,0,No,No,51,Yes,No phone service,Fiber optic,Yes,No internet service,Yes,Yes,No,No,One year,Yes,Bank transfer (automatic),46.24,2230.78,No
CUST-06988,Male,0,Yes,No,12,Yes,No,DSL,No,No internet service,Yes,No internet service,Yes,No,Month-to-month,Yes,Electronic check,30.35,392.44,No
CUST-06989,Female,0,Yes,No,37,No,Yes,Fiber optic,No,No,No,No,No,No internet service,Month-to-month,Yes,Mailed check,77.52,2761.97,No
CUST-06990,Female,1,Yes,No,26,Yes,Yes,DSL,No,No,No internet service,No,No internet service,No internet service,Month-to-month,Yes,Credit card (automatic),68.52,1773.58,No
CUST-06991,Female,0,Yes,Yes,19,Yes,No,DSL,Yes,No,No internet service,No,Yes,Yes,Month-to-month,Yes,Bank transfer (automatic),93.07,1830.22,Yes
CUST-06992,Female,0,No,No,8,Yes,No,No,Yes,No,Yes,No internet service,No internet service,Yes,Month-to-month,No,Mailed check,79.68,642.97,Yes
CUST-06993,Female,0,No,No,2,Yes,Yes,Fiber optic,No internet service,No,No,No,Yes,Yes,Month-to-month,Yes,Mailed check,35.55,64.06,No
CUST-06994,Female,0,Yes,No,40,Yes,No,DSL,Yes,No,Yes,No,No,No,Month-to-month,Yes,Electronic check,39.46,1485.77,No
CUST-06995,Male,0,No,Yes,21,Yes,Yes,No,No,Yes,No,No internet service,Yes,No internet service,One year,No,Electronic check,63.21,1221.33,Yes
CUST-06996,Male,0,No,No,7,Yes,No phone service,DSL,No,No,No,Yes,Yes,No,Month-to-month,Yes,Mailed check,76.87,502.32,Yes
CUST-06997,Female,1,Yes,Yes,43,Yes,Yes,Fiber optic,Yes,No,No,No internet service,No internet service,Yes,Two year,Yes,Mailed check,68.68,2744.96,No
CUST-06998,Female,0,Yes,No,31,Yes,No,Fiber optic,No,No,Yes,No,Yes,No internet service,Two year,No,Electronic check,31.24,992.22,No
CUST-06999,Female,0,Yes,No,5,Yes,No,Fiber optic,Yes,Yes,No,No,No internet service,No internet service,Month-to-month,Yes,Electronic check,56.4,276.73,Yes
CUST-07000,Female,0,Yes,Yes,11,Yes,No phone service,DSL,Yes,No,No,No internet service,Yes,Yes,Two year,No,Bank transfer (automatic),67.26,675.72,Yes
CUST-07001,Male,0,Yes,Yes,14,Yes,Yes,DSL,No internet service,No internet service,No internet service,No,Yes,No,Month-to-month,No,Mailed check,47.66,611.5,No
CUST-07002,Male,0,Yes,No,9,Yes,Yes,DSL,No,Yes,Yes,Yes,No,No,Month-to-month,No,Credit card (automatic),21.12,207.2,No
CUST-07003,Female,0,No,Yes,37,Yes,Yes,DSL,No,No internet service,No,No,Yes,Yes,Month-to-month,No,Electronic check,44.2,1522.48,No
CUST-07004,Female,0,No,No,28,Yes,Yes,DSL,No,Yes,No internet service,Yes,Yes,No,Month-to-month,No,Mailed check,26.67,710.0,No
CUST-07005,Male,0,No,No,36,Yes,Yes,No,No,Yes,No,Yes,Yes,Yes,Month-to-month,Yes,Mailed check,26.47,967.08,No
CUST-07006,Male,0,No,No,65,Yes,No,DSL,Yes,No,No,No,No internet service,No internet service,Month-to-month,No,Bank transfer (automatic),62.76,3824.12,No
CUST-07007,Female,0,No,No,20,Yes,No phone service,DSL,No,No internet service,Yes,Yes,No,No,One year,Yes,Credit card (automatic),79.97,1502.65,No
CUST-07008,Female,0,No,No,63,Yes,Yes,Fiber optic,No,No internet service,No,No,No,No,Two year,Yes,Electronic check,31.67,1824.65,No
CUST-07009,Male,0,No,No,16,Yes,No phone service,DSL,No,Yes,No,Yes,No,No,Two year,Yes,Credit card (automatic),33.78,592.45,No
CUST-07010,Male,0,No,No,13,Yes,Yes,Fiber optic,No,Yes,No internet service,No internet service,Yes,Yes,One year,Yes,Credit card (automatic),64.23,852.7,Yes
CUST-07011,Male,0,Yes,Yes,1,No,No phone service,Fiber optic,No,No internet service,No,No,Yes,No internet service,One year,No,Mailed check,67.11,67.51,No
CUST-07012,Female,1,No,No,28,Yes,No phone service,No,No,Yes,No,No,Yes,No internet service,Two year,No,Bank transfer (automatic),71.29,2151.29,Yes
CUST-07013,Female,0,Yes,No,61,Yes,Yes,DSL,No,Yes,No,Yes,Yes,No,Month-to-month,Yes,Electronic check,54.24,3371.12,No
CUST-07014,Female,1,Yes,No,63,Yes,Yes,DSL,No,No internet service,Yes,No,Yes,Yes,One year,No,Credit card (automatic),52.79,3168.18,No
CUST-07015,Female,0,Yes,No,8,Yes,Yes,DSL,No,Yes,Yes,No,No,No internet service,Month-to-month,No,Credit card (automatic),59.44,472.88,Yes
CUST-07016,Female,1,Yes,No,55,Yes,Yes,Fiber optic,Yes,No,No,Yes,No,No,One year,Yes,Credit card (automatic),22.09,1209.5,No
CUST-07017,Male,0,Yes,No,11,Yes,Yes,DSL,Yes,No internet service,No internet service,No internet service,No,Yes,Two year,No,Electronic check,29.47,317.56,No
CUST-07018,Female,0,No,No,45,Yes,No,Fiber optic,No,No,Yes,No internet service,No,No,Month-to-month,No,Electronic check,42.93,2029.85,No
CUST-07019,Male,0,No,Yes,50,Yes,Yes,No,Yes,No,Yes,No,Yes,Yes,Month-to-month,No,Mailed check,49.28,2271.65,No
CUST-07020,Female,1,No,No,20,Yes,No,Fiber optic,Yes,No,No,Yes,Yes,Yes,Two year,Yes,Electronic check,68.27,1272.34,Yes
CUST-07021,Female,1,Yes,No,27,No,Yes,Fiber optic,Yes,Yes,No,Yes,No,No,One year,No,Bank transfer (automatic),69.17,1819.85,Yes
CUST-07022,Female,0,Yes,Yes,6,Yes,Yes,Fiber optic,No,No internet service,No internet service,Yes,Yes,No internet service,Two year,Yes,Electronic check,60.67,332.8,No
CUST-07023,Female,0,No,Yes,51,Yes,No,DSL,No,No,No,Yes,Yes,No,Month-to-month,Yes,Mailed check,75.93,4249.91,No
CUST-07024,Male,1,No,No,44,Yes,No,No,Yes,No internet service,Yes,No internet service,No,Yes,Month-to-month,Yes,Credit card (automatic),76.45,3360.97,No
CUST-07025,Female,0,Yes,No,9,Yes,Yes,DSL,No,No internet service,No,No,No internet service,Yes,Month-to-month,No,Mailed check,50.75,415.65,No
CUST-07026,Male,0,Yes,No,36,Yes,No,No,No internet service,No,No,No internet service,Yes,Yes,One year,Yes,Electronic check,71.18,2617.78,No
CUST-07027,Male,0,Yes,No,57,Yes,No,No,Yes,Yes,No,No internet service,Yes,No,One year,Yes,Mailed check,64.21,3865.74,No
CUST-07028,Male,0,No,No,17,No,Yes,DSL,No,No internet service,No,No internet service,No,No internet service,Month-to-month,Yes,Bank transfer (automatic),41.63,694.65,No
CUST-07029,Female,0,Yes,No,19,Yes,Yes,No,No,Yes,No,No internet service,No,No internet service,One year,No,Electronic check,66.83,1264.83,Yes
CUST-07030,Male,0,No,Yes,21,Yes,No phone service,No,No,Yes,Yes,Yes,No internet service,No,Month-to-month,Yes,Credit card (automatic),77.16,1685.37,No
CUST-07031,Female,0,No,No,19,Yes,No,Fiber optic,No internet service,Yes,Yes,No,Yes,No,Two year,Yes,Credit card (automatic),65.84,1184.36,No
CUST-07032,Male,1,Yes,No,28,Yes,Yes,No,No internet service,No internet service,No,No,No internet service,No internet service,Month-to-month,No,Bank transfer (automatic),92.83,2650.01,Yes
CUST-07033,Male,0,No,No,24,Yes,No,Fiber optic,No,No,Yes,Yes,Yes,No,Month-to-month,Yes,Mailed check,88.63,2182.83,Yes
CUST-07034,Female,0,No,Yes,36,No,Yes,Fiber optic,No,No,No,No internet service,Yes,No,Two year,No,Mailed check,69.87,2668.58,No
CUST-07035,Male,0,No,No,12,Yes,Yes,Fiber optic,No,Yes,No,No internet service,Yes,Yes,Two year,Yes,Mailed check,66.21,856.66,Yes
CUST-07036,Male,0,No,No,13,Yes,No,No,No internet service,No,No internet service,No,No,Yes,Month-to-month,No,Mailed check,90.66,1282.5,Yes
CUST-07037,Male,0,Yes,Yes,45,Yes,Yes,Fiber optic,Yes,Yes,Yes,No internet service,No,No,One year,No,Bank transfer (automatic),60.66,2525.7,No
CUST-07038,Male,0,Yes,No,28,Yes,Yes,DSL,No internet service,Yes,No,No internet service,No,No internet service,One year,No,Electronic check,50.91,1515.65,No
CUST-07039,Male,0,No,Yes,47,Yes,Yes,Fiber optic,No,No,No internet service,No internet service,Yes,Yes,One year,No,Electronic check,29.94,1456.55,No
CUST-07040,Male,0,Yes,No,9,Yes,Yes,Fiber optic,No,Yes,Yes,Yes,No internet service,No,Month-to-month,No,Credit card (automatic),61.85,542.26,No
CUST-07041,Female,0,No,No,10,Yes,No,No,No,No internet service,No internet service,Yes,Yes,No,Month-to-month,No,Electronic check,34.83,377.75,No
CUST-07042,Male,0,No,Yes,19,Yes,No,DSL,No internet service,No,Yes,Yes,No,No,Two year,Yes,Bank transfer (automatic),97.44,1984.7,Yes
